0 verbose cli /usr/local/nvm/versions/node/v24.15.0/bin/node /usr/local/nvm/versions/node/v24.15.0/bin/npm
1 info using npm@11.14.1
2 info using node@v24.15.0
3 silly config load:file:/usr/local/nvm/versions/node/v24.15.0/lib/node_modules/npm/npmrc
4 silly config load:file:/home/student_03_fe23288f6891/monolith-to-microservices/react-app/.npmrc
5 silly config load:file:/home/student_03_fe23288f6891/.npmrc
6 silly config load:file:/usr/local/nvm/versions/node/v24.15.0/etc/npmrc
7 verbose title npm install
8 verbose argv "install"
9 verbose logfile logs-max:10 dir:/home/student_03_fe23288f6891/.npm/_logs/2026-05-24T21_18_58_290Z-
10 verbose logfile /home/student_03_fe23288f6891/.npm/_logs/2026-05-24T21_18_58_290Z-debug-0.log
11 silly logfile done cleaning log files
12 silly packumentCache heap:2348810240 maxSize:587202560 maxEntrySize:293601280
13 silly idealTree buildDeps
14 silly reify moves {}
15 silly audit bulk request {
15 silly audit   '@babel/code-frame': [ '7.18.6' ],
15 silly audit   '@babel/compat-data': [ '7.21.0' ],
15 silly audit   '@babel/core': [ '7.16.12' ],
15 silly audit   semver: [ '6.3.0', '7.3.8', '7.3.5' ],
15 silly audit   '@babel/eslint-parser': [ '7.21.3' ],
15 silly audit   'eslint-visitor-keys': [ '2.1.0', '3.3.0' ],
15 silly audit   '@babel/generator': [ '7.21.3' ],
15 silly audit   '@babel/helper-annotate-as-pure': [ '7.18.6' ],
15 silly audit   '@babel/helper-builder-binary-assignment-operator-visitor': [ '7.16.7' ],
15 silly audit   '@babel/helper-compilation-targets': [ '7.20.7' ],
15 silly audit   'lru-cache': [ '5.1.1', '6.0.0' ],
15 silly audit   yallist: [ '3.1.1', '4.0.0' ],
15 silly audit   '@babel/helper-create-class-features-plugin': [ '7.21.0' ],
15 silly audit   '@babel/helper-create-regexp-features-plugin': [ '7.16.7' ],
15 silly audit   '@babel/helper-define-polyfill-provider': [ '0.3.3' ],
15 silly audit   '@babel/helper-environment-visitor': [ '7.18.9' ],
15 silly audit   '@babel/helper-explode-assignable-expression': [ '7.16.7' ],
15 silly audit   '@babel/helper-function-name': [ '7.21.0' ],
15 silly audit   '@babel/helper-hoist-variables': [ '7.18.6' ],
15 silly audit   '@babel/helper-member-expression-to-functions': [ '7.21.0' ],
15 silly audit   '@babel/helper-module-imports': [ '7.18.6' ],
15 silly audit   '@babel/helper-module-transforms': [ '7.16.7' ],
15 silly audit   '@babel/helper-optimise-call-expression': [ '7.18.6' ],
15 silly audit   '@babel/helper-plugin-utils': [ '7.20.2' ],
15 silly audit   '@babel/helper-remap-async-to-generator': [ '7.16.8' ],
15 silly audit   '@babel/helper-replace-supers': [ '7.20.7' ],
15 silly audit   '@babel/helper-simple-access': [ '7.16.7' ],
15 silly audit   '@babel/helper-skip-transparent-expression-wrappers': [ '7.20.0' ],
15 silly audit   '@babel/helper-split-export-declaration': [ '7.18.6' ],
15 silly audit   '@babel/helper-string-parser': [ '7.19.4' ],
15 silly audit   '@babel/helper-validator-identifier': [ '7.19.1' ],
15 silly audit   '@babel/helper-validator-option': [ '7.21.0' ],
15 silly audit   '@babel/helper-wrap-function': [ '7.16.8' ],
15 silly audit   '@babel/helpers': [ '7.16.7' ],
15 silly audit   '@babel/highlight': [ '7.18.6' ],
15 silly audit   '@babel/parser': [ '7.21.3' ],
15 silly audit   '@babel/plugin-bugfix-safari-id-destructuring-collision-in-function-expression': [ '7.16.7' ],
15 silly audit   '@babel/plugin-bugfix-v8-spread-parameters-in-optional-chaining': [ '7.16.7' ],
15 silly audit   '@babel/plugin-proposal-async-generator-functions': [ '7.16.8' ],
15 silly audit   '@babel/plugin-proposal-class-properties': [ '7.16.7' ],
15 silly audit   '@babel/plugin-proposal-class-static-block': [ '7.16.7' ],
15 silly audit   '@babel/plugin-proposal-decorators': [ '7.21.0' ],
15 silly audit   '@babel/plugin-proposal-dynamic-import': [ '7.16.7' ],
15 silly audit   '@babel/plugin-proposal-export-namespace-from': [ '7.16.7' ],
15 silly audit   '@babel/plugin-proposal-json-strings': [ '7.16.7' ],
15 silly audit   '@babel/plugin-proposal-logical-assignment-operators': [ '7.16.7' ],
15 silly audit   '@babel/plugin-proposal-nullish-coalescing-operator': [ '7.16.7' ],
15 silly audit   '@babel/plugin-proposal-numeric-separator': [ '7.16.7' ],
15 silly audit   '@babel/plugin-proposal-object-rest-spread': [ '7.16.7' ],
15 silly audit   '@babel/plugin-proposal-optional-catch-binding': [ '7.16.7' ],
15 silly audit   '@babel/plugin-proposal-optional-chaining': [ '7.16.7' ],
15 silly audit   '@babel/plugin-proposal-private-methods': [ '7.16.11' ],
15 silly audit   '@babel/plugin-proposal-private-property-in-object': [ '7.16.7' ],
15 silly audit   '@babel/plugin-proposal-unicode-property-regex': [ '7.16.7' ],
15 silly audit   '@babel/plugin-syntax-async-generators': [ '7.8.4' ],
15 silly audit   '@babel/plugin-syntax-bigint': [ '7.8.3' ],
15 silly audit   '@babel/plugin-syntax-class-properties': [ '7.12.13' ],
15 silly audit   '@babel/plugin-syntax-class-static-block': [ '7.14.5' ],
15 silly audit   '@babel/plugin-syntax-decorators': [ '7.21.0' ],
15 silly audit   '@babel/plugin-syntax-dynamic-import': [ '7.8.3' ],
15 silly audit   '@babel/plugin-syntax-export-namespace-from': [ '7.8.3' ],
15 silly audit   '@babel/plugin-syntax-flow': [ '7.18.6' ],
15 silly audit   '@babel/plugin-syntax-import-meta': [ '7.10.4' ],
15 silly audit   '@babel/plugin-syntax-json-strings': [ '7.8.3' ],
15 silly audit   '@babel/plugin-syntax-jsx': [ '7.16.7' ],
15 silly audit   '@babel/plugin-syntax-logical-assignment-operators': [ '7.10.4' ],
15 silly audit   '@babel/plugin-syntax-nullish-coalescing-operator': [ '7.8.3' ],
15 silly audit   '@babel/plugin-syntax-numeric-separator': [ '7.10.4' ],
15 silly audit   '@babel/plugin-syntax-object-rest-spread': [ '7.8.3' ],
15 silly audit   '@babel/plugin-syntax-optional-catch-binding': [ '7.8.3' ],
15 silly audit   '@babel/plugin-syntax-optional-chaining': [ '7.8.3' ],
15 silly audit   '@babel/plugin-syntax-private-property-in-object': [ '7.14.5' ],
15 silly audit   '@babel/plugin-syntax-top-level-await': [ '7.14.5' ],
15 silly audit   '@babel/plugin-syntax-typescript': [ '7.20.0' ],
15 silly audit   '@babel/plugin-transform-arrow-functions': [ '7.16.7' ],
15 silly audit   '@babel/plugin-transform-async-to-generator': [ '7.16.8' ],
15 silly audit   '@babel/plugin-transform-block-scoped-functions': [ '7.16.7' ],
15 silly audit   '@babel/plugin-transform-block-scoping': [ '7.16.7' ],
15 silly audit   '@babel/plugin-transform-classes': [ '7.16.7' ],
15 silly audit   '@babel/plugin-transform-computed-properties': [ '7.16.7' ],
15 silly audit   '@babel/plugin-transform-destructuring': [ '7.16.7' ],
15 silly audit   '@babel/plugin-transform-dotall-regex': [ '7.16.7' ],
15 silly audit   '@babel/plugin-transform-duplicate-keys': [ '7.16.7' ],
15 silly audit   '@babel/plugin-transform-exponentiation-operator': [ '7.16.7' ],
15 silly audit   '@babel/plugin-transform-flow-strip-types': [ '7.21.0' ],
15 silly audit   '@babel/plugin-transform-for-of': [ '7.16.7' ],
15 silly audit   '@babel/plugin-transform-function-name': [ '7.16.7' ],
15 silly audit   '@babel/plugin-transform-literals': [ '7.16.7' ],
15 silly audit   '@babel/plugin-transform-member-expression-literals': [ '7.16.7' ],
15 silly audit   '@babel/plugin-transform-modules-amd': [ '7.16.7' ],
15 silly audit   '@babel/plugin-transform-modules-commonjs': [ '7.16.8' ],
15 silly audit   '@babel/plugin-transform-modules-systemjs': [ '7.16.7' ],
15 silly audit   '@babel/plugin-transform-modules-umd': [ '7.16.7' ],
15 silly audit   '@babel/plugin-transform-named-capturing-groups-regex': [ '7.16.8' ],
15 silly audit   '@babel/plugin-transform-new-target': [ '7.16.7' ],
15 silly audit   '@babel/plugin-transform-object-super': [ '7.16.7' ],
15 silly audit   '@babel/plugin-transform-parameters': [ '7.16.7' ],
15 silly audit   '@babel/plugin-transform-property-literals': [ '7.16.7' ],
15 silly audit   '@babel/plugin-transform-react-constant-elements': [ '7.16.7' ],
15 silly audit   '@babel/plugin-transform-react-display-name': [ '7.16.7' ],
15 silly audit   '@babel/plugin-transform-react-jsx': [ '7.16.7' ],
15 silly audit   '@babel/plugin-transform-react-jsx-development': [ '7.16.7' ],
15 silly audit   '@babel/plugin-transform-react-pure-annotations': [ '7.16.7' ],
15 silly audit   '@babel/plugin-transform-regenerator': [ '7.16.7' ],
15 silly audit   '@babel/plugin-transform-reserved-words': [ '7.16.7' ],
15 silly audit   '@babel/plugin-transform-runtime': [ '7.21.0' ],
15 silly audit   'babel-plugin-polyfill-corejs3': [ '0.6.0', '0.5.1' ],
15 silly audit   'babel-plugin-polyfill-regenerator': [ '0.4.1', '0.3.1' ],
15 silly audit   '@babel/plugin-transform-shorthand-properties': [ '7.16.7' ],
15 silly audit   '@babel/plugin-transform-spread': [ '7.16.7' ],
15 silly audit   '@babel/plugin-transform-sticky-regex': [ '7.16.7' ],
15 silly audit   '@babel/plugin-transform-template-literals': [ '7.16.7' ],
15 silly audit   '@babel/plugin-transform-typeof-symbol': [ '7.16.7' ],
15 silly audit   '@babel/plugin-transform-typescript': [ '7.21.3' ],
15 silly audit   '@babel/plugin-transform-unicode-escapes': [ '7.16.7' ],
15 silly audit   '@babel/plugin-transform-unicode-regex': [ '7.16.7' ],
15 silly audit   '@babel/preset-env': [ '7.16.11' ],
15 silly audit   '@babel/preset-modules': [ '0.1.5' ],
15 silly audit   '@babel/preset-react': [ '7.16.7' ],
15 silly audit   '@babel/preset-typescript': [ '7.21.0' ],
15 silly audit   '@babel/runtime': [ '7.21.0' ],
15 silly audit   '@babel/template': [ '7.20.7' ],
15 silly audit   '@babel/traverse': [ '7.21.3' ],
15 silly audit   '@babel/types': [ '7.21.3' ],
15 silly audit   '@bcoe/v8-coverage': [ '0.2.3' ],
15 silly audit   '@csstools/normalize.css': [ '12.0.0' ],
15 silly audit   '@emotion/babel-plugin': [ '11.7.2' ],
15 silly audit   'babel-plugin-macros': [ '2.8.0', '3.1.0' ],
15 silly audit   cosmiconfig: [ '6.0.0', '7.0.1' ],
15 silly audit   'escape-string-regexp': [ '4.0.0', '1.0.5', '2.0.0' ],
15 silly audit   '@emotion/cache': [ '11.7.1' ],
15 silly audit   '@emotion/hash': [ '0.8.0' ],
15 silly audit   '@emotion/is-prop-valid': [ '1.1.1' ],
15 silly audit   '@emotion/memoize': [ '0.7.5' ],
15 silly audit   '@emotion/react': [ '11.7.1' ],
15 silly audit   '@emotion/serialize': [ '1.0.2' ],
15 silly audit   '@emotion/sheet': [ '1.1.0' ],
15 silly audit   '@emotion/styled': [ '11.6.0' ],
15 silly audit   '@emotion/unitless': [ '0.7.5' ],
15 silly audit   '@emotion/utils': [ '1.0.0' ],
15 silly audit   '@emotion/weak-memoize': [ '0.2.5' ],
15 silly audit   '@eslint-community/eslint-utils': [ '4.2.0' ],
15 silly audit   '@eslint-community/regexpp': [ '4.4.0' ],
15 silly audit   '@eslint/eslintrc': [ '1.0.5' ],
15 silly audit   argparse: [ '2.0.1', '1.0.10' ],
15 silly audit   globals: [ '13.12.0', '11.12.0' ],
15 silly audit   ignore: [ '4.0.6', '5.2.0' ],
15 silly audit   'js-yaml': [ '4.1.0', '3.14.1' ],
15 silly audit   'type-fest': [ '0.20.2', '0.16.0', '0.21.3' ],
15 silly audit   '@humanwhocodes/config-array': [ '0.9.2' ],
15 silly audit   '@humanwhocodes/object-schema': [ '1.2.1' ],
15 silly audit   '@istanbuljs/load-nyc-config': [ '1.1.0' ],
15 silly audit   camelcase: [ '5.3.1', '6.3.0' ],
15 silly audit   'find-up': [ '4.1.0', '5.0.0', '3.0.0' ],
15 silly audit   'locate-path': [ '5.0.0', '6.0.0', '3.0.0' ],
15 silly audit   'p-limit': [ '2.3.0', '3.1.0' ],
15 silly audit   'p-locate': [ '4.1.0', '5.0.0', '3.0.0' ],
15 silly audit   '@istanbuljs/schema': [ '0.1.3' ],
15 silly audit   '@jest/console': [ '27.4.6' ],
15 silly audit   'ansi-styles': [ '4.3.0', '3.2.1', '5.2.0' ],
15 silly audit   chalk: [ '4.1.2', '2.4.2' ],
15 silly audit   'color-convert': [ '2.0.1', '1.9.3' ],
15 silly audit   'color-name': [ '1.1.4', '1.1.3' ],
15 silly audit   'has-flag': [ '4.0.0', '3.0.0' ],
15 silly audit   'supports-color': [ '7.2.0', '8.1.1', '5.5.0' ],
15 silly audit   '@jest/core': [ '27.4.7' ],
15 silly audit   '@jest/environment': [ '27.4.6' ],
15 silly audit   '@jest/fake-timers': [ '27.4.6' ],
15 silly audit   '@jest/globals': [ '27.4.6' ],
15 silly audit   '@jest/reporters': [ '27.4.6' ],
15 silly audit   'source-map': [ '0.6.1', '0.7.3', '0.5.7', '0.8.0-beta.0' ],
15 silly audit   '@jest/source-map': [ '27.4.0' ],
15 silly audit   '@jest/test-result': [ '27.4.6' ],
15 silly audit   '@jest/test-sequencer': [ '27.4.6' ],
15 silly audit   '@jest/transform': [ '27.4.6' ],
15 silly audit   '@jest/types': [ '27.4.2' ],
15 silly audit   '@jridgewell/gen-mapping': [ '0.3.5' ],
15 silly audit   '@jridgewell/resolve-uri': [ '3.1.0' ],
15 silly audit   '@jridgewell/set-array': [ '1.2.1' ],
15 silly audit   '@jridgewell/source-map': [ '0.3.6' ],
15 silly audit   '@jridgewell/sourcemap-codec': [ '1.4.14' ],
15 silly audit   '@jridgewell/trace-mapping': [ '0.3.25' ],
15 silly audit   '@mui/base': [ '5.0.0-alpha.66' ],
15 silly audit   'react-is': [ '17.0.2', '16.13.1' ],
15 silly audit   '@mui/material': [ '5.3.1' ],
15 silly audit   '@mui/private-theming': [ '5.3.0' ],
15 silly audit   '@mui/styled-engine': [ '5.3.0' ],
15 silly audit   '@mui/styles': [ '5.3.0' ],
15 silly audit   '@mui/system': [ '5.3.0' ],
15 silly audit   '@mui/types': [ '7.1.0' ],
15 silly audit   '@mui/utils': [ '5.3.0' ],
15 silly audit   '@nicolo-ribaudo/eslint-scope-5-internals': [ '5.1.1-v1' ],
15 silly audit   'eslint-scope': [ '5.1.1', '7.1.0' ],
15 silly audit   estraverse: [ '4.3.0', '5.3.0' ],
15 silly audit   '@nodelib/fs.scandir': [ '2.1.5' ],
15 silly audit   '@nodelib/fs.stat': [ '2.0.5' ],
15 silly audit   '@nodelib/fs.walk': [ '1.2.8' ],
15 silly audit   '@pmmmwh/react-refresh-webpack-plugin': [ '0.5.4' ],
15 silly audit   '@popperjs/core': [ '2.11.2' ],
15 silly audit   '@rollup/plugin-babel': [ '5.3.0' ],
15 silly audit   '@rollup/plugin-node-resolve': [ '11.2.1' ],
15 silly audit   '@rollup/plugin-replace': [ '2.4.2' ],
15 silly audit   '@rollup/pluginutils': [ '3.1.0' ],
15 silly audit   '@types/estree': [ '0.0.39', '1.0.5' ],
15 silly audit   '@rushstack/eslint-patch': [ '1.2.0' ],
15 silly audit   '@sinonjs/commons': [ '1.8.3' ],
15 silly audit   '@sinonjs/fake-timers': [ '8.1.0' ],
15 silly audit   '@surma/rollup-plugin-off-main-thread': [ '2.2.3' ],
15 silly audit   '@svgr/babel-plugin-add-jsx-attribute': [ '5.4.0' ],
15 silly audit   '@svgr/babel-plugin-remove-jsx-attribute': [ '5.4.0' ],
15 silly audit   '@svgr/babel-plugin-remove-jsx-empty-expression': [ '5.0.1' ],
15 silly audit   '@svgr/babel-plugin-replace-jsx-attribute-value': [ '5.0.1' ],
15 silly audit   '@svgr/babel-plugin-svg-dynamic-title': [ '5.4.0' ],
15 silly audit   '@svgr/babel-plugin-svg-em-dimensions': [ '5.4.0' ],
15 silly audit   '@svgr/babel-plugin-transform-react-native-svg': [ '5.4.0' ],
15 silly audit   '@svgr/babel-plugin-transform-svg-component': [ '5.5.0' ],
15 silly audit   '@svgr/babel-preset': [ '5.5.0' ],
15 silly audit   '@svgr/core': [ '5.5.0' ],
15 silly audit   '@svgr/hast-util-to-babel-ast': [ '5.5.0' ],
15 silly audit   '@svgr/plugin-jsx': [ '5.5.0' ],
15 silly audit   '@svgr/plugin-svgo': [ '5.5.0' ],
15 silly audit   '@svgr/webpack': [ '5.5.0' ],
15 silly audit   '@tootallnate/once': [ '1.1.2' ],
15 silly audit   '@trysound/sax': [ '0.2.0' ],
15 silly audit   '@types/babel__core': [ '7.1.18' ],
15 silly audit   '@types/babel__generator': [ '7.6.4' ],
15 silly audit   '@types/babel__template': [ '7.4.1' ],
15 silly audit   '@types/babel__traverse': [ '7.14.2' ],
15 silly audit   '@types/body-parser': [ '1.19.2' ],
15 silly audit   '@types/bonjour': [ '3.5.10' ],
15 silly audit   '@types/connect': [ '3.4.35' ],
15 silly audit   '@types/connect-history-api-fallback': [ '1.3.5' ],
15 silly audit   '@types/eslint': [ '7.29.0' ],
15 silly audit   '@types/express': [ '4.17.13' ],
15 silly audit   '@types/express-serve-static-core': [ '4.17.28' ],
15 silly audit   '@types/graceful-fs': [ '4.1.5' ],
15 silly audit   '@types/html-minifier-terser': [ '6.1.0' ],
15 silly audit   '@types/http-proxy': [ '1.17.8' ],
15 silly audit   '@types/istanbul-lib-coverage': [ '2.0.4' ],
15 silly audit   '@types/istanbul-lib-report': [ '3.0.0' ],
15 silly audit   '@types/istanbul-reports': [ '3.0.1' ],
15 silly audit   '@types/json-schema': [ '7.0.9' ],
15 silly audit   '@types/json5': [ '0.0.29' ],
15 silly audit   '@types/mime': [ '1.3.2' ],
15 silly audit   '@types/node': [ '17.0.10' ],
15 silly audit   '@types/parse-json': [ '4.0.0' ],
15 silly audit   '@types/prettier': [ '2.4.3' ],
15 silly audit   '@types/prop-types': [ '15.7.4' ],
15 silly audit   '@types/q': [ '1.5.5' ],
15 silly audit   '@types/qs': [ '6.9.7' ],
15 silly audit   '@types/range-parser': [ '1.2.4' ],
15 silly audit   '@types/react': [ '17.0.38' ],
15 silly audit   '@types/react-is': [ '17.0.3' ],
15 silly audit   '@types/react-transition-group': [ '4.4.4' ],
15 silly audit   '@types/resolve': [ '1.17.1' ],
15 silly audit   '@types/retry': [ '0.12.1' ],
15 silly audit   '@types/scheduler': [ '0.16.2' ],
15 silly audit   '@types/semver': [ '7.3.13' ],
15 silly audit   '@types/serve-index': [ '1.9.1' ],
15 silly audit   '@types/serve-static': [ '1.13.10' ],
15 silly audit   '@types/sockjs': [ '0.3.33' ],
15 silly audit   '@types/stack-utils': [ '2.0.1' ],
15 silly audit   '@types/trusted-types': [ '2.0.2' ],
15 silly audit   '@types/ws': [ '8.2.2' ],
15 silly audit   '@types/yargs': [ '16.0.4' ],
15 silly audit   '@types/yargs-parser': [ '20.2.1' ],
15 silly audit   '@typescript-eslint/eslint-plugin': [ '5.55.0' ],
15 silly audit   debug: [ '4.3.4', '2.6.9', '4.3.3', '3.2.7' ],
15 silly audit   '@typescript-eslint/experimental-utils': [ '5.55.0' ],
15 silly audit   '@typescript-eslint/parser': [ '5.55.0' ],
15 silly audit   '@typescript-eslint/scope-manager': [ '5.55.0' ],
15 silly audit   '@typescript-eslint/type-utils': [ '5.55.0' ],
15 silly audit   '@typescript-eslint/types': [ '5.55.0' ],
15 silly audit   '@typescript-eslint/typescript-estree': [ '5.55.0' ],
15 silly audit   '@typescript-eslint/utils': [ '5.55.0' ],
15 silly audit   '@typescript-eslint/visitor-keys': [ '5.55.0' ],
15 silly audit   '@webassemblyjs/ast': [ '1.12.1' ],
15 silly audit   '@webassemblyjs/floating-point-hex-parser': [ '1.11.6' ],
15 silly audit   '@webassemblyjs/helper-api-error': [ '1.11.6' ],
15 silly audit   '@webassemblyjs/helper-buffer': [ '1.12.1' ],
15 silly audit   '@webassemblyjs/helper-numbers': [ '1.11.6' ],
15 silly audit   '@webassemblyjs/helper-wasm-bytecode': [ '1.11.6' ],
15 silly audit   '@webassemblyjs/helper-wasm-section': [ '1.12.1' ],
15 silly audit   '@webassemblyjs/ieee754': [ '1.11.6' ],
15 silly audit   '@webassemblyjs/leb128': [ '1.11.6' ],
15 silly audit   '@webassemblyjs/utf8': [ '1.11.6' ],
15 silly audit   '@webassemblyjs/wasm-edit': [ '1.12.1' ],
15 silly audit   '@webassemblyjs/wasm-gen': [ '1.12.1' ],
15 silly audit   '@webassemblyjs/wasm-opt': [ '1.12.1' ],
15 silly audit   '@webassemblyjs/wasm-parser': [ '1.12.1' ],
15 silly audit   '@webassemblyjs/wast-printer': [ '1.12.1' ],
15 silly audit   '@xtuc/ieee754': [ '1.2.0' ],
15 silly audit   '@xtuc/long': [ '4.2.2' ],
15 silly audit   abab: [ '2.0.5' ],
15 silly audit   accepts: [ '1.3.8' ],
15 silly audit   acorn: [ '8.8.2', '7.4.1' ],
15 silly audit   'acorn-globals': [ '6.0.0' ],
15 silly audit   'acorn-import-attributes': [ '1.9.5' ],
15 silly audit   'acorn-jsx': [ '5.3.2' ],
15 silly audit   'acorn-node': [ '1.8.2' ],
15 silly audit   'acorn-walk': [ '7.2.0' ],
15 silly audit   address: [ '1.2.2' ],
15 silly audit   'adjust-sourcemap-loader': [ '4.0.0' ],
15 silly audit   'agent-base': [ '6.0.2' ],
15 silly audit   'aggregate-error': [ '3.1.0' ],
15 silly audit   ajv: [ '6.12.6', '8.9.0' ],
15 silly audit   'ajv-formats': [ '2.1.1' ],
15 silly audit   'json-schema-traverse': [ '1.0.0', '0.4.1' ],
15 silly audit   'ajv-keywords': [ '3.5.2', '5.1.0' ],
15 silly audit   'ansi-escapes': [ '4.3.2' ],
15 silly audit   'ansi-html-community': [ '0.0.8' ],
15 silly audit   'ansi-regex': [ '5.0.1', '6.0.1' ],
15 silly audit   anymatch: [ '3.1.2' ],
15 silly audit   arg: [ '5.0.1' ],
15 silly audit   'aria-query': [ '5.1.3' ],
15 silly audit   'deep-equal': [ '2.2.0', '1.1.1' ],
15 silly audit   isarray: [ '2.0.5', '1.0.0', '0.0.1' ],
15 silly audit   'array-buffer-byte-length': [ '1.0.0' ],
15 silly audit   'array-flatten': [ '2.1.2', '1.1.1' ],
15 silly audit   'array-includes': [ '3.1.6' ],
15 silly audit   'array-union': [ '2.1.0' ],
15 silly audit   'array.prototype.flat': [ '1.3.1' ],
15 silly audit   'array.prototype.flatmap': [ '1.3.1' ],
15 silly audit   'array.prototype.tosorted': [ '1.1.1' ],
15 silly audit   asap: [ '2.0.6' ],
15 silly audit   'ast-types-flow': [ '0.0.7' ],
15 silly audit   async: [ '2.6.4', '3.2.4' ],
15 silly audit   asynckit: [ '0.4.0' ],
15 silly audit   'at-least-node': [ '1.0.0' ],
15 silly audit   autoprefixer: [ '10.4.2' ],
15 silly audit   'available-typed-arrays': [ '1.0.5' ],
15 silly audit   'axe-core': [ '4.6.3' ],
15 silly audit   'axobject-query': [ '3.1.1' ],
15 silly audit   'babel-jest': [ '27.4.6' ],
15 silly audit   'babel-loader': [ '8.2.3' ],
15 silly audit   json5: [ '1.0.2', '2.2.3' ],
15 silly audit   'loader-utils': [ '1.4.2', '2.0.4', '3.2.1' ],
15 silly audit   'schema-utils': [ '2.7.1', '4.0.0', '2.7.0', '3.3.0' ],
15 silly audit   'babel-plugin-dynamic-import-node': [ '2.3.3' ],
15 silly audit   'babel-plugin-istanbul': [ '6.1.1' ],
15 silly audit   'babel-plugin-jest-hoist': [ '27.4.0' ],
15 silly audit   'babel-plugin-named-asset-import': [ '0.3.8' ],
15 silly audit   'babel-plugin-polyfill-corejs2': [ '0.3.3' ],
15 silly audit   'babel-plugin-transform-react-remove-prop-types': [ '0.4.24' ],
15 silly audit   'babel-preset-current-node-syntax': [ '1.0.1' ],
15 silly audit   'babel-preset-jest': [ '27.4.0' ],
15 silly audit   'babel-preset-react-app': [ '10.0.1' ],
15 silly audit   'balanced-match': [ '1.0.0' ],
15 silly audit   batch: [ '0.6.1' ],
15 silly audit   bfj: [ '7.0.2' ],
15 silly audit   'big.js': [ '5.2.2' ],
15 silly audit   'binary-extensions': [ '2.2.0' ],
15 silly audit   bluebird: [ '3.7.2' ],
15 silly audit   'body-parser': [ '1.20.3' ],
15 silly audit   bytes: [ '3.1.2', '3.0.0' ],
15 silly audit   depd: [ '2.0.0', '1.1.2' ],
15 silly audit   ms: [ '2.0.0', '2.1.2', '2.1.3' ],
15 silly audit   bonjour: [ '3.5.0' ],
15 silly audit   boolbase: [ '1.0.0' ],
15 silly audit   'brace-expansion': [ '1.1.11', '2.0.1' ],
15 silly audit   braces: [ '3.0.3' ],
15 silly audit   'browser-process-hrtime': [ '1.0.0' ],
15 silly audit   browserslist: [ '4.23.3' ],
15 silly audit   bser: [ '2.1.1' ],
15 silly audit   'buffer-from': [ '1.1.2' ],
15 silly audit   'buffer-indexof': [ '1.1.1' ],
15 silly audit   'builtin-modules': [ '3.2.0' ],
15 silly audit   'call-bind': [ '1.0.7' ],
15 silly audit   callsites: [ '3.1.0' ],
15 silly audit   'camel-case': [ '4.1.2' ],
15 silly audit   'camelcase-css': [ '2.0.1' ],
15 silly audit   'caniuse-api': [ '3.0.0' ],
15 silly audit   'caniuse-lite': [ '1.0.30001655' ],
15 silly audit   'case-sensitive-paths-webpack-plugin': [ '2.4.0' ],
15 silly audit   'char-regex': [ '1.0.2', '2.0.0' ],
15 silly audit   'check-types': [ '11.1.2' ],
15 silly audit   chokidar: [ '3.5.3' ],
15 silly audit   'glob-parent': [ '5.1.2', '6.0.2' ],
15 silly audit   'chrome-trace-event': [ '1.0.3' ],
15 silly audit   'ci-info': [ '3.3.0' ],
15 silly audit   'cjs-module-lexer': [ '1.2.2' ],
15 silly audit   'clean-css': [ '5.2.2' ],
15 silly audit   'clean-stack': [ '2.2.0' ],
15 silly audit   cliui: [ '7.0.4' ],
15 silly audit   clsx: [ '1.1.1' ],
15 silly audit   co: [ '4.6.0' ],
15 silly audit   coa: [ '2.0.2' ],
15 silly audit   'collect-v8-coverage': [ '1.0.1' ],
15 silly audit   colord: [ '2.9.2' ],
15 silly audit   colorette: [ '2.0.16' ],
15 silly audit   'combined-stream': [ '1.0.8' ],
15 silly audit   commander: [ '2.20.0', '4.1.1', '8.3.0', '7.2.0' ],
15 silly audit   'common-path-prefix': [ '3.0.0' ],
15 silly audit   'common-tags': [ '1.8.2' ],
15 silly audit   commondir: [ '1.0.1' ],
15 silly audit   compressible: [ '2.0.18' ],
15 silly audit   compression: [ '1.7.4' ],
15 silly audit   'concat-map': [ '0.0.1' ],
15 silly audit   'confusing-browser-globals': [ '1.0.11' ],
15 silly audit   'connect-history-api-fallback': [ '1.6.0' ],
15 silly audit   'content-disposition': [ '0.5.4' ],
15 silly audit   'safe-buffer': [ '5.2.1', '5.1.2' ],
15 silly audit   'content-type': [ '1.0.5' ],
15 silly audit   'convert-source-map': [ '1.8.0' ],
15 silly audit   cookie: [ '0.6.0' ],
15 silly audit   'cookie-signature': [ '1.0.6' ],
15 silly audit   'core-js': [ '3.20.3' ],
15 silly audit   'core-js-compat': [ '3.29.1' ],
15 silly audit   'core-js-pure': [ '3.20.3' ],
15 silly audit   'core-util-is': [ '1.0.3' ],
15 silly audit   'cross-spawn': [ '7.0.3' ],
15 silly audit   which: [ '2.0.2', '1.3.1' ],
15 silly audit   'crypto-random-string': [ '2.0.0' ],
15 silly audit   'css-blank-pseudo': [ '3.0.2' ],
15 silly audit   'css-declaration-sorter': [ '6.1.4' ],
15 silly audit   'css-has-pseudo': [ '3.0.3' ],
15 silly audit   'css-loader': [ '6.5.1' ],
15 silly audit   'css-minimizer-webpack-plugin': [ '3.4.1' ],
15 silly audit   'css-prefers-color-scheme': [ '6.0.2' ],
15 silly audit   'css-select': [ '4.2.1', '2.1.0' ],
15 silly audit   'css-select-base-adapter': [ '0.1.1' ],
15 silly audit   'css-tree': [ '1.0.0-alpha.37', '1.1.3' ],
15 silly audit   'css-vendor': [ '2.0.8' ],
15 silly audit   'css-what': [ '5.1.0', '3.4.2' ],
15 silly audit   cssdb: [ '5.1.0' ],
15 silly audit   cssesc: [ '3.0.0' ],
15 silly audit   cssnano: [ '5.0.16' ],
15 silly audit   'cssnano-preset-default': [ '5.1.11' ],
15 silly audit   'cssnano-utils': [ '3.0.1' ],
15 silly audit   csso: [ '4.2.0' ],
15 silly audit   'mdn-data': [ '2.0.14', '2.0.4' ],
15 silly audit   cssom: [ '0.4.4', '0.3.8' ],
15 silly audit   cssstyle: [ '2.3.0' ],
15 silly audit   csstype: [ '3.0.10' ],
15 silly audit   'damerau-levenshtein': [ '1.0.8' ],
15 silly audit   'data-urls': [ '2.0.0' ],
15 silly audit   'decimal.js': [ '10.3.1' ],
15 silly audit   dedent: [ '0.7.0' ],
15 silly audit   'deep-is': [ '0.1.4' ],
15 silly audit   deepmerge: [ '4.2.2' ],
15 silly audit   'default-gateway': [ '6.0.3' ],
15 silly audit   'define-data-property': [ '1.1.4' ],
15 silly audit   'define-lazy-prop': [ '2.0.0' ],
15 silly audit   'define-properties': [ '1.2.0' ],
15 silly audit   defined: [ '1.0.0' ],
15 silly audit   del: [ '6.0.0' ],
15 silly audit   'delayed-stream': [ '1.0.0' ],
15 silly audit   destroy: [ '1.2.0' ],
15 silly audit   'detect-newline': [ '3.1.0' ],
15 silly audit   'detect-node': [ '2.1.0' ],
15 silly audit   'detect-port-alt': [ '1.1.6' ],
15 silly audit   detective: [ '5.2.0' ],
15 silly audit   didyoumean: [ '1.2.2' ],
15 silly audit   'diff-sequences': [ '27.4.0' ],
15 silly audit   'dir-glob': [ '3.0.1' ],
15 silly audit   dlv: [ '1.1.3' ],
15 silly audit   'dns-equal': [ '1.0.0' ],
15 silly audit   'dns-packet': [ '1.3.4' ],
15 silly audit   'dns-txt': [ '2.0.2' ],
15 silly audit   doctrine: [ '3.0.0', '2.1.0' ],
15 silly audit   'dom-converter': [ '0.2.0' ],
15 silly audit   'dom-helpers': [ '5.2.1' ],
15 silly audit   'dom-serializer': [ '1.3.2', '0.2.2' ],
15 silly audit   domelementtype: [ '2.2.0', '1.3.1' ],
15 silly audit   domexception: [ '2.0.1' ],
15 silly audit   'webidl-conversions': [ '5.0.0', '6.1.0', '4.0.2' ],
15 silly audit   domhandler: [ '4.3.0' ],
15 silly audit   domutils: [ '2.8.0', '1.7.0' ],
15 silly audit   'dot-case': [ '3.0.4' ],
15 silly audit   dotenv: [ '10.0.0' ],
15 silly audit   'dotenv-expand': [ '5.1.0' ],
15 silly audit   duplexer: [ '0.1.2' ],
15 silly audit   'ee-first': [ '1.1.1' ],
15 silly audit   ejs: [ '3.1.10' ],
15 silly audit   'electron-to-chromium': [ '1.5.13' ],
15 silly audit   emittery: [ '0.8.1' ],
15 silly audit   'emoji-regex': [ '9.2.2', '8.0.0' ],
15 silly audit   'emojis-list': [ '3.0.0' ],
15 silly audit   encodeurl: [ '2.0.0', '1.0.2' ],
15 silly audit   'enhanced-resolve': [ '5.17.1' ],
15 silly audit   entities: [ '2.2.0' ],
15 silly audit   'env-cmd': [ '10.1.0' ],
15 silly audit   'error-ex': [ '1.3.2' ],
15 silly audit   'error-stack-parser': [ '2.0.6' ],
15 silly audit   'es-abstract': [ '1.21.2' ],
15 silly audit   'es-define-property': [ '1.0.0' ],
15 silly audit   'es-errors': [ '1.3.0' ],
15 silly audit   'es-get-iterator': [ '1.1.3' ],
15 silly audit   'es-module-lexer': [ '1.5.4' ],
15 silly audit   'es-set-tostringtag': [ '2.0.1' ],
15 silly audit   'es-shim-unscopables': [ '1.0.0' ],
15 silly audit   'es-to-primitive': [ '1.2.1' ],
15 silly audit   escalade: [ '3.2.0' ],
15 silly audit   'escape-html': [ '1.0.3' ],
15 silly audit   escodegen: [ '2.0.0' ],
15 silly audit   levn: [ '0.3.0', '0.4.1' ],
15 silly audit   optionator: [ '0.8.3', '0.9.1' ],
15 silly audit   'prelude-ls': [ '1.1.2', '1.2.1' ],
15 silly audit   'type-check': [ '0.3.2', '0.4.0' ],
15 silly audit   eslint: [ '8.7.0' ],
15 silly audit   'eslint-config-react-app': [ '7.0.1' ],
15 silly audit   'eslint-import-resolver-node': [ '0.3.7' ],
15 silly audit   resolve: [ '1.22.1', '2.0.0-next.4', '1.22.0' ],
15 silly audit   'eslint-module-utils': [ '2.7.4' ],
15 silly audit   'eslint-plugin-flowtype': [ '8.0.3' ],
15 silly audit   'eslint-plugin-import': [ '2.27.5' ],
15 silly audit   'eslint-plugin-jest': [ '25.7.0' ],
15 silly audit   'eslint-plugin-jsx-a11y': [ '6.7.1' ],
15 silly audit   'eslint-plugin-react': [ '7.32.2' ],
15 silly audit   'eslint-plugin-react-hooks': [ '4.6.0' ],
15 silly audit   'eslint-plugin-testing-library': [ '5.10.2' ],
15 silly audit   'eslint-utils': [ '3.0.0' ],
15 silly audit   'eslint-webpack-plugin': [ '3.1.1' ],
15 silly audit   espree: [ '9.3.0' ],
15 silly audit   esprima: [ '4.0.1' ],
15 silly audit   esquery: [ '1.4.0' ],
15 silly audit   esrecurse: [ '4.3.0' ],
15 silly audit   'estree-walker': [ '1.0.1' ],
15 silly audit   esutils: [ '2.0.3' ],
15 silly audit   etag: [ '1.8.1' ],
15 silly audit   eventemitter3: [ '4.0.7' ],
15 silly audit   events: [ '3.3.0' ],
15 silly audit   execa: [ '5.1.1' ],
15 silly audit   exit: [ '0.1.2' ],
15 silly audit   expect: [ '27.4.6' ],
15 silly audit   express: [ '4.21.0' ],
15 silly audit   statuses: [ '2.0.1', '1.5.0' ],
15 silly audit   'fast-deep-equal': [ '3.1.3' ],
15 silly audit   'fast-glob': [ '3.2.11' ],
15 silly audit   'fast-json-stable-stringify': [ '2.1.0' ],
15 silly audit   'fast-levenshtein': [ '2.0.6' ],
15 silly audit   fastq: [ '1.13.0' ],
15 silly audit   'faye-websocket': [ '0.11.4' ],
15 silly audit   'fb-watchman': [ '2.0.1' ],
15 silly audit   'file-entry-cache': [ '6.0.1' ],
15 silly audit   'file-loader': [ '6.2.0' ],
15 silly audit   filelist: [ '1.0.4' ],
15 silly audit   minimatch: [ '5.1.6', '3.1.2' ],
15 silly audit   filesize: [ '8.0.7' ],
15 silly audit   'fill-range': [ '7.1.1' ],
15 silly audit   finalhandler: [ '1.3.1' ],
15 silly audit   'find-cache-dir': [ '3.3.2' ],
15 silly audit   'find-root': [ '1.1.0' ],
15 silly audit   'flat-cache': [ '3.0.4' ],
15 silly audit   flatted: [ '3.2.4' ],
15 silly audit   'follow-redirects': [ '1.14.8' ],
15 silly audit   'for-each': [ '0.3.3' ],
15 silly audit   'fork-ts-checker-webpack-plugin': [ '6.5.3' ],
15 silly audit   'fs-extra': [ '9.1.0', '10.0.0' ],
15 silly audit   tapable: [ '1.1.3', '2.2.1' ],
15 silly audit   'form-data': [ '3.0.1' ],
15 silly audit   forwarded: [ '0.2.0' ],
15 silly audit   'fraction.js': [ '4.1.2' ],
15 silly audit   fresh: [ '0.5.2' ],
15 silly audit   'fs-monkey': [ '1.0.5' ],
15 silly audit   'fs.realpath': [ '1.0.0' ],
15 silly audit   fsevents: [ '2.3.2' ],
15 silly audit   'function-bind': [ '1.1.2' ],
15 silly audit   'function.prototype.name': [ '1.1.5' ],
15 silly audit   'functional-red-black-tree': [ '1.0.1' ],
15 silly audit   'functions-have-names': [ '1.2.3' ],
15 silly audit   gensync: [ '1.0.0-beta.2' ],
15 silly audit   'get-caller-file': [ '2.0.5' ],
15 silly audit   'get-intrinsic': [ '1.2.4' ],
15 silly audit   'get-own-enumerable-property-symbols': [ '3.0.2' ],
15 silly audit   'get-package-type': [ '0.1.0' ],
15 silly audit   'get-stream': [ '6.0.1' ],
15 silly audit   'get-symbol-description': [ '1.0.0' ],
15 silly audit   glob: [ '7.2.0' ],
15 silly audit   'glob-to-regexp': [ '0.4.1' ],
15 silly audit   'global-modules': [ '2.0.0' ],
15 silly audit   'global-prefix': [ '3.0.0' ],
15 silly audit   globalthis: [ '1.0.3' ],
15 silly audit   globby: [ '11.1.0' ],
15 silly audit   gopd: [ '1.0.1' ],
15 silly audit   'graceful-fs': [ '4.2.11' ],
15 silly audit   'grapheme-splitter': [ '1.0.4' ],
15 silly audit   'gzip-size': [ '6.0.0' ],
15 silly audit   'handle-thing': [ '2.0.1' ],
15 silly audit   'harmony-reflect': [ '1.6.1' ],
15 silly audit   has: [ '1.0.3' ],
15 silly audit   'has-bigints': [ '1.0.2' ],
15 silly audit   'has-property-descriptors': [ '1.0.2' ],
15 silly audit   'has-proto': [ '1.0.1' ],
15 silly audit   'has-symbols': [ '1.0.3' ],
15 silly audit   'has-tostringtag': [ '1.0.0' ],
15 silly audit   hasown: [ '2.0.2' ],
15 silly audit   he: [ '1.2.0' ],
15 silly audit   history: [ '4.10.1' ],
15 silly audit   'hoist-non-react-statics': [ '3.3.2' ],
15 silly audit   hoopy: [ '0.1.4' ],
15 silly audit   'hpack.js': [ '2.1.6' ],
15 silly audit   'readable-stream': [ '2.3.7', '3.6.0' ],
15 silly audit   string_decoder: [ '1.1.1', '1.3.0' ],
15 silly audit   'html-encoding-sniffer': [ '2.0.1' ],
15 silly audit   'html-entities': [ '2.3.2' ],
15 silly audit   'html-escaper': [ '2.0.2' ],
15 silly audit   'html-minifier-terser': [ '6.1.0' ],
15 silly audit   'html-webpack-plugin': [ '5.5.0' ],
15 silly audit   htmlparser2: [ '6.1.0' ],
15 silly audit   'http-deceiver': [ '1.2.7' ],
15 silly audit   'http-errors': [ '2.0.0', '1.6.3' ],
15 silly audit   'http-parser-js': [ '0.5.5' ],
15 silly audit   'http-proxy': [ '1.18.1' ],
15 silly audit   'http-proxy-agent': [ '4.0.1' ],
15 silly audit   'http-proxy-middleware': [ '2.0.2' ],
15 silly audit   'https-proxy-agent': [ '5.0.0' ],
15 silly audit   'human-signals': [ '2.1.0' ],
15 silly audit   'hyphenate-style-name': [ '1.0.4' ],
15 silly audit   'iconv-lite': [ '0.4.24', '0.6.3' ],
15 silly audit   'icss-utils': [ '5.1.0' ],
15 silly audit   idb: [ '6.1.5' ],
15 silly audit   'identity-obj-proxy': [ '3.0.0' ],
15 silly audit   immer: [ '9.0.19' ],
15 silly audit   'import-fresh': [ '3.3.0' ],
15 silly audit   'resolve-from': [ '4.0.0', '5.0.0' ],
15 silly audit   'import-local': [ '3.1.0' ],
15 silly audit   imurmurhash: [ '0.1.4' ],
15 silly audit   'indent-string': [ '4.0.0' ],
15 silly audit   inflight: [ '1.0.6' ],
15 silly audit   inherits: [ '2.0.4', '2.0.3' ],
15 silly audit   ini: [ '1.3.8' ],
15 silly audit   'internal-slot': [ '1.0.5' ],
15 silly audit   ip: [ '1.1.5' ],
15 silly audit   'ipaddr.js': [ '1.9.1', '2.0.1' ],
15 silly audit   'is-arguments': [ '1.1.1' ],
15 silly audit   'is-array-buffer': [ '3.0.2' ],
15 silly audit   'is-arrayish': [ '0.2.1' ],
15 silly audit   'is-bigint': [ '1.0.4' ],
15 silly audit   'is-binary-path': [ '2.1.0' ],
15 silly audit   'is-boolean-object': [ '1.1.2' ],
15 silly audit   'is-callable': [ '1.2.7' ],
15 silly audit   'is-core-module': [ '2.11.0' ],
15 silly audit   'is-date-object': [ '1.0.5' ],
15 silly audit   'is-docker': [ '2.2.1' ],
15 silly audit   'is-extglob': [ '2.1.1' ],
15 silly audit   'is-fullwidth-code-point': [ '3.0.0' ],
15 silly audit   'is-generator-fn': [ '2.1.0' ],
15 silly audit   'is-glob': [ '4.0.3' ],
15 silly audit   'is-in-browser': [ '1.1.3' ],
15 silly audit   'is-map': [ '2.0.2' ],
15 silly audit   'is-module': [ '1.0.0' ],
15 silly audit   'is-negative-zero': [ '2.0.2' ],
15 silly audit   'is-number': [ '7.0.0' ],
15 silly audit   'is-number-object': [ '1.0.7' ],
15 silly audit   'is-obj': [ '1.0.1' ],
15 silly audit   'is-path-cwd': [ '2.2.0' ],
15 silly audit   'is-path-inside': [ '3.0.3' ],
15 silly audit   'is-plain-obj': [ '3.0.0' ],
15 silly audit   'is-potential-custom-element-name': [ '1.0.1' ],
15 silly audit   'is-regex': [ '1.1.4' ],
15 silly audit   'is-regexp': [ '1.0.0' ],
15 silly audit   'is-root': [ '2.1.0' ],
15 silly audit   'is-set': [ '2.0.2' ],
15 silly audit   'is-shared-array-buffer': [ '1.0.2' ],
15 silly audit   'is-stream': [ '2.0.1' ],
15 silly audit   'is-string': [ '1.0.7' ],
15 silly audit   'is-symbol': [ '1.0.4' ],
15 silly audit   'is-typed-array': [ '1.1.10' ],
15 silly audit   'is-typedarray': [ '1.0.0' ],
15 silly audit   'is-weakmap': [ '2.0.1' ],
15 silly audit   'is-weakref': [ '1.0.2' ],
15 silly audit   'is-weakset': [ '2.0.2' ],
15 silly audit   'is-wsl': [ '2.2.0' ],
15 silly audit   isexe: [ '2.0.0' ],
15 silly audit   'istanbul-lib-coverage': [ '3.2.0' ],
15 silly audit   'istanbul-lib-instrument': [ '5.1.0' ],
15 silly audit   'istanbul-lib-report': [ '3.0.0' ],
15 silly audit   'istanbul-lib-source-maps': [ '4.0.1' ],
15 silly audit   'istanbul-reports': [ '3.1.3' ],
15 silly audit   jake: [ '10.8.5' ],
15 silly audit   jest: [ '27.4.7' ],
15 silly audit   'jest-changed-files': [ '27.4.2' ],
15 silly audit   'jest-circus': [ '27.4.6' ],
15 silly audit   'jest-cli': [ '27.4.7' ],
15 silly audit   'jest-config': [ '27.4.7' ],
15 silly audit   'jest-diff': [ '27.4.6' ],
15 silly audit   'jest-docblock': [ '27.4.0' ],
15 silly audit   'jest-each': [ '27.4.6' ],
15 silly audit   'jest-environment-jsdom': [ '27.4.6' ],
15 silly audit   'jest-environment-node': [ '27.4.6' ],
15 silly audit   'jest-get-type': [ '27.4.0' ],
15 silly audit   'jest-haste-map': [ '27.4.6' ],
15 silly audit   'jest-jasmine2': [ '27.4.6' ],
15 silly audit   'jest-leak-detector': [ '27.4.6' ],
15 silly audit   'jest-matcher-utils': [ '27.4.6' ],
15 silly audit   'jest-message-util': [ '27.4.6' ],
15 silly audit   'jest-mock': [ '27.4.6' ],
15 silly audit   'jest-pnp-resolver': [ '1.2.2' ],
15 silly audit   'jest-regex-util': [ '27.4.0' ],
15 silly audit   'jest-resolve': [ '27.4.6' ],
15 silly audit   'jest-resolve-dependencies': [ '27.4.6' ],
15 silly audit   'jest-runner': [ '27.4.6' ],
15 silly audit   'jest-runtime': [ '27.4.6' ],
15 silly audit   'jest-serializer': [ '27.4.0' ],
15 silly audit   'jest-snapshot': [ '27.4.6' ],
15 silly audit   'jest-util': [ '27.4.2' ],
15 silly audit   'jest-validate': [ '27.4.6' ],
15 silly audit   'jest-watch-typeahead': [ '1.0.0' ],
15 silly audit   slash: [ '4.0.0', '3.0.0' ],
15 silly audit   'string-length': [ '5.0.1', '4.0.2' ],
15 silly audit   'strip-ansi': [ '7.0.1', '6.0.1' ],
15 silly audit   'jest-watcher': [ '27.4.6' ],
15 silly audit   'jest-worker': [ '27.4.6', '26.6.2' ],
15 silly audit   'js-tokens': [ '4.0.0' ],
15 silly audit   jsdom: [ '16.7.0' ],
15 silly audit   jsesc: [ '2.5.2', '0.5.0' ],
15 silly audit   'json-parse-even-better-errors': [ '2.3.1' ],
15 silly audit   'json-schema': [ '0.4.0' ],
15 silly audit   'json-stable-stringify-without-jsonify': [ '1.0.1' ],
15 silly audit   jsonfile: [ '6.1.0' ],
15 silly audit   jsonpointer: [ '5.0.0' ],
15 silly audit   jss: [ '10.9.0' ],
15 silly audit   'jss-plugin-camel-case': [ '10.9.0' ],
15 silly audit   'jss-plugin-default-unit': [ '10.9.0' ],
15 silly audit   'jss-plugin-global': [ '10.9.0' ],
15 silly audit   'jss-plugin-nested': [ '10.9.0' ],
15 silly audit   'jss-plugin-props-sort': [ '10.9.0' ],
15 silly audit   'jss-plugin-rule-value-function': [ '10.9.0' ],
15 silly audit   'jss-plugin-vendor-prefixer': [ '10.9.0' ],
15 silly audit   'jsx-ast-utils': [ '3.3.3' ],
15 silly audit   'kind-of': [ '6.0.3' ],
15 silly audit   kleur: [ '3.0.3' ],
15 silly audit   klona: [ '2.0.5' ],
15 silly audit   'language-subtag-registry': [ '0.3.22' ],
15 silly audit   'language-tags': [ '1.0.5' ],
15 silly audit   leven: [ '3.1.0' ],
15 silly audit   lilconfig: [ '2.0.4' ],
15 silly audit   'lines-and-columns': [ '1.2.4' ],
15 silly audit   'loader-runner': [ '4.2.0' ],
15 silly audit   lodash: [ '4.17.21' ],
15 silly audit   'lodash.debounce': [ '4.0.8' ],
15 silly audit   'lodash.memoize': [ '4.1.2' ],
15 silly audit   'lodash.merge': [ '4.6.2' ],
15 silly audit   'lodash.sortby': [ '4.7.0' ],
15 silly audit   'lodash.uniq': [ '4.5.0' ],
15 silly audit   'loose-envify': [ '1.4.0' ],
15 silly audit   'lower-case': [ '2.0.2' ],
15 silly audit   'magic-string': [ '0.25.7' ],
15 silly audit   'make-dir': [ '3.1.0' ],
15 silly audit   makeerror: [ '1.0.12' ],
15 silly audit   'media-typer': [ '0.3.0' ],
15 silly audit   memfs: [ '3.5.3' ],
15 silly audit   'merge-descriptors': [ '1.0.3' ],
15 silly audit   'merge-stream': [ '2.0.0' ],
15 silly audit   merge2: [ '1.4.1' ],
15 silly audit   methods: [ '1.1.2' ],
15 silly audit   micromatch: [ '4.0.8' ],
15 silly audit   mime: [ '1.6.0' ],
15 silly audit   'mime-db': [ '1.51.0' ],
15 silly audit   'mime-types': [ '2.1.34' ],
15 silly audit   'mimic-fn': [ '2.1.0' ],
15 silly audit   'mini-create-react-context': [ '0.4.1' ],
15 silly audit   'mini-css-extract-plugin': [ '2.5.2' ],
15 silly audit   'minimalistic-assert': [ '1.0.1' ],
15 silly audit   minimist: [ '1.2.6' ],
15 silly audit   mkdirp: [ '0.5.5' ],
15 silly audit   'multicast-dns': [ '6.2.3' ],
15 silly audit   'multicast-dns-service-types': [ '1.1.0' ],
15 silly audit   nanoid: [ '3.2.0' ],
15 silly audit   'natural-compare': [ '1.4.0' ],
15 silly audit   'natural-compare-lite': [ '1.4.0' ],
15 silly audit   ncp: [ '2.0.0' ],
15 silly audit   negotiator: [ '0.6.3' ],
15 silly audit   'neo-async': [ '2.6.2' ],
15 silly audit   'no-case': [ '3.0.4' ],
15 silly audit   'node-forge': [ '1.3.0' ],
15 silly audit   'node-int64': [ '0.4.0' ],
15 silly audit   'node-releases': [ '2.0.18' ],
15 silly audit   'normalize-path': [ '3.0.0' ],
15 silly audit   'normalize-range': [ '0.1.2' ],
15 silly audit   'normalize-url': [ '6.1.0' ],
15 silly audit   'npm-run-path': [ '4.0.1' ],
15 silly audit   'nth-check': [ '2.0.1', '1.0.2' ],
15 silly audit   nwsapi: [ '2.2.0' ],
15 silly audit   'object-assign': [ '4.1.1' ],
15 silly audit   'object-hash': [ '2.2.0' ],
15 silly audit   'object-inspect': [ '1.13.2' ],
15 silly audit   'object-is': [ '1.1.5' ],
15 silly audit   'object-keys': [ '1.1.1' ],
15 silly audit   'object.assign': [ '4.1.4' ],
15 silly audit   'object.entries': [ '1.1.6' ],
15 silly audit   'object.fromentries': [ '2.0.6' ],
15 silly audit   'object.getownpropertydescriptors': [ '2.1.3' ],
15 silly audit   'object.hasown': [ '1.1.2' ],
15 silly audit   'object.values': [ '1.1.6' ],
15 silly audit   obuf: [ '1.1.2' ],
15 silly audit   'on-finished': [ '2.4.1' ],
15 silly audit   'on-headers': [ '1.0.2' ],
15 silly audit   once: [ '1.4.0' ],
15 silly audit   onetime: [ '5.1.2' ],
15 silly audit   open: [ '8.4.0' ],
15 silly audit   'p-map': [ '4.0.0' ],
15 silly audit   'p-retry': [ '4.6.1' ],
15 silly audit   'p-try': [ '2.2.0' ],
15 silly audit   'param-case': [ '3.0.4' ],
15 silly audit   'parent-module': [ '1.0.1' ],
15 silly audit   'parse-json': [ '5.2.0' ],
15 silly audit   parse5: [ '6.0.1' ],
15 silly audit   parseurl: [ '1.3.3' ],
15 silly audit   'pascal-case': [ '3.1.2' ],
15 silly audit   'path-exists': [ '4.0.0', '3.0.0' ],
15 silly audit   'path-is-absolute': [ '1.0.1' ],
15 silly audit   'path-key': [ '3.1.1' ],
15 silly audit   'path-parse': [ '1.0.7' ],
15 silly audit   'path-to-regexp': [ '0.1.10', '1.8.0' ],
15 silly audit   'path-type': [ '4.0.0' ],
15 silly audit   'performance-now': [ '2.1.0' ],
15 silly audit   picocolors: [ '1.0.1', '0.2.1' ],
15 silly audit   picomatch: [ '2.3.1' ],
15 silly audit   pirates: [ '4.0.5' ],
15 silly audit   'pkg-dir': [ '4.2.0' ],
15 silly audit   'pkg-up': [ '3.1.0' ],
15 silly audit   portfinder: [ '1.0.28' ],
15 silly audit   postcss: [ '8.4.5', '7.0.39' ],
15 silly audit   'postcss-attribute-case-insensitive': [ '5.0.0' ],
15 silly audit   'postcss-browser-comments': [ '4.0.0' ],
15 silly audit   'postcss-calc': [ '8.2.2' ],
15 silly audit   'postcss-color-functional-notation': [ '4.2.1' ],
15 silly audit   'postcss-color-hex-alpha': [ '8.0.2' ],
15 silly audit   'postcss-color-rebeccapurple': [ '7.0.2' ],
15 silly audit   'postcss-colormin': [ '5.2.4' ],
15 silly audit   'postcss-convert-values': [ '5.0.3' ],
15 silly audit   'postcss-custom-media': [ '8.0.0' ],
15 silly audit   'postcss-custom-properties': [ '12.1.3' ],
15 silly audit   'postcss-custom-selectors': [ '6.0.0' ],
15 silly audit   'postcss-dir-pseudo-class': [ '6.0.3' ],
15 silly audit   'postcss-discard-comments': [ '5.0.2' ],
15 silly audit   'postcss-discard-duplicates': [ '5.0.2' ],
15 silly audit   'postcss-discard-empty': [ '5.0.2' ],
15 silly audit   'postcss-discard-overridden': [ '5.0.3' ],
15 silly audit   'postcss-double-position-gradients': [ '3.0.4' ],
15 silly audit   'postcss-env-function': [ '4.0.4' ],
15 silly audit   'postcss-flexbugs-fixes': [ '5.0.2' ],
15 silly audit   'postcss-focus-visible': [ '6.0.3' ],
15 silly audit   'postcss-focus-within': [ '5.0.3' ],
15 silly audit   'postcss-font-variant': [ '5.0.0' ],
15 silly audit   'postcss-gap-properties': [ '3.0.2' ],
15 silly audit   'postcss-image-set-function': [ '4.0.4' ],
15 silly audit   'postcss-initial': [ '4.0.1' ],
15 silly audit   'postcss-js': [ '4.0.0' ],
15 silly audit   'postcss-lab-function': [ '4.0.3' ],
15 silly audit   'postcss-load-config': [ '3.1.1' ],
15 silly audit   'postcss-loader': [ '6.2.1' ],
15 silly audit   'postcss-logical': [ '5.0.3' ],
15 silly audit   'postcss-media-minmax': [ '5.0.0' ],
15 silly audit   'postcss-merge-longhand': [ '5.0.5' ],
15 silly audit   'postcss-merge-rules': [ '5.0.5' ],
15 silly audit   'postcss-minify-font-values': [ '5.0.3' ],
15 silly audit   'postcss-minify-gradients': [ '5.0.5' ],
15 silly audit   'postcss-minify-params': [ '5.0.4' ],
15 silly audit   'postcss-minify-selectors': [ '5.1.2' ],
15 silly audit   'postcss-modules-extract-imports': [ '3.0.0' ],
15 silly audit   'postcss-modules-local-by-default': [ '4.0.0' ],
15 silly audit   'postcss-modules-scope': [ '3.0.0' ],
15 silly audit   'postcss-modules-values': [ '4.0.0' ],
15 silly audit   'postcss-nested': [ '5.0.6' ],
15 silly audit   'postcss-nesting': [ '10.1.2' ],
15 silly audit   'postcss-normalize': [ '10.0.1' ],
15 silly audit   'postcss-normalize-charset': [ '5.0.2' ],
15 silly audit   'postcss-normalize-display-values': [ '5.0.2' ],
15 silly audit   'postcss-normalize-positions': [ '5.0.3' ],
15 silly audit   'postcss-normalize-repeat-style': [ '5.0.3' ],
15 silly audit   'postcss-normalize-string': [ '5.0.3' ],
15 silly audit   'postcss-normalize-timing-functions': [ '5.0.2' ],
15 silly audit   'postcss-normalize-unicode': [ '5.0.3' ],
15 silly audit   'postcss-normalize-url': [ '5.0.4' ],
15 silly audit   'postcss-normalize-whitespace': [ '5.0.3' ],
15 silly audit   'postcss-ordered-values': [ '5.0.4' ],
15 silly audit   'postcss-overflow-shorthand': [ '3.0.2' ],
15 silly audit   'postcss-page-break': [ '3.0.4' ],
15 silly audit   'postcss-place': [ '7.0.3' ],
15 silly audit   'postcss-preset-env': [ '7.2.3' ],
15 silly audit   'postcss-pseudo-class-any-link': [ '7.0.2' ],
15 silly audit   'postcss-reduce-initial': [ '5.0.2' ],
15 silly audit   'postcss-reduce-transforms': [ '5.0.3' ],
15 silly audit   'postcss-replace-overflow-wrap': [ '4.0.0' ],
15 silly audit   'postcss-selector-not': [ '5.0.0' ],
15 silly audit   'postcss-selector-parser': [ '6.0.9' ],
15 silly audit   'postcss-svgo': [ '5.0.3' ],
15 silly audit   svgo: [ '2.8.0', '1.3.2' ],
15 silly audit   'postcss-unique-selectors': [ '5.0.3' ],
15 silly audit   'postcss-value-parser': [ '4.2.0' ],
15 silly audit   'pretty-bytes': [ '5.6.0' ],
15 silly audit   'pretty-error': [ '4.0.0' ],
15 silly audit   'pretty-format': [ '27.4.6' ],
15 silly audit   'process-nextick-args': [ '2.0.1' ],
15 silly audit   promise: [ '8.1.0' ],
15 silly audit   prompts: [ '2.4.2' ],
15 silly audit   'prop-types': [ '15.8.1' ],
15 silly audit   'proxy-addr': [ '2.0.7' ],
15 silly audit   psl: [ '1.8.0' ],
15 silly audit   punycode: [ '2.1.1' ],
15 silly audit   q: [ '1.5.1' ],
15 silly audit   qs: [ '6.13.0' ],
15 silly audit   'queue-microtask': [ '1.2.3' ],
15 silly audit   'quick-lru': [ '5.1.1' ],
15 silly audit   raf: [ '3.4.1' ],
15 silly audit   randombytes: [ '2.1.0' ],
15 silly audit   'range-parser': [ '1.2.1' ],
15 silly audit   'raw-body': [ '2.5.2' ],
15 silly audit   react: [ '17.0.2' ],
15 silly audit   'react-app-polyfill': [ '3.0.0' ],
15 silly audit   'react-dev-utils': [ '12.0.1' ],
15 silly audit   'react-dom': [ '17.0.2' ],
15 silly audit   'react-error-overlay': [ '6.0.11' ],
15 silly audit   'react-refresh': [ '0.11.0' ],
15 silly audit   'react-router': [ '5.2.1' ],
15 silly audit   'react-router-dom': [ '5.3.0' ],
15 silly audit   'react-scripts': [ '5.0.1' ],
15 silly audit   'react-transition-group': [ '4.4.2' ],
15 silly audit   readdirp: [ '3.6.0' ],
15 silly audit   'recursive-readdir': [ '2.2.3' ],
15 silly audit   regenerate: [ '1.4.2' ],
15 silly audit   'regenerate-unicode-properties': [ '9.0.0' ],
15 silly audit   'regenerator-runtime': [ '0.13.11' ],
15 silly audit   'regenerator-transform': [ '0.14.5' ],
15 silly audit   'regex-parser': [ '2.2.11' ],
15 silly audit   'regexp.prototype.flags': [ '1.4.3' ],
15 silly audit   regexpp: [ '3.2.0' ],
15 silly audit   'regexpu-core': [ '4.8.0' ],
15 silly audit   regjsgen: [ '0.5.2' ],
15 silly audit   regjsparser: [ '0.7.0' ],
15 silly audit   relateurl: [ '0.2.7' ],
15 silly audit   renderkid: [ '3.0.0' ],
15 silly audit   'require-directory': [ '2.1.1' ],
15 silly audit   'require-from-string': [ '2.0.2' ],
15 silly audit   'requires-port': [ '1.0.0' ],
15 silly audit   'resolve-cwd': [ '3.0.0' ],
15 silly audit   'resolve-pathname': [ '3.0.0' ],
15 silly audit   'resolve-url-loader': [ '4.0.0' ],
15 silly audit   'resolve.exports': [ '1.1.0' ],
15 silly audit   retry: [ '0.13.1' ],
15 silly audit   reusify: [ '1.0.4' ],
15 silly audit   rimraf: [ '3.0.2' ],
15 silly audit   rollup: [ '2.66.0' ],
15 silly audit   'rollup-plugin-terser': [ '7.0.2' ],
15 silly audit   'serialize-javascript': [ '4.0.0', '6.0.2' ],
15 silly audit   'run-parallel': [ '1.2.0' ],
15 silly audit   'safe-regex-test': [ '1.0.0' ],
15 silly audit   'safer-buffer': [ '2.1.2' ],
15 silly audit   'sanitize.css': [ '13.0.0' ],
15 silly audit   'sass-loader': [ '12.4.0' ],
15 silly audit   sax: [ '1.2.4' ],
15 silly audit   saxes: [ '5.0.1' ],
15 silly audit   scheduler: [ '0.20.2' ],
15 silly audit   'select-hose': [ '2.0.0' ],
15 silly audit   selfsigned: [ '2.0.0' ],
15 silly audit   send: [ '0.19.0' ],
15 silly audit   'serve-index': [ '1.9.1' ],
15 silly audit   setprototypeof: [ '1.1.0', '1.2.0' ],
15 silly audit   'serve-static': [ '1.16.2' ],
15 silly audit   'set-function-length': [ '1.2.2' ],
15 silly audit   'shebang-command': [ '2.0.0' ],
15 silly audit   'shebang-regex': [ '3.0.0' ],
15 silly audit   'shell-quote': [ '1.8.0' ],
15 silly audit   'side-channel': [ '1.0.6' ],
15 silly audit   'signal-exit': [ '3.0.6' ],
15 silly audit   sisteransi: [ '1.0.5' ],
15 silly audit   sockjs: [ '0.3.24' ],
15 silly audit   'source-list-map': [ '2.0.1' ],
15 silly audit   'source-map-js': [ '1.0.2' ],
15 silly audit   'source-map-loader': [ '3.0.1' ],
15 silly audit   'source-map-support': [ '0.5.21' ],
15 silly audit   'source-map-url': [ '0.4.1' ],
15 silly audit   'sourcemap-codec': [ '1.4.8' ],
15 silly audit   spdy: [ '4.0.2' ],
15 silly audit   'spdy-transport': [ '3.0.0' ],
15 silly audit   'sprintf-js': [ '1.0.3' ],
15 silly audit   stable: [ '0.1.8' ],
15 silly audit   'stack-utils': [ '2.0.5' ],
15 silly audit   stackframe: [ '1.2.0' ],
15 silly audit   'stop-iteration-iterator': [ '1.0.0' ],
15 silly audit   'string-natural-compare': [ '3.0.1' ],
15 silly audit   'string-width': [ '4.2.3' ],
15 silly audit   'string.prototype.matchall': [ '4.0.8' ],
15 silly audit   'string.prototype.trim': [ '1.2.7' ],
15 silly audit   'string.prototype.trimend': [ '1.0.6' ],
15 silly audit   'string.prototype.trimstart': [ '1.0.6' ],
15 silly audit   'stringify-object': [ '3.3.0' ],
15 silly audit   'strip-bom': [ '4.0.0', '3.0.0' ],
15 silly audit   'strip-comments': [ '2.0.1' ],
15 silly audit   'strip-final-newline': [ '2.0.0' ],
15 silly audit   'strip-json-comments': [ '3.1.1' ],
15 silly audit   'style-loader': [ '3.3.1' ],
15 silly audit   stylehacks: [ '5.0.2' ],
15 silly audit   stylis: [ '4.0.13' ],
15 silly audit   'supports-hyperlinks': [ '2.2.0' ],
15 silly audit   'supports-preserve-symlinks-flag': [ '1.0.0' ],
15 silly audit   'svg-parser': [ '2.0.4' ],
15 silly audit   'symbol-tree': [ '3.2.4' ],
15 silly audit   tailwindcss: [ '3.0.16' ],
15 silly audit   'temp-dir': [ '2.0.0' ],
15 silly audit   tempy: [ '0.6.0' ],
15 silly audit   'terminal-link': [ '2.1.1' ],
15 silly audit   terser: [ '5.31.6' ],
15 silly audit   'terser-webpack-plugin': [ '5.3.10' ],
15 silly audit   'test-exclude': [ '6.0.0' ],
15 silly audit   'text-table': [ '0.2.0' ],
15 silly audit   throat: [ '6.0.1' ],
15 silly audit   thunky: [ '1.1.0' ],
15 silly audit   timsort: [ '0.3.0' ],
15 silly audit   'tiny-invariant': [ '1.2.0' ],
15 silly audit   'tiny-warning': [ '1.0.3' ],
15 silly audit   tmpl: [ '1.0.5' ],
15 silly audit   'to-fast-properties': [ '2.0.0' ],
15 silly audit   'to-regex-range': [ '5.0.1' ],
15 silly audit   toidentifier: [ '1.0.1' ],
15 silly audit   'tough-cookie': [ '4.0.0' ],
15 silly audit   universalify: [ '0.1.2', '2.0.0' ],
15 silly audit   tr46: [ '2.1.0', '1.0.1' ],
15 silly audit   tryer: [ '1.0.1' ],
15 silly audit   'tsconfig-paths': [ '3.14.2' ],
15 silly audit   tslib: [ '2.3.1', '1.14.1' ],
15 silly audit   tsutils: [ '3.21.0' ],
15 silly audit   'type-detect': [ '4.0.8' ],
15 silly audit   'type-is': [ '1.6.18' ],
15 silly audit   'typed-array-length': [ '1.0.4' ],
15 silly audit   'typedarray-to-buffer': [ '3.1.5' ],
15 silly audit   typescript: [ '4.9.5' ],
15 silly audit   'unbox-primitive': [ '1.0.2' ],
15 silly audit   'unicode-canonical-property-names-ecmascript': [ '2.0.0' ],
15 silly audit   'unicode-match-property-ecmascript': [ '2.0.0' ],
15 silly audit   'unicode-match-property-value-ecmascript': [ '2.0.0' ],
15 silly audit   'unicode-property-aliases-ecmascript': [ '2.0.0' ],
15 silly audit   'unique-string': [ '2.0.0' ],
15 silly audit   unpipe: [ '1.0.0' ],
15 silly audit   unquote: [ '1.1.1' ],
15 silly audit   upath: [ '1.2.0' ],
15 silly audit   'update-browserslist-db': [ '1.1.0' ],
15 silly audit   'uri-js': [ '4.4.1' ],
15 silly audit   'util-deprecate': [ '1.0.2' ],
15 silly audit   'util.promisify': [ '1.0.1' ],
15 silly audit   utila: [ '0.4.0' ],
15 silly audit   'utils-merge': [ '1.0.1' ],
15 silly audit   uuid: [ '8.3.2' ],
15 silly audit   'v8-compile-cache': [ '2.3.0' ],
15 silly audit   'v8-to-istanbul': [ '8.1.1' ],
15 silly audit   'value-equal': [ '1.0.1' ],
15 silly audit   vary: [ '1.1.2' ],
15 silly audit   'w3c-hr-time': [ '1.0.2' ],
15 silly audit   'w3c-xmlserializer': [ '2.0.0' ],
15 silly audit   walker: [ '1.0.8' ],
15 silly audit   watchpack: [ '2.4.2' ],
15 silly audit   wbuf: [ '1.7.3' ],
15 silly audit   webpack: [ '5.94.0' ],
15 silly audit   'webpack-dev-middleware': [ '5.3.4' ],
15 silly audit   'webpack-dev-server': [ '4.7.3' ],
15 silly audit   ws: [ '8.4.2', '7.5.6' ],
15 silly audit   'webpack-manifest-plugin': [ '4.1.1' ],
15 silly audit   'webpack-sources': [ '2.3.1', '3.2.3', '1.4.3' ],
15 silly audit   'websocket-driver': [ '0.7.4' ],
15 silly audit   'websocket-extensions': [ '0.1.4' ],
15 silly audit   'whatwg-encoding': [ '1.0.5' ],
15 silly audit   'whatwg-fetch': [ '3.6.2' ],
15 silly audit   'whatwg-mimetype': [ '2.3.0' ],
15 silly audit   'whatwg-url': [ '8.7.0', '7.1.0' ],
15 silly audit   'which-boxed-primitive': [ '1.0.2' ],
15 silly audit   'which-collection': [ '1.0.1' ],
15 silly audit   'which-typed-array': [ '1.1.9' ],
15 silly audit   'word-wrap': [ '1.2.3' ],
15 silly audit   'workbox-background-sync': [ '6.4.2' ],
15 silly audit   'workbox-broadcast-update': [ '6.4.2' ],
15 silly audit   'workbox-build': [ '6.4.2' ],
15 silly audit   '@apideck/better-ajv-errors': [ '0.3.2' ],
15 silly audit   'workbox-cacheable-response': [ '6.4.2' ],
15 silly audit   'workbox-core': [ '6.4.2' ],
15 silly audit   'workbox-expiration': [ '6.4.2' ],
15 silly audit   'workbox-google-analytics': [ '6.4.2' ],
15 silly audit   'workbox-navigation-preload': [ '6.4.2' ],
15 silly audit   'workbox-precaching': [ '6.4.2' ],
15 silly audit   'workbox-range-requests': [ '6.4.2' ],
15 silly audit   'workbox-recipes': [ '6.4.2' ],
15 silly audit   'workbox-routing': [ '6.4.2' ],
15 silly audit   'workbox-strategies': [ '6.4.2' ],
15 silly audit   'workbox-streams': [ '6.4.2' ],
15 silly audit   'workbox-sw': [ '6.4.2' ],
15 silly audit   'workbox-webpack-plugin': [ '6.4.2' ],
15 silly audit   'workbox-window': [ '6.4.2' ],
15 silly audit   'wrap-ansi': [ '7.0.0' ],
15 silly audit   wrappy: [ '1.0.2' ],
15 silly audit   'write-file-atomic': [ '3.0.3' ],
15 silly audit   'xml-name-validator': [ '3.0.0' ],
15 silly audit   xmlchars: [ '2.2.0' ],
15 silly audit   xtend: [ '4.0.2' ],
15 silly audit   y18n: [ '5.0.8' ],
15 silly audit   yaml: [ '1.10.2' ],
15 silly audit   yargs: [ '16.2.0' ],
15 silly audit   'yargs-parser': [ '20.2.9' ],
15 silly audit   'yocto-queue': [ '0.1.0' ]
15 silly audit }
16 http cache yocto-queue@https://registry.npmjs.org/yocto-queue/-/yocto-queue-0.1.0.tgz 1ms (cache hit)
17 http cache yargs-parser@https://registry.npmjs.org/yargs-parser/-/yargs-parser-20.2.9.tgz 0ms (cache hit)
18 http cache yargs@https://registry.npmjs.org/yargs/-/yargs-16.2.0.tgz 0ms (cache hit)
19 http cache yaml@https://registry.npmjs.org/yaml/-/yaml-1.10.2.tgz 0ms (cache hit)
20 http cache yallist@https://registry.npmjs.org/yallist/-/yallist-4.0.0.tgz 1ms (cache hit)
21 http cache y18n@https://registry.npmjs.org/y18n/-/y18n-5.0.8.tgz 0ms (cache hit)
22 http cache xtend@https://registry.npmjs.org/xtend/-/xtend-4.0.2.tgz 0ms (cache hit)
23 http cache xmlchars@https://registry.npmjs.org/xmlchars/-/xmlchars-2.2.0.tgz 0ms (cache hit)
24 http cache xml-name-validator@https://registry.npmjs.org/xml-name-validator/-/xml-name-validator-3.0.0.tgz 1ms (cache hit)
25 http cache ws@https://registry.npmjs.org/ws/-/ws-7.5.6.tgz 0ms (cache hit)
26 http cache write-file-atomic@https://registry.npmjs.org/write-file-atomic/-/write-file-atomic-3.0.3.tgz 0ms (cache hit)
27 http cache wrappy@https://registry.npmjs.org/wrappy/-/wrappy-1.0.2.tgz 0ms (cache hit)
28 http cache wrap-ansi@https://registry.npmjs.org/wrap-ansi/-/wrap-ansi-7.0.0.tgz 0ms (cache hit)
29 http cache workbox-window@https://registry.npmjs.org/workbox-window/-/workbox-window-6.4.2.tgz 0ms (cache hit)
30 http cache workbox-sw@https://registry.npmjs.org/workbox-sw/-/workbox-sw-6.4.2.tgz 0ms (cache hit)
31 http cache workbox-streams@https://registry.npmjs.org/workbox-streams/-/workbox-streams-6.4.2.tgz 0ms (cache hit)
32 http cache workbox-strategies@https://registry.npmjs.org/workbox-strategies/-/workbox-strategies-6.4.2.tgz 0ms (cache hit)
33 http cache workbox-routing@https://registry.npmjs.org/workbox-routing/-/workbox-routing-6.4.2.tgz 0ms (cache hit)
34 http cache workbox-recipes@https://registry.npmjs.org/workbox-recipes/-/workbox-recipes-6.4.2.tgz 0ms (cache hit)
35 http cache workbox-webpack-plugin@https://registry.npmjs.org/workbox-webpack-plugin/-/workbox-webpack-plugin-6.4.2.tgz 0ms (cache hit)
36 http cache workbox-range-requests@https://registry.npmjs.org/workbox-range-requests/-/workbox-range-requests-6.4.2.tgz 0ms (cache hit)
37 http cache workbox-precaching@https://registry.npmjs.org/workbox-precaching/-/workbox-precaching-6.4.2.tgz 0ms (cache hit)
38 http cache workbox-navigation-preload@https://registry.npmjs.org/workbox-navigation-preload/-/workbox-navigation-preload-6.4.2.tgz 0ms (cache hit)
39 http cache workbox-expiration@https://registry.npmjs.org/workbox-expiration/-/workbox-expiration-6.4.2.tgz 0ms (cache hit)
40 http cache workbox-google-analytics@https://registry.npmjs.org/workbox-google-analytics/-/workbox-google-analytics-6.4.2.tgz 0ms (cache hit)
41 http cache workbox-core@https://registry.npmjs.org/workbox-core/-/workbox-core-6.4.2.tgz 0ms (cache hit)
42 http cache workbox-cacheable-response@https://registry.npmjs.org/workbox-cacheable-response/-/workbox-cacheable-response-6.4.2.tgz 0ms (cache hit)
43 http cache workbox-build@https://registry.npmjs.org/workbox-build/-/workbox-build-6.4.2.tgz 0ms (cache hit)
44 http cache workbox-broadcast-update@https://registry.npmjs.org/workbox-broadcast-update/-/workbox-broadcast-update-6.4.2.tgz 0ms (cache hit)
45 http cache word-wrap@https://registry.npmjs.org/word-wrap/-/word-wrap-1.2.3.tgz 0ms (cache hit)
46 http cache which-typed-array@https://registry.npmjs.org/which-typed-array/-/which-typed-array-1.1.9.tgz 0ms (cache hit)
47 http cache workbox-background-sync@https://registry.npmjs.org/workbox-background-sync/-/workbox-background-sync-6.4.2.tgz 0ms (cache hit)
48 http cache which-collection@https://registry.npmjs.org/which-collection/-/which-collection-1.0.1.tgz 0ms (cache hit)
49 http cache which-boxed-primitive@https://registry.npmjs.org/which-boxed-primitive/-/which-boxed-primitive-1.0.2.tgz 0ms (cache hit)
50 http cache which@https://registry.npmjs.org/which/-/which-1.3.1.tgz 0ms (cache hit)
51 http cache whatwg-url@https://registry.npmjs.org/whatwg-url/-/whatwg-url-8.7.0.tgz 0ms (cache hit)
52 http cache whatwg-mimetype@https://registry.npmjs.org/whatwg-mimetype/-/whatwg-mimetype-2.3.0.tgz 0ms (cache hit)
53 http cache whatwg-fetch@https://registry.npmjs.org/whatwg-fetch/-/whatwg-fetch-3.6.2.tgz 0ms (cache hit)
54 http cache whatwg-encoding@https://registry.npmjs.org/whatwg-encoding/-/whatwg-encoding-1.0.5.tgz 0ms (cache hit)
55 http cache websocket-extensions@https://registry.npmjs.org/websocket-extensions/-/websocket-extensions-0.1.4.tgz 0ms (cache hit)
56 http cache websocket-driver@https://registry.npmjs.org/websocket-driver/-/websocket-driver-0.7.4.tgz 0ms (cache hit)
57 http cache webpack-sources@https://registry.npmjs.org/webpack-sources/-/webpack-sources-3.2.3.tgz 0ms (cache hit)
58 http cache webpack-manifest-plugin@https://registry.npmjs.org/webpack-manifest-plugin/-/webpack-manifest-plugin-4.1.1.tgz 0ms (cache hit)
59 http cache webpack-dev-server@https://registry.npmjs.org/webpack-dev-server/-/webpack-dev-server-4.7.3.tgz 0ms (cache hit)
60 http cache webpack-dev-middleware@https://registry.npmjs.org/webpack-dev-middleware/-/webpack-dev-middleware-5.3.4.tgz 0ms (cache hit)
61 http cache webpack@https://registry.npmjs.org/webpack/-/webpack-5.94.0.tgz 0ms (cache hit)
62 http cache webidl-conversions@https://registry.npmjs.org/webidl-conversions/-/webidl-conversions-6.1.0.tgz 0ms (cache hit)
63 http cache wbuf@https://registry.npmjs.org/wbuf/-/wbuf-1.7.3.tgz 0ms (cache hit)
64 http cache watchpack@https://registry.npmjs.org/watchpack/-/watchpack-2.4.2.tgz 0ms (cache hit)
65 http cache walker@https://registry.npmjs.org/walker/-/walker-1.0.8.tgz 0ms (cache hit)
66 http cache w3c-xmlserializer@https://registry.npmjs.org/w3c-xmlserializer/-/w3c-xmlserializer-2.0.0.tgz 0ms (cache hit)
67 http cache w3c-hr-time@https://registry.npmjs.org/w3c-hr-time/-/w3c-hr-time-1.0.2.tgz 0ms (cache hit)
68 http cache vary@https://registry.npmjs.org/vary/-/vary-1.1.2.tgz 0ms (cache hit)
69 http cache value-equal@https://registry.npmjs.org/value-equal/-/value-equal-1.0.1.tgz 0ms (cache hit)
70 http cache v8-to-istanbul@https://registry.npmjs.org/v8-to-istanbul/-/v8-to-istanbul-8.1.1.tgz 0ms (cache hit)
71 http cache v8-compile-cache@https://registry.npmjs.org/v8-compile-cache/-/v8-compile-cache-2.3.0.tgz 0ms (cache hit)
72 http cache uuid@https://registry.npmjs.org/uuid/-/uuid-8.3.2.tgz 0ms (cache hit)
73 http cache utils-merge@https://registry.npmjs.org/utils-merge/-/utils-merge-1.0.1.tgz 0ms (cache hit)
74 http cache utila@https://registry.npmjs.org/utila/-/utila-0.4.0.tgz 0ms (cache hit)
75 http cache util.promisify@https://registry.npmjs.org/util.promisify/-/util.promisify-1.0.1.tgz 0ms (cache hit)
76 http cache util-deprecate@https://registry.npmjs.org/util-deprecate/-/util-deprecate-1.0.2.tgz 0ms (cache hit)
77 http cache uri-js@https://registry.npmjs.org/uri-js/-/uri-js-4.4.1.tgz 0ms (cache hit)
78 http cache update-browserslist-db@https://registry.npmjs.org/update-browserslist-db/-/update-browserslist-db-1.1.0.tgz 0ms (cache hit)
79 http cache upath@https://registry.npmjs.org/upath/-/upath-1.2.0.tgz 0ms (cache hit)
80 http cache unquote@https://registry.npmjs.org/unquote/-/unquote-1.1.1.tgz 0ms (cache hit)
81 http cache unpipe@https://registry.npmjs.org/unpipe/-/unpipe-1.0.0.tgz 0ms (cache hit)
82 http cache universalify@https://registry.npmjs.org/universalify/-/universalify-2.0.0.tgz 0ms (cache hit)
83 http cache unique-string@https://registry.npmjs.org/unique-string/-/unique-string-2.0.0.tgz 0ms (cache hit)
84 http cache unicode-property-aliases-ecmascript@https://registry.npmjs.org/unicode-property-aliases-ecmascript/-/unicode-property-aliases-ecmascript-2.0.0.tgz 0ms (cache hit)
85 http cache unicode-match-property-value-ecmascript@https://registry.npmjs.org/unicode-match-property-value-ecmascript/-/unicode-match-property-value-ecmascript-2.0.0.tgz 0ms (cache hit)
86 http cache unicode-match-property-ecmascript@https://registry.npmjs.org/unicode-match-property-ecmascript/-/unicode-match-property-ecmascript-2.0.0.tgz 0ms (cache hit)
87 http cache unicode-canonical-property-names-ecmascript@https://registry.npmjs.org/unicode-canonical-property-names-ecmascript/-/unicode-canonical-property-names-ecmascript-2.0.0.tgz 0ms (cache hit)
88 http cache unbox-primitive@https://registry.npmjs.org/unbox-primitive/-/unbox-primitive-1.0.2.tgz 0ms (cache hit)
89 http cache typescript@https://registry.npmjs.org/typescript/-/typescript-4.9.5.tgz 0ms (cache hit)
90 http cache typedarray-to-buffer@https://registry.npmjs.org/typedarray-to-buffer/-/typedarray-to-buffer-3.1.5.tgz 0ms (cache hit)
91 http cache typed-array-length@https://registry.npmjs.org/typed-array-length/-/typed-array-length-1.0.4.tgz 0ms (cache hit)
92 http cache type-is@https://registry.npmjs.org/type-is/-/type-is-1.6.18.tgz 0ms (cache hit)
93 http cache type-fest@https://registry.npmjs.org/type-fest/-/type-fest-0.21.3.tgz 0ms (cache hit)
94 http cache type-detect@https://registry.npmjs.org/type-detect/-/type-detect-4.0.8.tgz 0ms (cache hit)
95 http cache type-check@https://registry.npmjs.org/type-check/-/type-check-0.4.0.tgz 0ms (cache hit)
96 http cache tsutils@https://registry.npmjs.org/tsutils/-/tsutils-3.21.0.tgz 0ms (cache hit)
97 http cache tslib@https://registry.npmjs.org/tslib/-/tslib-2.3.1.tgz 0ms (cache hit)
98 http cache tsconfig-paths@https://registry.npmjs.org/tsconfig-paths/-/tsconfig-paths-3.14.2.tgz 0ms (cache hit)
99 http cache tr46@https://registry.npmjs.org/tr46/-/tr46-2.1.0.tgz 0ms (cache hit)
100 http cache tough-cookie@https://registry.npmjs.org/tough-cookie/-/tough-cookie-4.0.0.tgz 0ms (cache hit)
101 http cache tryer@https://registry.npmjs.org/tryer/-/tryer-1.0.1.tgz 0ms (cache hit)
102 http cache toidentifier@https://registry.npmjs.org/toidentifier/-/toidentifier-1.0.1.tgz 0ms (cache hit)
103 http cache to-regex-range@https://registry.npmjs.org/to-regex-range/-/to-regex-range-5.0.1.tgz 0ms (cache hit)
104 http cache to-fast-properties@https://registry.npmjs.org/to-fast-properties/-/to-fast-properties-2.0.0.tgz 0ms (cache hit)
105 http cache tmpl@https://registry.npmjs.org/tmpl/-/tmpl-1.0.5.tgz 0ms (cache hit)
106 http cache tiny-invariant@https://registry.npmjs.org/tiny-invariant/-/tiny-invariant-1.2.0.tgz 0ms (cache hit)
107 http cache tiny-warning@https://registry.npmjs.org/tiny-warning/-/tiny-warning-1.0.3.tgz 0ms (cache hit)
108 http cache timsort@https://registry.npmjs.org/timsort/-/timsort-0.3.0.tgz 0ms (cache hit)
109 http cache thunky@https://registry.npmjs.org/thunky/-/thunky-1.1.0.tgz 0ms (cache hit)
110 http cache throat@https://registry.npmjs.org/throat/-/throat-6.0.1.tgz 0ms (cache hit)
111 http cache text-table@https://registry.npmjs.org/text-table/-/text-table-0.2.0.tgz 0ms (cache hit)
112 http cache test-exclude@https://registry.npmjs.org/test-exclude/-/test-exclude-6.0.0.tgz 0ms (cache hit)
113 http cache terser-webpack-plugin@https://registry.npmjs.org/terser-webpack-plugin/-/terser-webpack-plugin-5.3.10.tgz 0ms (cache hit)
114 http cache terser@https://registry.npmjs.org/terser/-/terser-5.31.6.tgz 0ms (cache hit)
115 http cache terminal-link@https://registry.npmjs.org/terminal-link/-/terminal-link-2.1.1.tgz 0ms (cache hit)
116 http cache tempy@https://registry.npmjs.org/tempy/-/tempy-0.6.0.tgz 0ms (cache hit)
117 http cache temp-dir@https://registry.npmjs.org/temp-dir/-/temp-dir-2.0.0.tgz 0ms (cache hit)
118 http cache tapable@https://registry.npmjs.org/tapable/-/tapable-2.2.1.tgz 0ms (cache hit)
119 http cache tailwindcss@https://registry.npmjs.org/tailwindcss/-/tailwindcss-3.0.16.tgz 0ms (cache hit)
120 http cache symbol-tree@https://registry.npmjs.org/symbol-tree/-/symbol-tree-3.2.4.tgz 0ms (cache hit)
121 http cache svgo@https://registry.npmjs.org/svgo/-/svgo-1.3.2.tgz 0ms (cache hit)
122 http cache svg-parser@https://registry.npmjs.org/svg-parser/-/svg-parser-2.0.4.tgz 0ms (cache hit)
123 http cache supports-preserve-symlinks-flag@https://registry.npmjs.org/supports-preserve-symlinks-flag/-/supports-preserve-symlinks-flag-1.0.0.tgz 0ms (cache hit)
124 http cache supports-hyperlinks@https://registry.npmjs.org/supports-hyperlinks/-/supports-hyperlinks-2.2.0.tgz 0ms (cache hit)
125 http cache supports-color@https://registry.npmjs.org/supports-color/-/supports-color-5.5.0.tgz 0ms (cache hit)
126 http cache stylis@https://registry.npmjs.org/stylis/-/stylis-4.0.13.tgz 0ms (cache hit)
127 http cache stylehacks@https://registry.npmjs.org/stylehacks/-/stylehacks-5.0.2.tgz 0ms (cache hit)
128 http cache style-loader@https://registry.npmjs.org/style-loader/-/style-loader-3.3.1.tgz 0ms (cache hit)
129 http cache strip-json-comments@https://registry.npmjs.org/strip-json-comments/-/strip-json-comments-3.1.1.tgz 0ms (cache hit)
130 http cache strip-final-newline@https://registry.npmjs.org/strip-final-newline/-/strip-final-newline-2.0.0.tgz 0ms (cache hit)
131 http cache strip-comments@https://registry.npmjs.org/strip-comments/-/strip-comments-2.0.1.tgz 0ms (cache hit)
132 http cache strip-bom@https://registry.npmjs.org/strip-bom/-/strip-bom-4.0.0.tgz 0ms (cache hit)
133 http cache stringify-object@https://registry.npmjs.org/stringify-object/-/stringify-object-3.3.0.tgz 0ms (cache hit)
134 http cache strip-ansi@https://registry.npmjs.org/strip-ansi/-/strip-ansi-6.0.1.tgz 0ms (cache hit)
135 http cache string.prototype.trimstart@https://registry.npmjs.org/string.prototype.trimstart/-/string.prototype.trimstart-1.0.6.tgz 0ms (cache hit)
136 http cache string.prototype.trimend@https://registry.npmjs.org/string.prototype.trimend/-/string.prototype.trimend-1.0.6.tgz 0ms (cache hit)
137 http cache string.prototype.trim@https://registry.npmjs.org/string.prototype.trim/-/string.prototype.trim-1.2.7.tgz 0ms (cache hit)
138 http cache string.prototype.matchall@https://registry.npmjs.org/string.prototype.matchall/-/string.prototype.matchall-4.0.8.tgz 0ms (cache hit)
139 http cache string-width@https://registry.npmjs.org/string-width/-/string-width-4.2.3.tgz 0ms (cache hit)
140 http cache string-natural-compare@https://registry.npmjs.org/string-natural-compare/-/string-natural-compare-3.0.1.tgz 0ms (cache hit)
141 http cache string-length@https://registry.npmjs.org/string-length/-/string-length-4.0.2.tgz 0ms (cache hit)
142 http cache string_decoder@https://registry.npmjs.org/string_decoder/-/string_decoder-1.3.0.tgz 0ms (cache hit)
143 http cache stop-iteration-iterator@https://registry.npmjs.org/stop-iteration-iterator/-/stop-iteration-iterator-1.0.0.tgz 0ms (cache hit)
144 http cache statuses@https://registry.npmjs.org/statuses/-/statuses-1.5.0.tgz 0ms (cache hit)
145 http cache stackframe@https://registry.npmjs.org/stackframe/-/stackframe-1.2.0.tgz 0ms (cache hit)
146 http cache stack-utils@https://registry.npmjs.org/stack-utils/-/stack-utils-2.0.5.tgz 0ms (cache hit)
147 http cache stable@https://registry.npmjs.org/stable/-/stable-0.1.8.tgz 0ms (cache hit)
148 http cache sprintf-js@https://registry.npmjs.org/sprintf-js/-/sprintf-js-1.0.3.tgz 0ms (cache hit)
149 http cache spdy-transport@https://registry.npmjs.org/spdy-transport/-/spdy-transport-3.0.0.tgz 0ms (cache hit)
150 http cache spdy@https://registry.npmjs.org/spdy/-/spdy-4.0.2.tgz 0ms (cache hit)
151 http cache sourcemap-codec@https://registry.npmjs.org/sourcemap-codec/-/sourcemap-codec-1.4.8.tgz 0ms (cache hit)
152 http cache source-map-url@https://registry.npmjs.org/source-map-url/-/source-map-url-0.4.1.tgz 0ms (cache hit)
153 http cache source-map-support@https://registry.npmjs.org/source-map-support/-/source-map-support-0.5.21.tgz 0ms (cache hit)
154 http cache source-map-loader@https://registry.npmjs.org/source-map-loader/-/source-map-loader-3.0.1.tgz 0ms (cache hit)
155 http cache source-map-js@https://registry.npmjs.org/source-map-js/-/source-map-js-1.0.2.tgz 0ms (cache hit)
156 http cache source-map@https://registry.npmjs.org/source-map/-/source-map-0.5.7.tgz 0ms (cache hit)
157 http cache source-list-map@https://registry.npmjs.org/source-list-map/-/source-list-map-2.0.1.tgz 0ms (cache hit)
158 http cache sockjs@https://registry.npmjs.org/sockjs/-/sockjs-0.3.24.tgz 0ms (cache hit)
159 http cache slash@https://registry.npmjs.org/slash/-/slash-3.0.0.tgz 0ms (cache hit)
160 http cache sisteransi@https://registry.npmjs.org/sisteransi/-/sisteransi-1.0.5.tgz 0ms (cache hit)
161 http cache signal-exit@https://registry.npmjs.org/signal-exit/-/signal-exit-3.0.6.tgz 0ms (cache hit)
162 http cache side-channel@https://registry.npmjs.org/side-channel/-/side-channel-1.0.6.tgz 0ms (cache hit)
163 http cache shell-quote@https://registry.npmjs.org/shell-quote/-/shell-quote-1.8.0.tgz 0ms (cache hit)
164 http cache shebang-regex@https://registry.npmjs.org/shebang-regex/-/shebang-regex-3.0.0.tgz 0ms (cache hit)
165 http cache shebang-command@https://registry.npmjs.org/shebang-command/-/shebang-command-2.0.0.tgz 0ms (cache hit)
166 http cache setprototypeof@https://registry.npmjs.org/setprototypeof/-/setprototypeof-1.2.0.tgz 0ms (cache hit)
167 http cache set-function-length@https://registry.npmjs.org/set-function-length/-/set-function-length-1.2.2.tgz 0ms (cache hit)
168 http cache serve-static@https://registry.npmjs.org/serve-static/-/serve-static-1.16.2.tgz 0ms (cache hit)
169 http cache serve-index@https://registry.npmjs.org/serve-index/-/serve-index-1.9.1.tgz 0ms (cache hit)
170 http cache serialize-javascript@https://registry.npmjs.org/serialize-javascript/-/serialize-javascript-6.0.2.tgz 0ms (cache hit)
171 http cache send@https://registry.npmjs.org/send/-/send-0.19.0.tgz 0ms (cache hit)
172 http cache semver@https://registry.npmjs.org/semver/-/semver-7.3.5.tgz 0ms (cache hit)
173 http cache selfsigned@https://registry.npmjs.org/selfsigned/-/selfsigned-2.0.0.tgz 0ms (cache hit)
174 http cache select-hose@https://registry.npmjs.org/select-hose/-/select-hose-2.0.0.tgz 0ms (cache hit)
175 http cache schema-utils@https://registry.npmjs.org/schema-utils/-/schema-utils-3.3.0.tgz 0ms (cache hit)
176 http cache scheduler@https://registry.npmjs.org/scheduler/-/scheduler-0.20.2.tgz 0ms (cache hit)
177 http cache saxes@https://registry.npmjs.org/saxes/-/saxes-5.0.1.tgz 0ms (cache hit)
178 http cache sax@https://registry.npmjs.org/sax/-/sax-1.2.4.tgz 0ms (cache hit)
179 http cache sass-loader@https://registry.npmjs.org/sass-loader/-/sass-loader-12.4.0.tgz 0ms (cache hit)
180 http cache sanitize.css@https://registry.npmjs.org/sanitize.css/-/sanitize.css-13.0.0.tgz 0ms (cache hit)
181 http cache safer-buffer@https://registry.npmjs.org/safer-buffer/-/safer-buffer-2.1.2.tgz 0ms (cache hit)
182 http cache safe-regex-test@https://registry.npmjs.org/safe-regex-test/-/safe-regex-test-1.0.0.tgz 0ms (cache hit)
183 http cache safe-buffer@https://registry.npmjs.org/safe-buffer/-/safe-buffer-5.1.2.tgz 0ms (cache hit)
184 http cache run-parallel@https://registry.npmjs.org/run-parallel/-/run-parallel-1.2.0.tgz 0ms (cache hit)
185 http cache rollup-plugin-terser@https://registry.npmjs.org/rollup-plugin-terser/-/rollup-plugin-terser-7.0.2.tgz 0ms (cache hit)
186 http cache rollup@https://registry.npmjs.org/rollup/-/rollup-2.66.0.tgz 0ms (cache hit)
187 http cache rimraf@https://registry.npmjs.org/rimraf/-/rimraf-3.0.2.tgz 0ms (cache hit)
188 http cache reusify@https://registry.npmjs.org/reusify/-/reusify-1.0.4.tgz 0ms (cache hit)
189 http cache retry@https://registry.npmjs.org/retry/-/retry-0.13.1.tgz 0ms (cache hit)
190 http cache resolve.exports@https://registry.npmjs.org/resolve.exports/-/resolve.exports-1.1.0.tgz 0ms (cache hit)
191 http cache resolve-url-loader@https://registry.npmjs.org/resolve-url-loader/-/resolve-url-loader-4.0.0.tgz 0ms (cache hit)
192 http cache resolve-pathname@https://registry.npmjs.org/resolve-pathname/-/resolve-pathname-3.0.0.tgz 0ms (cache hit)
193 http cache resolve-from@https://registry.npmjs.org/resolve-from/-/resolve-from-5.0.0.tgz 0ms (cache hit)
194 http cache resolve-cwd@https://registry.npmjs.org/resolve-cwd/-/resolve-cwd-3.0.0.tgz 0ms (cache hit)
195 http cache resolve@https://registry.npmjs.org/resolve/-/resolve-1.22.0.tgz 0ms (cache hit)
196 http cache requires-port@https://registry.npmjs.org/requires-port/-/requires-port-1.0.0.tgz 0ms (cache hit)
197 http cache require-from-string@https://registry.npmjs.org/require-from-string/-/require-from-string-2.0.2.tgz 0ms (cache hit)
198 http cache require-directory@https://registry.npmjs.org/require-directory/-/require-directory-2.1.1.tgz 0ms (cache hit)
199 http cache renderkid@https://registry.npmjs.org/renderkid/-/renderkid-3.0.0.tgz 0ms (cache hit)
200 http cache relateurl@https://registry.npmjs.org/relateurl/-/relateurl-0.2.7.tgz 0ms (cache hit)
201 http cache regjsparser@https://registry.npmjs.org/regjsparser/-/regjsparser-0.7.0.tgz 0ms (cache hit)
202 http cache regjsgen@https://registry.npmjs.org/regjsgen/-/regjsgen-0.5.2.tgz 0ms (cache hit)
203 http cache regexpu-core@https://registry.npmjs.org/regexpu-core/-/regexpu-core-4.8.0.tgz 0ms (cache hit)
204 http cache regexpp@https://registry.npmjs.org/regexpp/-/regexpp-3.2.0.tgz 0ms (cache hit)
205 http cache regexp.prototype.flags@https://registry.npmjs.org/regexp.prototype.flags/-/regexp.prototype.flags-1.4.3.tgz 0ms (cache hit)
206 http cache regex-parser@https://registry.npmjs.org/regex-parser/-/regex-parser-2.2.11.tgz 0ms (cache hit)
207 http cache regenerator-transform@https://registry.npmjs.org/regenerator-transform/-/regenerator-transform-0.14.5.tgz 0ms (cache hit)
208 http cache regenerator-runtime@https://registry.npmjs.org/regenerator-runtime/-/regenerator-runtime-0.13.11.tgz 0ms (cache hit)
209 http cache regenerate@https://registry.npmjs.org/regenerate/-/regenerate-1.4.2.tgz 0ms (cache hit)
210 http cache recursive-readdir@https://registry.npmjs.org/recursive-readdir/-/recursive-readdir-2.2.3.tgz 0ms (cache hit)
211 http cache regenerate-unicode-properties@https://registry.npmjs.org/regenerate-unicode-properties/-/regenerate-unicode-properties-9.0.0.tgz 0ms (cache hit)
212 http cache readdirp@https://registry.npmjs.org/readdirp/-/readdirp-3.6.0.tgz 0ms (cache hit)
213 http cache readable-stream@https://registry.npmjs.org/readable-stream/-/readable-stream-3.6.0.tgz 0ms (cache hit)
214 http cache react-transition-group@https://registry.npmjs.org/react-transition-group/-/react-transition-group-4.4.2.tgz 0ms (cache hit)
215 http cache react-scripts@https://registry.npmjs.org/react-scripts/-/react-scripts-5.0.1.tgz 0ms (cache hit)
216 http cache react-router-dom@https://registry.npmjs.org/react-router-dom/-/react-router-dom-5.3.0.tgz 0ms (cache hit)
217 http cache react-router@https://registry.npmjs.org/react-router/-/react-router-5.2.1.tgz 0ms (cache hit)
218 http cache react-refresh@https://registry.npmjs.org/react-refresh/-/react-refresh-0.11.0.tgz 0ms (cache hit)
219 http cache react-is@https://registry.npmjs.org/react-is/-/react-is-16.13.1.tgz 0ms (cache hit)
220 http cache react-error-overlay@https://registry.npmjs.org/react-error-overlay/-/react-error-overlay-6.0.11.tgz 0ms (cache hit)
221 http cache react-dom@https://registry.npmjs.org/react-dom/-/react-dom-17.0.2.tgz 0ms (cache hit)
222 http cache react-dev-utils@https://registry.npmjs.org/react-dev-utils/-/react-dev-utils-12.0.1.tgz 0ms (cache hit)
223 http cache react-app-polyfill@https://registry.npmjs.org/react-app-polyfill/-/react-app-polyfill-3.0.0.tgz 0ms (cache hit)
224 http cache react@https://registry.npmjs.org/react/-/react-17.0.2.tgz 0ms (cache hit)
225 http cache raw-body@https://registry.npmjs.org/raw-body/-/raw-body-2.5.2.tgz 0ms (cache hit)
226 http cache range-parser@https://registry.npmjs.org/range-parser/-/range-parser-1.2.1.tgz 0ms (cache hit)
227 http cache randombytes@https://registry.npmjs.org/randombytes/-/randombytes-2.1.0.tgz 0ms (cache hit)
228 http cache raf@https://registry.npmjs.org/raf/-/raf-3.4.1.tgz 0ms (cache hit)
229 http cache quick-lru@https://registry.npmjs.org/quick-lru/-/quick-lru-5.1.1.tgz 0ms (cache hit)
230 http cache queue-microtask@https://registry.npmjs.org/queue-microtask/-/queue-microtask-1.2.3.tgz 0ms (cache hit)
231 http cache qs@https://registry.npmjs.org/qs/-/qs-6.13.0.tgz 0ms (cache hit)
232 http cache q@https://registry.npmjs.org/q/-/q-1.5.1.tgz 0ms (cache hit)
233 http cache punycode@https://registry.npmjs.org/punycode/-/punycode-2.1.1.tgz 0ms (cache hit)
234 http cache psl@https://registry.npmjs.org/psl/-/psl-1.8.0.tgz 0ms (cache hit)
235 http cache proxy-addr@https://registry.npmjs.org/proxy-addr/-/proxy-addr-2.0.7.tgz 0ms (cache hit)
236 http cache prop-types@https://registry.npmjs.org/prop-types/-/prop-types-15.8.1.tgz 0ms (cache hit)
237 http cache prompts@https://registry.npmjs.org/prompts/-/prompts-2.4.2.tgz 0ms (cache hit)
238 http cache promise@https://registry.npmjs.org/promise/-/promise-8.1.0.tgz 0ms (cache hit)
239 http cache process-nextick-args@https://registry.npmjs.org/process-nextick-args/-/process-nextick-args-2.0.1.tgz 0ms (cache hit)
240 http cache pretty-format@https://registry.npmjs.org/pretty-format/-/pretty-format-27.4.6.tgz 0ms (cache hit)
241 http cache pretty-error@https://registry.npmjs.org/pretty-error/-/pretty-error-4.0.0.tgz 0ms (cache hit)
242 http cache pretty-bytes@https://registry.npmjs.org/pretty-bytes/-/pretty-bytes-5.6.0.tgz 0ms (cache hit)
243 http cache prelude-ls@https://registry.npmjs.org/prelude-ls/-/prelude-ls-1.2.1.tgz 0ms (cache hit)
244 http cache postcss-value-parser@https://registry.npmjs.org/postcss-value-parser/-/postcss-value-parser-4.2.0.tgz 0ms (cache hit)
245 http cache postcss-unique-selectors@https://registry.npmjs.org/postcss-unique-selectors/-/postcss-unique-selectors-5.0.3.tgz 0ms (cache hit)
246 http cache postcss-svgo@https://registry.npmjs.org/postcss-svgo/-/postcss-svgo-5.0.3.tgz 0ms (cache hit)
247 http cache postcss-selector-parser@https://registry.npmjs.org/postcss-selector-parser/-/postcss-selector-parser-6.0.9.tgz 0ms (cache hit)
248 http cache postcss-selector-not@https://registry.npmjs.org/postcss-selector-not/-/postcss-selector-not-5.0.0.tgz 0ms (cache hit)
249 http cache postcss-replace-overflow-wrap@https://registry.npmjs.org/postcss-replace-overflow-wrap/-/postcss-replace-overflow-wrap-4.0.0.tgz 0ms (cache hit)
250 http cache postcss-reduce-transforms@https://registry.npmjs.org/postcss-reduce-transforms/-/postcss-reduce-transforms-5.0.3.tgz 0ms (cache hit)
251 http cache postcss-reduce-initial@https://registry.npmjs.org/postcss-reduce-initial/-/postcss-reduce-initial-5.0.2.tgz 0ms (cache hit)
252 http cache postcss-pseudo-class-any-link@https://registry.npmjs.org/postcss-pseudo-class-any-link/-/postcss-pseudo-class-any-link-7.0.2.tgz 0ms (cache hit)
253 http cache postcss-preset-env@https://registry.npmjs.org/postcss-preset-env/-/postcss-preset-env-7.2.3.tgz 0ms (cache hit)
254 http cache postcss-place@https://registry.npmjs.org/postcss-place/-/postcss-place-7.0.3.tgz 0ms (cache hit)
255 http cache postcss-page-break@https://registry.npmjs.org/postcss-page-break/-/postcss-page-break-3.0.4.tgz 0ms (cache hit)
256 http cache postcss-overflow-shorthand@https://registry.npmjs.org/postcss-overflow-shorthand/-/postcss-overflow-shorthand-3.0.2.tgz 0ms (cache hit)
257 http cache postcss-ordered-values@https://registry.npmjs.org/postcss-ordered-values/-/postcss-ordered-values-5.0.4.tgz 0ms (cache hit)
258 http cache postcss-normalize-whitespace@https://registry.npmjs.org/postcss-normalize-whitespace/-/postcss-normalize-whitespace-5.0.3.tgz 0ms (cache hit)
259 http cache postcss-normalize-url@https://registry.npmjs.org/postcss-normalize-url/-/postcss-normalize-url-5.0.4.tgz 0ms (cache hit)
260 http cache postcss-normalize-unicode@https://registry.npmjs.org/postcss-normalize-unicode/-/postcss-normalize-unicode-5.0.3.tgz 0ms (cache hit)
261 http cache postcss-normalize-timing-functions@https://registry.npmjs.org/postcss-normalize-timing-functions/-/postcss-normalize-timing-functions-5.0.2.tgz 0ms (cache hit)
262 http cache postcss-normalize-string@https://registry.npmjs.org/postcss-normalize-string/-/postcss-normalize-string-5.0.3.tgz 0ms (cache hit)
263 http cache postcss-normalize-repeat-style@https://registry.npmjs.org/postcss-normalize-repeat-style/-/postcss-normalize-repeat-style-5.0.3.tgz 0ms (cache hit)
264 http cache postcss-normalize-positions@https://registry.npmjs.org/postcss-normalize-positions/-/postcss-normalize-positions-5.0.3.tgz 0ms (cache hit)
265 http cache postcss-normalize-display-values@https://registry.npmjs.org/postcss-normalize-display-values/-/postcss-normalize-display-values-5.0.2.tgz 0ms (cache hit)
266 http cache postcss-normalize-charset@https://registry.npmjs.org/postcss-normalize-charset/-/postcss-normalize-charset-5.0.2.tgz 0ms (cache hit)
267 http cache postcss-normalize@https://registry.npmjs.org/postcss-normalize/-/postcss-normalize-10.0.1.tgz 0ms (cache hit)
268 http cache postcss-nesting@https://registry.npmjs.org/postcss-nesting/-/postcss-nesting-10.1.2.tgz 0ms (cache hit)
269 http cache postcss-nested@https://registry.npmjs.org/postcss-nested/-/postcss-nested-5.0.6.tgz 0ms (cache hit)
270 http cache postcss-modules-values@https://registry.npmjs.org/postcss-modules-values/-/postcss-modules-values-4.0.0.tgz 0ms (cache hit)
271 http cache postcss-modules-scope@https://registry.npmjs.org/postcss-modules-scope/-/postcss-modules-scope-3.0.0.tgz 0ms (cache hit)
272 http cache postcss-modules-local-by-default@https://registry.npmjs.org/postcss-modules-local-by-default/-/postcss-modules-local-by-default-4.0.0.tgz 0ms (cache hit)
273 http cache postcss-modules-extract-imports@https://registry.npmjs.org/postcss-modules-extract-imports/-/postcss-modules-extract-imports-3.0.0.tgz 0ms (cache hit)
274 http cache postcss-minify-selectors@https://registry.npmjs.org/postcss-minify-selectors/-/postcss-minify-selectors-5.1.2.tgz 0ms (cache hit)
275 http cache postcss-minify-params@https://registry.npmjs.org/postcss-minify-params/-/postcss-minify-params-5.0.4.tgz 0ms (cache hit)
276 http cache postcss-minify-gradients@https://registry.npmjs.org/postcss-minify-gradients/-/postcss-minify-gradients-5.0.5.tgz 0ms (cache hit)
277 http cache postcss-minify-font-values@https://registry.npmjs.org/postcss-minify-font-values/-/postcss-minify-font-values-5.0.3.tgz 0ms (cache hit)
278 http cache postcss-merge-rules@https://registry.npmjs.org/postcss-merge-rules/-/postcss-merge-rules-5.0.5.tgz 0ms (cache hit)
279 http cache postcss-merge-longhand@https://registry.npmjs.org/postcss-merge-longhand/-/postcss-merge-longhand-5.0.5.tgz 0ms (cache hit)
280 http cache postcss-media-minmax@https://registry.npmjs.org/postcss-media-minmax/-/postcss-media-minmax-5.0.0.tgz 0ms (cache hit)
281 http cache postcss-logical@https://registry.npmjs.org/postcss-logical/-/postcss-logical-5.0.3.tgz 0ms (cache hit)
282 http cache postcss-loader@https://registry.npmjs.org/postcss-loader/-/postcss-loader-6.2.1.tgz 0ms (cache hit)
283 http cache postcss-load-config@https://registry.npmjs.org/postcss-load-config/-/postcss-load-config-3.1.1.tgz 0ms (cache hit)
284 http cache postcss-lab-function@https://registry.npmjs.org/postcss-lab-function/-/postcss-lab-function-4.0.3.tgz 0ms (cache hit)
285 http cache postcss-js@https://registry.npmjs.org/postcss-js/-/postcss-js-4.0.0.tgz 0ms (cache hit)
286 http cache postcss-initial@https://registry.npmjs.org/postcss-initial/-/postcss-initial-4.0.1.tgz 0ms (cache hit)
287 http cache postcss-image-set-function@https://registry.npmjs.org/postcss-image-set-function/-/postcss-image-set-function-4.0.4.tgz 0ms (cache hit)
288 http cache postcss-gap-properties@https://registry.npmjs.org/postcss-gap-properties/-/postcss-gap-properties-3.0.2.tgz 0ms (cache hit)
289 http cache postcss-font-variant@https://registry.npmjs.org/postcss-font-variant/-/postcss-font-variant-5.0.0.tgz 0ms (cache hit)
290 http cache postcss-focus-within@https://registry.npmjs.org/postcss-focus-within/-/postcss-focus-within-5.0.3.tgz 0ms (cache hit)
291 http cache postcss-focus-visible@https://registry.npmjs.org/postcss-focus-visible/-/postcss-focus-visible-6.0.3.tgz 0ms (cache hit)
292 http cache postcss-flexbugs-fixes@https://registry.npmjs.org/postcss-flexbugs-fixes/-/postcss-flexbugs-fixes-5.0.2.tgz 0ms (cache hit)
293 http cache postcss-env-function@https://registry.npmjs.org/postcss-env-function/-/postcss-env-function-4.0.4.tgz 0ms (cache hit)
294 http cache postcss-double-position-gradients@https://registry.npmjs.org/postcss-double-position-gradients/-/postcss-double-position-gradients-3.0.4.tgz 0ms (cache hit)
295 http cache postcss-discard-overridden@https://registry.npmjs.org/postcss-discard-overridden/-/postcss-discard-overridden-5.0.3.tgz 0ms (cache hit)
296 http cache postcss-discard-empty@https://registry.npmjs.org/postcss-discard-empty/-/postcss-discard-empty-5.0.2.tgz 0ms (cache hit)
297 http cache postcss-discard-duplicates@https://registry.npmjs.org/postcss-discard-duplicates/-/postcss-discard-duplicates-5.0.2.tgz 0ms (cache hit)
298 http cache postcss-discard-comments@https://registry.npmjs.org/postcss-discard-comments/-/postcss-discard-comments-5.0.2.tgz 0ms (cache hit)
299 http cache postcss-dir-pseudo-class@https://registry.npmjs.org/postcss-dir-pseudo-class/-/postcss-dir-pseudo-class-6.0.3.tgz 0ms (cache hit)
300 http cache postcss-custom-selectors@https://registry.npmjs.org/postcss-custom-selectors/-/postcss-custom-selectors-6.0.0.tgz 0ms (cache hit)
301 http cache postcss-custom-properties@https://registry.npmjs.org/postcss-custom-properties/-/postcss-custom-properties-12.1.3.tgz 0ms (cache hit)
302 http cache postcss-custom-media@https://registry.npmjs.org/postcss-custom-media/-/postcss-custom-media-8.0.0.tgz 0ms (cache hit)
303 http cache postcss-convert-values@https://registry.npmjs.org/postcss-convert-values/-/postcss-convert-values-5.0.3.tgz 1ms (cache hit)
304 http cache postcss-colormin@https://registry.npmjs.org/postcss-colormin/-/postcss-colormin-5.2.4.tgz 0ms (cache hit)
305 http cache postcss-color-rebeccapurple@https://registry.npmjs.org/postcss-color-rebeccapurple/-/postcss-color-rebeccapurple-7.0.2.tgz 0ms (cache hit)
306 http cache postcss-color-hex-alpha@https://registry.npmjs.org/postcss-color-hex-alpha/-/postcss-color-hex-alpha-8.0.2.tgz 0ms (cache hit)
307 http cache postcss-color-functional-notation@https://registry.npmjs.org/postcss-color-functional-notation/-/postcss-color-functional-notation-4.2.1.tgz 0ms (cache hit)
308 http cache postcss-calc@https://registry.npmjs.org/postcss-calc/-/postcss-calc-8.2.2.tgz 0ms (cache hit)
309 http cache postcss-browser-comments@https://registry.npmjs.org/postcss-browser-comments/-/postcss-browser-comments-4.0.0.tgz 0ms (cache hit)
310 http cache postcss-attribute-case-insensitive@https://registry.npmjs.org/postcss-attribute-case-insensitive/-/postcss-attribute-case-insensitive-5.0.0.tgz 0ms (cache hit)
311 http cache postcss@https://registry.npmjs.org/postcss/-/postcss-8.4.5.tgz 0ms (cache hit)
312 http cache portfinder@https://registry.npmjs.org/portfinder/-/portfinder-1.0.28.tgz 0ms (cache hit)
313 http cache pkg-up@https://registry.npmjs.org/pkg-up/-/pkg-up-3.1.0.tgz 0ms (cache hit)
314 http cache pkg-dir@https://registry.npmjs.org/pkg-dir/-/pkg-dir-4.2.0.tgz 0ms (cache hit)
315 http cache pirates@https://registry.npmjs.org/pirates/-/pirates-4.0.5.tgz 0ms (cache hit)
316 http cache picomatch@https://registry.npmjs.org/picomatch/-/picomatch-2.3.1.tgz 0ms (cache hit)
317 http cache picocolors@https://registry.npmjs.org/picocolors/-/picocolors-1.0.1.tgz 0ms (cache hit)
318 http cache performance-now@https://registry.npmjs.org/performance-now/-/performance-now-2.1.0.tgz 0ms (cache hit)
319 http cache path-type@https://registry.npmjs.org/path-type/-/path-type-4.0.0.tgz 0ms (cache hit)
320 http cache path-to-regexp@https://registry.npmjs.org/path-to-regexp/-/path-to-regexp-0.1.10.tgz 0ms (cache hit)
321 http cache path-parse@https://registry.npmjs.org/path-parse/-/path-parse-1.0.7.tgz 0ms (cache hit)
322 http cache path-key@https://registry.npmjs.org/path-key/-/path-key-3.1.1.tgz 0ms (cache hit)
323 http cache path-is-absolute@https://registry.npmjs.org/path-is-absolute/-/path-is-absolute-1.0.1.tgz 0ms (cache hit)
324 http cache path-exists@https://registry.npmjs.org/path-exists/-/path-exists-4.0.0.tgz 0ms (cache hit)
325 http cache pascal-case@https://registry.npmjs.org/pascal-case/-/pascal-case-3.1.2.tgz 0ms (cache hit)
326 http cache parseurl@https://registry.npmjs.org/parseurl/-/parseurl-1.3.3.tgz 0ms (cache hit)
327 http cache parse5@https://registry.npmjs.org/parse5/-/parse5-6.0.1.tgz 0ms (cache hit)
328 http cache parse-json@https://registry.npmjs.org/parse-json/-/parse-json-5.2.0.tgz 0ms (cache hit)
329 http cache parent-module@https://registry.npmjs.org/parent-module/-/parent-module-1.0.1.tgz 0ms (cache hit)
330 http cache param-case@https://registry.npmjs.org/param-case/-/param-case-3.0.4.tgz 0ms (cache hit)
331 http cache p-try@https://registry.npmjs.org/p-try/-/p-try-2.2.0.tgz 0ms (cache hit)
332 http cache p-retry@https://registry.npmjs.org/p-retry/-/p-retry-4.6.1.tgz 0ms (cache hit)
333 http cache p-map@https://registry.npmjs.org/p-map/-/p-map-4.0.0.tgz 0ms (cache hit)
334 http cache p-locate@https://registry.npmjs.org/p-locate/-/p-locate-5.0.0.tgz 0ms (cache hit)
335 http cache p-limit@https://registry.npmjs.org/p-limit/-/p-limit-3.1.0.tgz 0ms (cache hit)
336 http cache optionator@https://registry.npmjs.org/optionator/-/optionator-0.9.1.tgz 0ms (cache hit)
337 http cache open@https://registry.npmjs.org/open/-/open-8.4.0.tgz 0ms (cache hit)
338 http cache onetime@https://registry.npmjs.org/onetime/-/onetime-5.1.2.tgz 0ms (cache hit)
339 http cache once@https://registry.npmjs.org/once/-/once-1.4.0.tgz 0ms (cache hit)
340 http cache on-headers@https://registry.npmjs.org/on-headers/-/on-headers-1.0.2.tgz 0ms (cache hit)
341 http cache on-finished@https://registry.npmjs.org/on-finished/-/on-finished-2.4.1.tgz 0ms (cache hit)
342 http cache obuf@https://registry.npmjs.org/obuf/-/obuf-1.1.2.tgz 0ms (cache hit)
343 http cache object.values@https://registry.npmjs.org/object.values/-/object.values-1.1.6.tgz 0ms (cache hit)
344 http cache object.hasown@https://registry.npmjs.org/object.hasown/-/object.hasown-1.1.2.tgz 0ms (cache hit)
345 http cache object.getownpropertydescriptors@https://registry.npmjs.org/object.getownpropertydescriptors/-/object.getownpropertydescriptors-2.1.3.tgz 0ms (cache hit)
346 http cache object.fromentries@https://registry.npmjs.org/object.fromentries/-/object.fromentries-2.0.6.tgz 0ms (cache hit)
347 http cache object.entries@https://registry.npmjs.org/object.entries/-/object.entries-1.1.6.tgz 0ms (cache hit)
348 http cache object.assign@https://registry.npmjs.org/object.assign/-/object.assign-4.1.4.tgz 0ms (cache hit)
349 http cache object-keys@https://registry.npmjs.org/object-keys/-/object-keys-1.1.1.tgz 0ms (cache hit)
350 http cache object-is@https://registry.npmjs.org/object-is/-/object-is-1.1.5.tgz 0ms (cache hit)
351 http cache object-inspect@https://registry.npmjs.org/object-inspect/-/object-inspect-1.13.2.tgz 0ms (cache hit)
352 http cache object-hash@https://registry.npmjs.org/object-hash/-/object-hash-2.2.0.tgz 0ms (cache hit)
353 http cache object-assign@https://registry.npmjs.org/object-assign/-/object-assign-4.1.1.tgz 0ms (cache hit)
354 http cache nwsapi@https://registry.npmjs.org/nwsapi/-/nwsapi-2.2.0.tgz 0ms (cache hit)
355 http cache nth-check@https://registry.npmjs.org/nth-check/-/nth-check-2.0.1.tgz 0ms (cache hit)
356 http cache npm-run-path@https://registry.npmjs.org/npm-run-path/-/npm-run-path-4.0.1.tgz 0ms (cache hit)
357 http cache normalize-url@https://registry.npmjs.org/normalize-url/-/normalize-url-6.1.0.tgz 0ms (cache hit)
358 http cache normalize-range@https://registry.npmjs.org/normalize-range/-/normalize-range-0.1.2.tgz 0ms (cache hit)
359 http cache normalize-path@https://registry.npmjs.org/normalize-path/-/normalize-path-3.0.0.tgz 0ms (cache hit)
360 http cache node-releases@https://registry.npmjs.org/node-releases/-/node-releases-2.0.18.tgz 0ms (cache hit)
361 http cache node-int64@https://registry.npmjs.org/node-int64/-/node-int64-0.4.0.tgz 0ms (cache hit)
362 http cache node-forge@https://registry.npmjs.org/node-forge/-/node-forge-1.3.0.tgz 0ms (cache hit)
363 http cache no-case@https://registry.npmjs.org/no-case/-/no-case-3.0.4.tgz 0ms (cache hit)
364 http cache neo-async@https://registry.npmjs.org/neo-async/-/neo-async-2.6.2.tgz 0ms (cache hit)
365 http cache negotiator@https://registry.npmjs.org/negotiator/-/negotiator-0.6.3.tgz 0ms (cache hit)
366 http cache ncp@https://registry.npmjs.org/ncp/-/ncp-2.0.0.tgz 0ms (cache hit)
367 http cache natural-compare-lite@https://registry.npmjs.org/natural-compare-lite/-/natural-compare-lite-1.4.0.tgz 0ms (cache hit)
368 http cache natural-compare@https://registry.npmjs.org/natural-compare/-/natural-compare-1.4.0.tgz 0ms (cache hit)
369 http cache nanoid@https://registry.npmjs.org/nanoid/-/nanoid-3.2.0.tgz 0ms (cache hit)
370 http cache multicast-dns-service-types@https://registry.npmjs.org/multicast-dns-service-types/-/multicast-dns-service-types-1.1.0.tgz 0ms (cache hit)
371 http cache multicast-dns@https://registry.npmjs.org/multicast-dns/-/multicast-dns-6.2.3.tgz 0ms (cache hit)
372 http cache ms@https://registry.npmjs.org/ms/-/ms-2.1.2.tgz 0ms (cache hit)
373 http cache mkdirp@https://registry.npmjs.org/mkdirp/-/mkdirp-0.5.5.tgz 0ms (cache hit)
374 http cache minimist@https://registry.npmjs.org/minimist/-/minimist-1.2.6.tgz 0ms (cache hit)
375 http cache minimatch@https://registry.npmjs.org/minimatch/-/minimatch-3.1.2.tgz 0ms (cache hit)
376 http cache minimalistic-assert@https://registry.npmjs.org/minimalistic-assert/-/minimalistic-assert-1.0.1.tgz 0ms (cache hit)
377 http cache mini-css-extract-plugin@https://registry.npmjs.org/mini-css-extract-plugin/-/mini-css-extract-plugin-2.5.2.tgz 0ms (cache hit)
378 http cache mini-create-react-context@https://registry.npmjs.org/mini-create-react-context/-/mini-create-react-context-0.4.1.tgz 0ms (cache hit)
379 http cache mimic-fn@https://registry.npmjs.org/mimic-fn/-/mimic-fn-2.1.0.tgz 0ms (cache hit)
380 http cache mime-types@https://registry.npmjs.org/mime-types/-/mime-types-2.1.34.tgz 0ms (cache hit)
381 http cache mime-db@https://registry.npmjs.org/mime-db/-/mime-db-1.51.0.tgz 0ms (cache hit)
382 http cache mime@https://registry.npmjs.org/mime/-/mime-1.6.0.tgz 0ms (cache hit)
383 http cache micromatch@https://registry.npmjs.org/micromatch/-/micromatch-4.0.8.tgz 0ms (cache hit)
384 http cache methods@https://registry.npmjs.org/methods/-/methods-1.1.2.tgz 1ms (cache hit)
385 http cache merge2@https://registry.npmjs.org/merge2/-/merge2-1.4.1.tgz 0ms (cache hit)
386 http cache merge-stream@https://registry.npmjs.org/merge-stream/-/merge-stream-2.0.0.tgz 0ms (cache hit)
387 http cache merge-descriptors@https://registry.npmjs.org/merge-descriptors/-/merge-descriptors-1.0.3.tgz 0ms (cache hit)
388 http cache memfs@https://registry.npmjs.org/memfs/-/memfs-3.5.3.tgz 0ms (cache hit)
389 http cache media-typer@https://registry.npmjs.org/media-typer/-/media-typer-0.3.0.tgz 0ms (cache hit)
390 http cache mdn-data@https://registry.npmjs.org/mdn-data/-/mdn-data-2.0.4.tgz 0ms (cache hit)
391 http cache makeerror@https://registry.npmjs.org/makeerror/-/makeerror-1.0.12.tgz 0ms (cache hit)
392 http cache make-dir@https://registry.npmjs.org/make-dir/-/make-dir-3.1.0.tgz 0ms (cache hit)
393 http cache magic-string@https://registry.npmjs.org/magic-string/-/magic-string-0.25.7.tgz 0ms (cache hit)
394 http cache lru-cache@https://registry.npmjs.org/lru-cache/-/lru-cache-6.0.0.tgz 0ms (cache hit)
395 http cache lower-case@https://registry.npmjs.org/lower-case/-/lower-case-2.0.2.tgz 0ms (cache hit)
396 http cache loose-envify@https://registry.npmjs.org/loose-envify/-/loose-envify-1.4.0.tgz 0ms (cache hit)
397 http cache lodash.uniq@https://registry.npmjs.org/lodash.uniq/-/lodash.uniq-4.5.0.tgz 0ms (cache hit)
398 http cache lodash.sortby@https://registry.npmjs.org/lodash.sortby/-/lodash.sortby-4.7.0.tgz 0ms (cache hit)
399 http cache lodash.merge@https://registry.npmjs.org/lodash.merge/-/lodash.merge-4.6.2.tgz 0ms (cache hit)
400 http cache lodash.memoize@https://registry.npmjs.org/lodash.memoize/-/lodash.memoize-4.1.2.tgz 0ms (cache hit)
401 http cache lodash.debounce@https://registry.npmjs.org/lodash.debounce/-/lodash.debounce-4.0.8.tgz 0ms (cache hit)
402 http cache lodash@https://registry.npmjs.org/lodash/-/lodash-4.17.21.tgz 0ms (cache hit)
403 http cache locate-path@https://registry.npmjs.org/locate-path/-/locate-path-6.0.0.tgz 0ms (cache hit)
404 http cache loader-utils@https://registry.npmjs.org/loader-utils/-/loader-utils-2.0.4.tgz 0ms (cache hit)
405 http cache loader-runner@https://registry.npmjs.org/loader-runner/-/loader-runner-4.2.0.tgz 0ms (cache hit)
406 http cache lines-and-columns@https://registry.npmjs.org/lines-and-columns/-/lines-and-columns-1.2.4.tgz 0ms (cache hit)
407 http cache lilconfig@https://registry.npmjs.org/lilconfig/-/lilconfig-2.0.4.tgz 0ms (cache hit)
408 http cache levn@https://registry.npmjs.org/levn/-/levn-0.4.1.tgz 0ms (cache hit)
409 http cache leven@https://registry.npmjs.org/leven/-/leven-3.1.0.tgz 0ms (cache hit)
410 http cache language-tags@https://registry.npmjs.org/language-tags/-/language-tags-1.0.5.tgz 0ms (cache hit)
411 http cache language-subtag-registry@https://registry.npmjs.org/language-subtag-registry/-/language-subtag-registry-0.3.22.tgz 0ms (cache hit)
412 http cache klona@https://registry.npmjs.org/klona/-/klona-2.0.5.tgz 0ms (cache hit)
413 http cache kleur@https://registry.npmjs.org/kleur/-/kleur-3.0.3.tgz 0ms (cache hit)
414 http cache kind-of@https://registry.npmjs.org/kind-of/-/kind-of-6.0.3.tgz 0ms (cache hit)
415 http cache jsx-ast-utils@https://registry.npmjs.org/jsx-ast-utils/-/jsx-ast-utils-3.3.3.tgz 0ms (cache hit)
416 http cache jss-plugin-vendor-prefixer@https://registry.npmjs.org/jss-plugin-vendor-prefixer/-/jss-plugin-vendor-prefixer-10.9.0.tgz 0ms (cache hit)
417 http cache jss-plugin-rule-value-function@https://registry.npmjs.org/jss-plugin-rule-value-function/-/jss-plugin-rule-value-function-10.9.0.tgz 0ms (cache hit)
418 http cache jss-plugin-props-sort@https://registry.npmjs.org/jss-plugin-props-sort/-/jss-plugin-props-sort-10.9.0.tgz 0ms (cache hit)
419 http cache jss-plugin-nested@https://registry.npmjs.org/jss-plugin-nested/-/jss-plugin-nested-10.9.0.tgz 0ms (cache hit)
420 http cache jss-plugin-global@https://registry.npmjs.org/jss-plugin-global/-/jss-plugin-global-10.9.0.tgz 0ms (cache hit)
421 http cache jss-plugin-default-unit@https://registry.npmjs.org/jss-plugin-default-unit/-/jss-plugin-default-unit-10.9.0.tgz 0ms (cache hit)
422 http cache jss-plugin-camel-case@https://registry.npmjs.org/jss-plugin-camel-case/-/jss-plugin-camel-case-10.9.0.tgz 0ms (cache hit)
423 http cache jss@https://registry.npmjs.org/jss/-/jss-10.9.0.tgz 0ms (cache hit)
424 http cache jsonpointer@https://registry.npmjs.org/jsonpointer/-/jsonpointer-5.0.0.tgz 0ms (cache hit)
425 http cache jsonfile@https://registry.npmjs.org/jsonfile/-/jsonfile-6.1.0.tgz 0ms (cache hit)
426 http cache json5@https://registry.npmjs.org/json5/-/json5-2.2.3.tgz 0ms (cache hit)
427 http cache json-stable-stringify-without-jsonify@https://registry.npmjs.org/json-stable-stringify-without-jsonify/-/json-stable-stringify-without-jsonify-1.0.1.tgz 0ms (cache hit)
428 http cache json-schema-traverse@https://registry.npmjs.org/json-schema-traverse/-/json-schema-traverse-0.4.1.tgz 0ms (cache hit)
429 http cache json-schema@https://registry.npmjs.org/json-schema/-/json-schema-0.4.0.tgz 0ms (cache hit)
430 http cache json-parse-even-better-errors@https://registry.npmjs.org/json-parse-even-better-errors/-/json-parse-even-better-errors-2.3.1.tgz 0ms (cache hit)
431 http cache jsesc@https://registry.npmjs.org/jsesc/-/jsesc-2.5.2.tgz 0ms (cache hit)
432 http cache jsdom@https://registry.npmjs.org/jsdom/-/jsdom-16.7.0.tgz 0ms (cache hit)
433 http cache js-yaml@https://registry.npmjs.org/js-yaml/-/js-yaml-3.14.1.tgz 0ms (cache hit)
434 http cache js-tokens@https://registry.npmjs.org/js-tokens/-/js-tokens-4.0.0.tgz 0ms (cache hit)
435 http cache jest-worker@https://registry.npmjs.org/jest-worker/-/jest-worker-27.4.6.tgz 0ms (cache hit)
436 http cache jest-watcher@https://registry.npmjs.org/jest-watcher/-/jest-watcher-27.4.6.tgz 0ms (cache hit)
437 http cache jest-watch-typeahead@https://registry.npmjs.org/jest-watch-typeahead/-/jest-watch-typeahead-1.0.0.tgz 0ms (cache hit)
438 http cache jest-validate@https://registry.npmjs.org/jest-validate/-/jest-validate-27.4.6.tgz 0ms (cache hit)
439 http cache jest-util@https://registry.npmjs.org/jest-util/-/jest-util-27.4.2.tgz 0ms (cache hit)
440 http cache jest-snapshot@https://registry.npmjs.org/jest-snapshot/-/jest-snapshot-27.4.6.tgz 0ms (cache hit)
441 http cache jest-serializer@https://registry.npmjs.org/jest-serializer/-/jest-serializer-27.4.0.tgz 0ms (cache hit)
442 http cache jest-runtime@https://registry.npmjs.org/jest-runtime/-/jest-runtime-27.4.6.tgz 0ms (cache hit)
443 http cache jest-runner@https://registry.npmjs.org/jest-runner/-/jest-runner-27.4.6.tgz 0ms (cache hit)
444 http cache jest-resolve-dependencies@https://registry.npmjs.org/jest-resolve-dependencies/-/jest-resolve-dependencies-27.4.6.tgz 0ms (cache hit)
445 http cache jest-resolve@https://registry.npmjs.org/jest-resolve/-/jest-resolve-27.4.6.tgz 0ms (cache hit)
446 http cache jest-regex-util@https://registry.npmjs.org/jest-regex-util/-/jest-regex-util-27.4.0.tgz 0ms (cache hit)
447 http cache jest-pnp-resolver@https://registry.npmjs.org/jest-pnp-resolver/-/jest-pnp-resolver-1.2.2.tgz 0ms (cache hit)
448 http cache jest-mock@https://registry.npmjs.org/jest-mock/-/jest-mock-27.4.6.tgz 0ms (cache hit)
449 http cache jest-message-util@https://registry.npmjs.org/jest-message-util/-/jest-message-util-27.4.6.tgz 0ms (cache hit)
450 http cache jest-matcher-utils@https://registry.npmjs.org/jest-matcher-utils/-/jest-matcher-utils-27.4.6.tgz 0ms (cache hit)
451 http cache jest-leak-detector@https://registry.npmjs.org/jest-leak-detector/-/jest-leak-detector-27.4.6.tgz 0ms (cache hit)
452 http cache jest-jasmine2@https://registry.npmjs.org/jest-jasmine2/-/jest-jasmine2-27.4.6.tgz 1ms (cache hit)
453 http cache jest-haste-map@https://registry.npmjs.org/jest-haste-map/-/jest-haste-map-27.4.6.tgz 0ms (cache hit)
454 http cache jest-get-type@https://registry.npmjs.org/jest-get-type/-/jest-get-type-27.4.0.tgz 0ms (cache hit)
455 http cache jest-environment-node@https://registry.npmjs.org/jest-environment-node/-/jest-environment-node-27.4.6.tgz 0ms (cache hit)
456 http cache jest-environment-jsdom@https://registry.npmjs.org/jest-environment-jsdom/-/jest-environment-jsdom-27.4.6.tgz 0ms (cache hit)
457 http cache jest-each@https://registry.npmjs.org/jest-each/-/jest-each-27.4.6.tgz 0ms (cache hit)
458 http cache jest-docblock@https://registry.npmjs.org/jest-docblock/-/jest-docblock-27.4.0.tgz 0ms (cache hit)
459 http cache jest-diff@https://registry.npmjs.org/jest-diff/-/jest-diff-27.4.6.tgz 0ms (cache hit)
460 http cache jest-cli@https://registry.npmjs.org/jest-cli/-/jest-cli-27.4.7.tgz 1ms (cache hit)
461 http cache jest-circus@https://registry.npmjs.org/jest-circus/-/jest-circus-27.4.6.tgz 0ms (cache hit)
462 http cache jest-changed-files@https://registry.npmjs.org/jest-changed-files/-/jest-changed-files-27.4.2.tgz 0ms (cache hit)
463 http cache jest@https://registry.npmjs.org/jest/-/jest-27.4.7.tgz 0ms (cache hit)
464 http cache jake@https://registry.npmjs.org/jake/-/jake-10.8.5.tgz 0ms (cache hit)
465 http cache istanbul-reports@https://registry.npmjs.org/istanbul-reports/-/istanbul-reports-3.1.3.tgz 0ms (cache hit)
466 http cache istanbul-lib-source-maps@https://registry.npmjs.org/istanbul-lib-source-maps/-/istanbul-lib-source-maps-4.0.1.tgz 0ms (cache hit)
467 http cache istanbul-lib-report@https://registry.npmjs.org/istanbul-lib-report/-/istanbul-lib-report-3.0.0.tgz 0ms (cache hit)
468 http cache istanbul-lib-instrument@https://registry.npmjs.org/istanbul-lib-instrument/-/istanbul-lib-instrument-5.1.0.tgz 0ms (cache hit)
469 http cache istanbul-lib-coverage@https://registry.npmjs.org/istanbul-lib-coverage/-/istanbul-lib-coverage-3.2.0.tgz 0ms (cache hit)
470 http cache isexe@https://registry.npmjs.org/isexe/-/isexe-2.0.0.tgz 0ms (cache hit)
471 http cache isarray@https://registry.npmjs.org/isarray/-/isarray-1.0.0.tgz 0ms (cache hit)
472 http cache is-wsl@https://registry.npmjs.org/is-wsl/-/is-wsl-2.2.0.tgz 0ms (cache hit)
473 http cache is-weakset@https://registry.npmjs.org/is-weakset/-/is-weakset-2.0.2.tgz 0ms (cache hit)
474 http cache is-weakref@https://registry.npmjs.org/is-weakref/-/is-weakref-1.0.2.tgz 0ms (cache hit)
475 http cache is-weakmap@https://registry.npmjs.org/is-weakmap/-/is-weakmap-2.0.1.tgz 0ms (cache hit)
476 http cache is-typedarray@https://registry.npmjs.org/is-typedarray/-/is-typedarray-1.0.0.tgz 0ms (cache hit)
477 http cache is-typed-array@https://registry.npmjs.org/is-typed-array/-/is-typed-array-1.1.10.tgz 0ms (cache hit)
478 http cache is-symbol@https://registry.npmjs.org/is-symbol/-/is-symbol-1.0.4.tgz 0ms (cache hit)
479 http cache is-string@https://registry.npmjs.org/is-string/-/is-string-1.0.7.tgz 0ms (cache hit)
480 http cache is-stream@https://registry.npmjs.org/is-stream/-/is-stream-2.0.1.tgz 0ms (cache hit)
481 http cache is-shared-array-buffer@https://registry.npmjs.org/is-shared-array-buffer/-/is-shared-array-buffer-1.0.2.tgz 0ms (cache hit)
482 http cache is-set@https://registry.npmjs.org/is-set/-/is-set-2.0.2.tgz 0ms (cache hit)
483 http cache is-root@https://registry.npmjs.org/is-root/-/is-root-2.1.0.tgz 0ms (cache hit)
484 http cache is-regexp@https://registry.npmjs.org/is-regexp/-/is-regexp-1.0.0.tgz 0ms (cache hit)
485 http cache is-regex@https://registry.npmjs.org/is-regex/-/is-regex-1.1.4.tgz 0ms (cache hit)
486 http cache is-potential-custom-element-name@https://registry.npmjs.org/is-potential-custom-element-name/-/is-potential-custom-element-name-1.0.1.tgz 0ms (cache hit)
487 http cache is-plain-obj@https://registry.npmjs.org/is-plain-obj/-/is-plain-obj-3.0.0.tgz 0ms (cache hit)
488 http cache is-path-inside@https://registry.npmjs.org/is-path-inside/-/is-path-inside-3.0.3.tgz 0ms (cache hit)
489 http cache is-path-cwd@https://registry.npmjs.org/is-path-cwd/-/is-path-cwd-2.2.0.tgz 0ms (cache hit)
490 http cache is-obj@https://registry.npmjs.org/is-obj/-/is-obj-1.0.1.tgz 0ms (cache hit)
491 http cache is-number-object@https://registry.npmjs.org/is-number-object/-/is-number-object-1.0.7.tgz 0ms (cache hit)
492 http cache is-number@https://registry.npmjs.org/is-number/-/is-number-7.0.0.tgz 0ms (cache hit)
493 http cache is-negative-zero@https://registry.npmjs.org/is-negative-zero/-/is-negative-zero-2.0.2.tgz 1ms (cache hit)
494 http cache is-module@https://registry.npmjs.org/is-module/-/is-module-1.0.0.tgz 0ms (cache hit)
495 http cache is-map@https://registry.npmjs.org/is-map/-/is-map-2.0.2.tgz 0ms (cache hit)
496 http cache is-in-browser@https://registry.npmjs.org/is-in-browser/-/is-in-browser-1.1.3.tgz 0ms (cache hit)
497 http cache is-glob@https://registry.npmjs.org/is-glob/-/is-glob-4.0.3.tgz 0ms (cache hit)
498 http cache is-generator-fn@https://registry.npmjs.org/is-generator-fn/-/is-generator-fn-2.1.0.tgz 0ms (cache hit)
499 http cache is-fullwidth-code-point@https://registry.npmjs.org/is-fullwidth-code-point/-/is-fullwidth-code-point-3.0.0.tgz 0ms (cache hit)
500 http cache is-extglob@https://registry.npmjs.org/is-extglob/-/is-extglob-2.1.1.tgz 0ms (cache hit)
501 http cache is-docker@https://registry.npmjs.org/is-docker/-/is-docker-2.2.1.tgz 0ms (cache hit)
502 http cache is-date-object@https://registry.npmjs.org/is-date-object/-/is-date-object-1.0.5.tgz 0ms (cache hit)
503 http cache is-core-module@https://registry.npmjs.org/is-core-module/-/is-core-module-2.11.0.tgz 0ms (cache hit)
504 http cache is-callable@https://registry.npmjs.org/is-callable/-/is-callable-1.2.7.tgz 0ms (cache hit)
505 http cache is-boolean-object@https://registry.npmjs.org/is-boolean-object/-/is-boolean-object-1.1.2.tgz 0ms (cache hit)
506 http cache is-binary-path@https://registry.npmjs.org/is-binary-path/-/is-binary-path-2.1.0.tgz 0ms (cache hit)
507 http cache is-bigint@https://registry.npmjs.org/is-bigint/-/is-bigint-1.0.4.tgz 0ms (cache hit)
508 http cache is-arrayish@https://registry.npmjs.org/is-arrayish/-/is-arrayish-0.2.1.tgz 0ms (cache hit)
509 http cache is-array-buffer@https://registry.npmjs.org/is-array-buffer/-/is-array-buffer-3.0.2.tgz 0ms (cache hit)
510 http cache is-arguments@https://registry.npmjs.org/is-arguments/-/is-arguments-1.1.1.tgz 0ms (cache hit)
511 http cache ipaddr.js@https://registry.npmjs.org/ipaddr.js/-/ipaddr.js-1.9.1.tgz 0ms (cache hit)
512 http cache internal-slot@https://registry.npmjs.org/internal-slot/-/internal-slot-1.0.5.tgz 0ms (cache hit)
513 http cache ip@https://registry.npmjs.org/ip/-/ip-1.1.5.tgz 0ms (cache hit)
514 http cache ini@https://registry.npmjs.org/ini/-/ini-1.3.8.tgz 0ms (cache hit)
515 http cache inherits@https://registry.npmjs.org/inherits/-/inherits-2.0.4.tgz 0ms (cache hit)
516 http cache inflight@https://registry.npmjs.org/inflight/-/inflight-1.0.6.tgz 0ms (cache hit)
517 http cache indent-string@https://registry.npmjs.org/indent-string/-/indent-string-4.0.0.tgz 0ms (cache hit)
518 http cache imurmurhash@https://registry.npmjs.org/imurmurhash/-/imurmurhash-0.1.4.tgz 0ms (cache hit)
519 http cache import-local@https://registry.npmjs.org/import-local/-/import-local-3.1.0.tgz 0ms (cache hit)
520 http cache immer@https://registry.npmjs.org/immer/-/immer-9.0.19.tgz 0ms (cache hit)
521 http cache import-fresh@https://registry.npmjs.org/import-fresh/-/import-fresh-3.3.0.tgz 0ms (cache hit)
522 http cache ignore@https://registry.npmjs.org/ignore/-/ignore-5.2.0.tgz 0ms (cache hit)
523 http cache identity-obj-proxy@https://registry.npmjs.org/identity-obj-proxy/-/identity-obj-proxy-3.0.0.tgz 0ms (cache hit)
524 http cache idb@https://registry.npmjs.org/idb/-/idb-6.1.5.tgz 1ms (cache hit)
525 http cache icss-utils@https://registry.npmjs.org/icss-utils/-/icss-utils-5.1.0.tgz 0ms (cache hit)
526 http cache iconv-lite@https://registry.npmjs.org/iconv-lite/-/iconv-lite-0.4.24.tgz 0ms (cache hit)
527 http cache hyphenate-style-name@https://registry.npmjs.org/hyphenate-style-name/-/hyphenate-style-name-1.0.4.tgz 0ms (cache hit)
528 http cache human-signals@https://registry.npmjs.org/human-signals/-/human-signals-2.1.0.tgz 0ms (cache hit)
529 http cache https-proxy-agent@https://registry.npmjs.org/https-proxy-agent/-/https-proxy-agent-5.0.0.tgz 0ms (cache hit)
530 http cache http-proxy-middleware@https://registry.npmjs.org/http-proxy-middleware/-/http-proxy-middleware-2.0.2.tgz 0ms (cache hit)
531 http cache http-proxy-agent@https://registry.npmjs.org/http-proxy-agent/-/http-proxy-agent-4.0.1.tgz 0ms (cache hit)
532 http cache http-parser-js@https://registry.npmjs.org/http-parser-js/-/http-parser-js-0.5.5.tgz 0ms (cache hit)
533 http cache http-proxy@https://registry.npmjs.org/http-proxy/-/http-proxy-1.18.1.tgz 0ms (cache hit)
534 http cache http-deceiver@https://registry.npmjs.org/http-deceiver/-/http-deceiver-1.2.7.tgz 0ms (cache hit)
535 http cache http-errors@https://registry.npmjs.org/http-errors/-/http-errors-2.0.0.tgz 0ms (cache hit)
536 http cache htmlparser2@https://registry.npmjs.org/htmlparser2/-/htmlparser2-6.1.0.tgz 0ms (cache hit)
537 http cache html-webpack-plugin@https://registry.npmjs.org/html-webpack-plugin/-/html-webpack-plugin-5.5.0.tgz 0ms (cache hit)
538 http cache html-minifier-terser@https://registry.npmjs.org/html-minifier-terser/-/html-minifier-terser-6.1.0.tgz 0ms (cache hit)
539 http cache html-escaper@https://registry.npmjs.org/html-escaper/-/html-escaper-2.0.2.tgz 0ms (cache hit)
540 http cache html-entities@https://registry.npmjs.org/html-entities/-/html-entities-2.3.2.tgz 0ms (cache hit)
541 http cache html-encoding-sniffer@https://registry.npmjs.org/html-encoding-sniffer/-/html-encoding-sniffer-2.0.1.tgz 0ms (cache hit)
542 http cache hpack.js@https://registry.npmjs.org/hpack.js/-/hpack.js-2.1.6.tgz 0ms (cache hit)
543 http cache hoopy@https://registry.npmjs.org/hoopy/-/hoopy-0.1.4.tgz 0ms (cache hit)
544 http cache hoist-non-react-statics@https://registry.npmjs.org/hoist-non-react-statics/-/hoist-non-react-statics-3.3.2.tgz 0ms (cache hit)
545 http cache history@https://registry.npmjs.org/history/-/history-4.10.1.tgz 0ms (cache hit)
546 http cache he@https://registry.npmjs.org/he/-/he-1.2.0.tgz 0ms (cache hit)
547 http cache hasown@https://registry.npmjs.org/hasown/-/hasown-2.0.2.tgz 0ms (cache hit)
548 http cache has-tostringtag@https://registry.npmjs.org/has-tostringtag/-/has-tostringtag-1.0.0.tgz 0ms (cache hit)
549 http cache has-symbols@https://registry.npmjs.org/has-symbols/-/has-symbols-1.0.3.tgz 0ms (cache hit)
550 http cache has-proto@https://registry.npmjs.org/has-proto/-/has-proto-1.0.1.tgz 0ms (cache hit)
551 http cache has-property-descriptors@https://registry.npmjs.org/has-property-descriptors/-/has-property-descriptors-1.0.2.tgz 0ms (cache hit)
552 http cache has-flag@https://registry.npmjs.org/has-flag/-/has-flag-3.0.0.tgz 0ms (cache hit)
553 http cache has-bigints@https://registry.npmjs.org/has-bigints/-/has-bigints-1.0.2.tgz 0ms (cache hit)
554 http cache has@https://registry.npmjs.org/has/-/has-1.0.3.tgz 0ms (cache hit)
555 http cache harmony-reflect@https://registry.npmjs.org/harmony-reflect/-/harmony-reflect-1.6.1.tgz 0ms (cache hit)
556 http cache handle-thing@https://registry.npmjs.org/handle-thing/-/handle-thing-2.0.1.tgz 0ms (cache hit)
557 http cache gzip-size@https://registry.npmjs.org/gzip-size/-/gzip-size-6.0.0.tgz 0ms (cache hit)
558 http cache grapheme-splitter@https://registry.npmjs.org/grapheme-splitter/-/grapheme-splitter-1.0.4.tgz 0ms (cache hit)
559 http cache graceful-fs@https://registry.npmjs.org/graceful-fs/-/graceful-fs-4.2.11.tgz 0ms (cache hit)
560 http cache gopd@https://registry.npmjs.org/gopd/-/gopd-1.0.1.tgz 0ms (cache hit)
561 http cache globby@https://registry.npmjs.org/globby/-/globby-11.1.0.tgz 0ms (cache hit)
562 http cache globalthis@https://registry.npmjs.org/globalthis/-/globalthis-1.0.3.tgz 0ms (cache hit)
563 http cache globals@https://registry.npmjs.org/globals/-/globals-11.12.0.tgz 0ms (cache hit)
564 http cache global-prefix@https://registry.npmjs.org/global-prefix/-/global-prefix-3.0.0.tgz 0ms (cache hit)
565 http cache global-modules@https://registry.npmjs.org/global-modules/-/global-modules-2.0.0.tgz 0ms (cache hit)
566 http cache glob-to-regexp@https://registry.npmjs.org/glob-to-regexp/-/glob-to-regexp-0.4.1.tgz 0ms (cache hit)
567 http cache glob-parent@https://registry.npmjs.org/glob-parent/-/glob-parent-6.0.2.tgz 0ms (cache hit)
568 http cache glob@https://registry.npmjs.org/glob/-/glob-7.2.0.tgz 0ms (cache hit)
569 http cache get-symbol-description@https://registry.npmjs.org/get-symbol-description/-/get-symbol-description-1.0.0.tgz 0ms (cache hit)
570 http cache get-stream@https://registry.npmjs.org/get-stream/-/get-stream-6.0.1.tgz 0ms (cache hit)
571 http cache get-package-type@https://registry.npmjs.org/get-package-type/-/get-package-type-0.1.0.tgz 0ms (cache hit)
572 http cache get-own-enumerable-property-symbols@https://registry.npmjs.org/get-own-enumerable-property-symbols/-/get-own-enumerable-property-symbols-3.0.2.tgz 0ms (cache hit)
573 http cache get-intrinsic@https://registry.npmjs.org/get-intrinsic/-/get-intrinsic-1.2.4.tgz 0ms (cache hit)
574 http cache get-caller-file@https://registry.npmjs.org/get-caller-file/-/get-caller-file-2.0.5.tgz 0ms (cache hit)
575 http cache gensync@https://registry.npmjs.org/gensync/-/gensync-1.0.0-beta.2.tgz 0ms (cache hit)
576 http cache functions-have-names@https://registry.npmjs.org/functions-have-names/-/functions-have-names-1.2.3.tgz 0ms (cache hit)
577 http cache functional-red-black-tree@https://registry.npmjs.org/functional-red-black-tree/-/functional-red-black-tree-1.0.1.tgz 0ms (cache hit)
578 http cache function.prototype.name@https://registry.npmjs.org/function.prototype.name/-/function.prototype.name-1.1.5.tgz 0ms (cache hit)
579 http cache function-bind@https://registry.npmjs.org/function-bind/-/function-bind-1.1.2.tgz 0ms (cache hit)
580 http cache fs.realpath@https://registry.npmjs.org/fs.realpath/-/fs.realpath-1.0.0.tgz 0ms (cache hit)
581 http cache fs-monkey@https://registry.npmjs.org/fs-monkey/-/fs-monkey-1.0.5.tgz 0ms (cache hit)
582 http cache fs-extra@https://registry.npmjs.org/fs-extra/-/fs-extra-10.0.0.tgz 0ms (cache hit)
583 http cache fresh@https://registry.npmjs.org/fresh/-/fresh-0.5.2.tgz 0ms (cache hit)
584 http cache fraction.js@https://registry.npmjs.org/fraction.js/-/fraction.js-4.1.2.tgz 0ms (cache hit)
585 http cache forwarded@https://registry.npmjs.org/forwarded/-/forwarded-0.2.0.tgz 0ms (cache hit)
586 http cache form-data@https://registry.npmjs.org/form-data/-/form-data-3.0.1.tgz 0ms (cache hit)
587 http cache fork-ts-checker-webpack-plugin@https://registry.npmjs.org/fork-ts-checker-webpack-plugin/-/fork-ts-checker-webpack-plugin-6.5.3.tgz 0ms (cache hit)
588 http cache for-each@https://registry.npmjs.org/for-each/-/for-each-0.3.3.tgz 0ms (cache hit)
589 http cache follow-redirects@https://registry.npmjs.org/follow-redirects/-/follow-redirects-1.14.8.tgz 0ms (cache hit)
590 http cache flatted@https://registry.npmjs.org/flatted/-/flatted-3.2.4.tgz 0ms (cache hit)
591 http cache flat-cache@https://registry.npmjs.org/flat-cache/-/flat-cache-3.0.4.tgz 0ms (cache hit)
592 http cache find-up@https://registry.npmjs.org/find-up/-/find-up-5.0.0.tgz 0ms (cache hit)
593 http cache find-root@https://registry.npmjs.org/find-root/-/find-root-1.1.0.tgz 0ms (cache hit)
594 http cache find-cache-dir@https://registry.npmjs.org/find-cache-dir/-/find-cache-dir-3.3.2.tgz 0ms (cache hit)
595 http cache finalhandler@https://registry.npmjs.org/finalhandler/-/finalhandler-1.3.1.tgz 0ms (cache hit)
596 http cache fill-range@https://registry.npmjs.org/fill-range/-/fill-range-7.1.1.tgz 0ms (cache hit)
597 http cache filesize@https://registry.npmjs.org/filesize/-/filesize-8.0.7.tgz 0ms (cache hit)
598 http cache filelist@https://registry.npmjs.org/filelist/-/filelist-1.0.4.tgz 0ms (cache hit)
599 http cache file-loader@https://registry.npmjs.org/file-loader/-/file-loader-6.2.0.tgz 0ms (cache hit)
600 http cache file-entry-cache@https://registry.npmjs.org/file-entry-cache/-/file-entry-cache-6.0.1.tgz 0ms (cache hit)
601 http cache fb-watchman@https://registry.npmjs.org/fb-watchman/-/fb-watchman-2.0.1.tgz 0ms (cache hit)
602 http cache faye-websocket@https://registry.npmjs.org/faye-websocket/-/faye-websocket-0.11.4.tgz 0ms (cache hit)
603 http cache fastq@https://registry.npmjs.org/fastq/-/fastq-1.13.0.tgz 0ms (cache hit)
604 http cache fast-levenshtein@https://registry.npmjs.org/fast-levenshtein/-/fast-levenshtein-2.0.6.tgz 0ms (cache hit)
605 http cache fast-json-stable-stringify@https://registry.npmjs.org/fast-json-stable-stringify/-/fast-json-stable-stringify-2.1.0.tgz 0ms (cache hit)
606 http cache fast-glob@https://registry.npmjs.org/fast-glob/-/fast-glob-3.2.11.tgz 0ms (cache hit)
607 http cache fast-deep-equal@https://registry.npmjs.org/fast-deep-equal/-/fast-deep-equal-3.1.3.tgz 0ms (cache hit)
608 http cache express@https://registry.npmjs.org/express/-/express-4.21.0.tgz 0ms (cache hit)
609 http cache expect@https://registry.npmjs.org/expect/-/expect-27.4.6.tgz 0ms (cache hit)
610 http cache exit@https://registry.npmjs.org/exit/-/exit-0.1.2.tgz 0ms (cache hit)
611 http cache execa@https://registry.npmjs.org/execa/-/execa-5.1.1.tgz 0ms (cache hit)
612 http cache events@https://registry.npmjs.org/events/-/events-3.3.0.tgz 0ms (cache hit)
613 http cache eventemitter3@https://registry.npmjs.org/eventemitter3/-/eventemitter3-4.0.7.tgz 0ms (cache hit)
614 http cache etag@https://registry.npmjs.org/etag/-/etag-1.8.1.tgz 0ms (cache hit)
615 http cache esutils@https://registry.npmjs.org/esutils/-/esutils-2.0.3.tgz 0ms (cache hit)
616 http cache estree-walker@https://registry.npmjs.org/estree-walker/-/estree-walker-1.0.1.tgz 0ms (cache hit)
617 http cache estraverse@https://registry.npmjs.org/estraverse/-/estraverse-5.3.0.tgz 0ms (cache hit)
618 http cache esrecurse@https://registry.npmjs.org/esrecurse/-/esrecurse-4.3.0.tgz 0ms (cache hit)
619 http cache esquery@https://registry.npmjs.org/esquery/-/esquery-1.4.0.tgz 0ms (cache hit)
620 http cache esprima@https://registry.npmjs.org/esprima/-/esprima-4.0.1.tgz 0ms (cache hit)
621 http cache espree@https://registry.npmjs.org/espree/-/espree-9.3.0.tgz 0ms (cache hit)
622 http cache eslint-webpack-plugin@https://registry.npmjs.org/eslint-webpack-plugin/-/eslint-webpack-plugin-3.1.1.tgz 0ms (cache hit)
623 http cache eslint-visitor-keys@https://registry.npmjs.org/eslint-visitor-keys/-/eslint-visitor-keys-3.3.0.tgz 0ms (cache hit)
624 http cache eslint-utils@https://registry.npmjs.org/eslint-utils/-/eslint-utils-3.0.0.tgz 0ms (cache hit)
625 http cache eslint-scope@https://registry.npmjs.org/eslint-scope/-/eslint-scope-7.1.0.tgz 0ms (cache hit)
626 http cache eslint-plugin-testing-library@https://registry.npmjs.org/eslint-plugin-testing-library/-/eslint-plugin-testing-library-5.10.2.tgz 0ms (cache hit)
627 http cache eslint-plugin-react-hooks@https://registry.npmjs.org/eslint-plugin-react-hooks/-/eslint-plugin-react-hooks-4.6.0.tgz 0ms (cache hit)
628 http cache eslint-plugin-react@https://registry.npmjs.org/eslint-plugin-react/-/eslint-plugin-react-7.32.2.tgz 0ms (cache hit)
629 http cache eslint-plugin-jsx-a11y@https://registry.npmjs.org/eslint-plugin-jsx-a11y/-/eslint-plugin-jsx-a11y-6.7.1.tgz 0ms (cache hit)
630 http cache eslint-plugin-jest@https://registry.npmjs.org/eslint-plugin-jest/-/eslint-plugin-jest-25.7.0.tgz 0ms (cache hit)
631 http cache eslint-plugin-import@https://registry.npmjs.org/eslint-plugin-import/-/eslint-plugin-import-2.27.5.tgz 0ms (cache hit)
632 http cache eslint-plugin-flowtype@https://registry.npmjs.org/eslint-plugin-flowtype/-/eslint-plugin-flowtype-8.0.3.tgz 0ms (cache hit)
633 http cache eslint-module-utils@https://registry.npmjs.org/eslint-module-utils/-/eslint-module-utils-2.7.4.tgz 0ms (cache hit)
634 http cache eslint-import-resolver-node@https://registry.npmjs.org/eslint-import-resolver-node/-/eslint-import-resolver-node-0.3.7.tgz 0ms (cache hit)
635 http cache eslint-config-react-app@https://registry.npmjs.org/eslint-config-react-app/-/eslint-config-react-app-7.0.1.tgz 0ms (cache hit)
636 http cache eslint@https://registry.npmjs.org/eslint/-/eslint-8.7.0.tgz 0ms (cache hit)
637 http cache escodegen@https://registry.npmjs.org/escodegen/-/escodegen-2.0.0.tgz 0ms (cache hit)
638 http cache escape-string-regexp@https://registry.npmjs.org/escape-string-regexp/-/escape-string-regexp-1.0.5.tgz 0ms (cache hit)
639 http cache escape-html@https://registry.npmjs.org/escape-html/-/escape-html-1.0.3.tgz 0ms (cache hit)
640 http cache escalade@https://registry.npmjs.org/escalade/-/escalade-3.2.0.tgz 0ms (cache hit)
641 http cache es-to-primitive@https://registry.npmjs.org/es-to-primitive/-/es-to-primitive-1.2.1.tgz 0ms (cache hit)
642 http cache es-shim-unscopables@https://registry.npmjs.org/es-shim-unscopables/-/es-shim-unscopables-1.0.0.tgz 0ms (cache hit)
643 http cache es-set-tostringtag@https://registry.npmjs.org/es-set-tostringtag/-/es-set-tostringtag-2.0.1.tgz 0ms (cache hit)
644 http cache es-module-lexer@https://registry.npmjs.org/es-module-lexer/-/es-module-lexer-1.5.4.tgz 0ms (cache hit)
645 http cache es-get-iterator@https://registry.npmjs.org/es-get-iterator/-/es-get-iterator-1.1.3.tgz 0ms (cache hit)
646 http cache es-errors@https://registry.npmjs.org/es-errors/-/es-errors-1.3.0.tgz 0ms (cache hit)
647 http cache es-define-property@https://registry.npmjs.org/es-define-property/-/es-define-property-1.0.0.tgz 0ms (cache hit)
648 http cache es-abstract@https://registry.npmjs.org/es-abstract/-/es-abstract-1.21.2.tgz 0ms (cache hit)
649 http cache error-stack-parser@https://registry.npmjs.org/error-stack-parser/-/error-stack-parser-2.0.6.tgz 0ms (cache hit)
650 http cache error-ex@https://registry.npmjs.org/error-ex/-/error-ex-1.3.2.tgz 0ms (cache hit)
651 http cache env-cmd@https://registry.npmjs.org/env-cmd/-/env-cmd-10.1.0.tgz 0ms (cache hit)
652 http cache entities@https://registry.npmjs.org/entities/-/entities-2.2.0.tgz 0ms (cache hit)
653 http cache enhanced-resolve@https://registry.npmjs.org/enhanced-resolve/-/enhanced-resolve-5.17.1.tgz 0ms (cache hit)
654 http cache encodeurl@https://registry.npmjs.org/encodeurl/-/encodeurl-2.0.0.tgz 0ms (cache hit)
655 http cache emojis-list@https://registry.npmjs.org/emojis-list/-/emojis-list-3.0.0.tgz 0ms (cache hit)
656 http cache emoji-regex@https://registry.npmjs.org/emoji-regex/-/emoji-regex-9.2.2.tgz 0ms (cache hit)
657 http cache emittery@https://registry.npmjs.org/emittery/-/emittery-0.8.1.tgz 0ms (cache hit)
658 http cache electron-to-chromium@https://registry.npmjs.org/electron-to-chromium/-/electron-to-chromium-1.5.13.tgz 0ms (cache hit)
659 http cache ejs@https://registry.npmjs.org/ejs/-/ejs-3.1.10.tgz 0ms (cache hit)
660 http cache ee-first@https://registry.npmjs.org/ee-first/-/ee-first-1.1.1.tgz 0ms (cache hit)
661 http cache duplexer@https://registry.npmjs.org/duplexer/-/duplexer-0.1.2.tgz 0ms (cache hit)
662 http cache dotenv-expand@https://registry.npmjs.org/dotenv-expand/-/dotenv-expand-5.1.0.tgz 0ms (cache hit)
663 http cache dotenv@https://registry.npmjs.org/dotenv/-/dotenv-10.0.0.tgz 0ms (cache hit)
664 http cache dot-case@https://registry.npmjs.org/dot-case/-/dot-case-3.0.4.tgz 0ms (cache hit)
665 http cache domutils@https://registry.npmjs.org/domutils/-/domutils-2.8.0.tgz 0ms (cache hit)
666 http cache domhandler@https://registry.npmjs.org/domhandler/-/domhandler-4.3.0.tgz 0ms (cache hit)
667 http cache domexception@https://registry.npmjs.org/domexception/-/domexception-2.0.1.tgz 0ms (cache hit)
668 http cache domelementtype@https://registry.npmjs.org/domelementtype/-/domelementtype-2.2.0.tgz 0ms (cache hit)
669 http cache dom-serializer@https://registry.npmjs.org/dom-serializer/-/dom-serializer-1.3.2.tgz 0ms (cache hit)
670 http cache dom-helpers@https://registry.npmjs.org/dom-helpers/-/dom-helpers-5.2.1.tgz 0ms (cache hit)
671 http cache dom-converter@https://registry.npmjs.org/dom-converter/-/dom-converter-0.2.0.tgz 0ms (cache hit)
672 http cache doctrine@https://registry.npmjs.org/doctrine/-/doctrine-3.0.0.tgz 0ms (cache hit)
673 http cache dns-txt@https://registry.npmjs.org/dns-txt/-/dns-txt-2.0.2.tgz 0ms (cache hit)
674 http cache dns-packet@https://registry.npmjs.org/dns-packet/-/dns-packet-1.3.4.tgz 0ms (cache hit)
675 http cache dns-equal@https://registry.npmjs.org/dns-equal/-/dns-equal-1.0.0.tgz 0ms (cache hit)
676 http cache dlv@https://registry.npmjs.org/dlv/-/dlv-1.1.3.tgz 0ms (cache hit)
677 http cache dir-glob@https://registry.npmjs.org/dir-glob/-/dir-glob-3.0.1.tgz 0ms (cache hit)
678 http cache diff-sequences@https://registry.npmjs.org/diff-sequences/-/diff-sequences-27.4.0.tgz 0ms (cache hit)
679 http cache didyoumean@https://registry.npmjs.org/didyoumean/-/didyoumean-1.2.2.tgz 0ms (cache hit)
680 http cache detective@https://registry.npmjs.org/detective/-/detective-5.2.0.tgz 0ms (cache hit)
681 http cache detect-port-alt@https://registry.npmjs.org/detect-port-alt/-/detect-port-alt-1.1.6.tgz 0ms (cache hit)
682 http cache detect-node@https://registry.npmjs.org/detect-node/-/detect-node-2.1.0.tgz 0ms (cache hit)
683 http cache detect-newline@https://registry.npmjs.org/detect-newline/-/detect-newline-3.1.0.tgz 0ms (cache hit)
684 http cache destroy@https://registry.npmjs.org/destroy/-/destroy-1.2.0.tgz 0ms (cache hit)
685 http cache depd@https://registry.npmjs.org/depd/-/depd-1.1.2.tgz 0ms (cache hit)
686 http cache delayed-stream@https://registry.npmjs.org/delayed-stream/-/delayed-stream-1.0.0.tgz 0ms (cache hit)
687 http cache del@https://registry.npmjs.org/del/-/del-6.0.0.tgz 0ms (cache hit)
688 http cache defined@https://registry.npmjs.org/defined/-/defined-1.0.0.tgz 0ms (cache hit)
689 http cache define-properties@https://registry.npmjs.org/define-properties/-/define-properties-1.2.0.tgz 0ms (cache hit)
690 http cache define-lazy-prop@https://registry.npmjs.org/define-lazy-prop/-/define-lazy-prop-2.0.0.tgz 0ms (cache hit)
691 http cache define-data-property@https://registry.npmjs.org/define-data-property/-/define-data-property-1.1.4.tgz 0ms (cache hit)
692 http cache default-gateway@https://registry.npmjs.org/default-gateway/-/default-gateway-6.0.3.tgz 0ms (cache hit)
693 http cache deepmerge@https://registry.npmjs.org/deepmerge/-/deepmerge-4.2.2.tgz 0ms (cache hit)
694 http cache deep-is@https://registry.npmjs.org/deep-is/-/deep-is-0.1.4.tgz 0ms (cache hit)
695 http cache deep-equal@https://registry.npmjs.org/deep-equal/-/deep-equal-1.1.1.tgz 0ms (cache hit)
696 http cache dedent@https://registry.npmjs.org/dedent/-/dedent-0.7.0.tgz 0ms (cache hit)
697 http cache decimal.js@https://registry.npmjs.org/decimal.js/-/decimal.js-10.3.1.tgz 0ms (cache hit)
698 http cache debug@https://registry.npmjs.org/debug/-/debug-4.3.3.tgz 0ms (cache hit)
699 http cache data-urls@https://registry.npmjs.org/data-urls/-/data-urls-2.0.0.tgz 0ms (cache hit)
700 http cache damerau-levenshtein@https://registry.npmjs.org/damerau-levenshtein/-/damerau-levenshtein-1.0.8.tgz 0ms (cache hit)
701 http cache csstype@https://registry.npmjs.org/csstype/-/csstype-3.0.10.tgz 0ms (cache hit)
702 http cache cssstyle@https://registry.npmjs.org/cssstyle/-/cssstyle-2.3.0.tgz 0ms (cache hit)
703 http cache cssom@https://registry.npmjs.org/cssom/-/cssom-0.4.4.tgz 0ms (cache hit)
704 http cache csso@https://registry.npmjs.org/csso/-/csso-4.2.0.tgz 0ms (cache hit)
705 http cache cssnano-utils@https://registry.npmjs.org/cssnano-utils/-/cssnano-utils-3.0.1.tgz 0ms (cache hit)
706 http cache cssnano-preset-default@https://registry.npmjs.org/cssnano-preset-default/-/cssnano-preset-default-5.1.11.tgz 0ms (cache hit)
707 http cache cssnano@https://registry.npmjs.org/cssnano/-/cssnano-5.0.16.tgz 0ms (cache hit)
708 http cache cssesc@https://registry.npmjs.org/cssesc/-/cssesc-3.0.0.tgz 0ms (cache hit)
709 http cache cssdb@https://registry.npmjs.org/cssdb/-/cssdb-5.1.0.tgz 0ms (cache hit)
710 http cache css-what@https://registry.npmjs.org/css-what/-/css-what-5.1.0.tgz 0ms (cache hit)
711 http cache css-vendor@https://registry.npmjs.org/css-vendor/-/css-vendor-2.0.8.tgz 0ms (cache hit)
712 http cache css-tree@https://registry.npmjs.org/css-tree/-/css-tree-1.0.0-alpha.37.tgz 0ms (cache hit)
713 http cache css-select-base-adapter@https://registry.npmjs.org/css-select-base-adapter/-/css-select-base-adapter-0.1.1.tgz 0ms (cache hit)
714 http cache css-select@https://registry.npmjs.org/css-select/-/css-select-4.2.1.tgz 0ms (cache hit)
715 http cache css-prefers-color-scheme@https://registry.npmjs.org/css-prefers-color-scheme/-/css-prefers-color-scheme-6.0.2.tgz 0ms (cache hit)
716 http cache css-minimizer-webpack-plugin@https://registry.npmjs.org/css-minimizer-webpack-plugin/-/css-minimizer-webpack-plugin-3.4.1.tgz 0ms (cache hit)
717 http cache css-loader@https://registry.npmjs.org/css-loader/-/css-loader-6.5.1.tgz 0ms (cache hit)
718 http cache css-has-pseudo@https://registry.npmjs.org/css-has-pseudo/-/css-has-pseudo-3.0.3.tgz 0ms (cache hit)
719 http cache css-declaration-sorter@https://registry.npmjs.org/css-declaration-sorter/-/css-declaration-sorter-6.1.4.tgz 0ms (cache hit)
720 http cache css-blank-pseudo@https://registry.npmjs.org/css-blank-pseudo/-/css-blank-pseudo-3.0.2.tgz 0ms (cache hit)
721 http cache crypto-random-string@https://registry.npmjs.org/crypto-random-string/-/crypto-random-string-2.0.0.tgz 0ms (cache hit)
722 http cache cross-spawn@https://registry.npmjs.org/cross-spawn/-/cross-spawn-7.0.3.tgz 0ms (cache hit)
723 http cache cosmiconfig@https://registry.npmjs.org/cosmiconfig/-/cosmiconfig-7.0.1.tgz 0ms (cache hit)
724 http cache core-util-is@https://registry.npmjs.org/core-util-is/-/core-util-is-1.0.3.tgz 0ms (cache hit)
725 http cache core-js-pure@https://registry.npmjs.org/core-js-pure/-/core-js-pure-3.20.3.tgz 0ms (cache hit)
726 http cache core-js-compat@https://registry.npmjs.org/core-js-compat/-/core-js-compat-3.29.1.tgz 0ms (cache hit)
727 http cache core-js@https://registry.npmjs.org/core-js/-/core-js-3.20.3.tgz 0ms (cache hit)
728 http cache cookie-signature@https://registry.npmjs.org/cookie-signature/-/cookie-signature-1.0.6.tgz 0ms (cache hit)
729 http cache cookie@https://registry.npmjs.org/cookie/-/cookie-0.6.0.tgz 0ms (cache hit)
730 http cache convert-source-map@https://registry.npmjs.org/convert-source-map/-/convert-source-map-1.8.0.tgz 0ms (cache hit)
731 http cache content-type@https://registry.npmjs.org/content-type/-/content-type-1.0.5.tgz 0ms (cache hit)
732 http cache content-disposition@https://registry.npmjs.org/content-disposition/-/content-disposition-0.5.4.tgz 0ms (cache hit)
733 http cache connect-history-api-fallback@https://registry.npmjs.org/connect-history-api-fallback/-/connect-history-api-fallback-1.6.0.tgz 0ms (cache hit)
734 http cache confusing-browser-globals@https://registry.npmjs.org/confusing-browser-globals/-/confusing-browser-globals-1.0.11.tgz 0ms (cache hit)
735 http cache concat-map@https://registry.npmjs.org/concat-map/-/concat-map-0.0.1.tgz 0ms (cache hit)
736 http cache compression@https://registry.npmjs.org/compression/-/compression-1.7.4.tgz 0ms (cache hit)
737 http cache compressible@https://registry.npmjs.org/compressible/-/compressible-2.0.18.tgz 0ms (cache hit)
738 http cache commondir@https://registry.npmjs.org/commondir/-/commondir-1.0.1.tgz 0ms (cache hit)
739 http cache common-tags@https://registry.npmjs.org/common-tags/-/common-tags-1.8.2.tgz 0ms (cache hit)
740 http cache common-path-prefix@https://registry.npmjs.org/common-path-prefix/-/common-path-prefix-3.0.0.tgz 0ms (cache hit)
741 http cache commander@https://registry.npmjs.org/commander/-/commander-2.20.0.tgz 0ms (cache hit)
742 http cache combined-stream@https://registry.npmjs.org/combined-stream/-/combined-stream-1.0.8.tgz 0ms (cache hit)
743 http cache colorette@https://registry.npmjs.org/colorette/-/colorette-2.0.16.tgz 0ms (cache hit)
744 http cache colord@https://registry.npmjs.org/colord/-/colord-2.9.2.tgz 0ms (cache hit)
745 http cache color-name@https://registry.npmjs.org/color-name/-/color-name-1.1.3.tgz 0ms (cache hit)
746 http cache color-convert@https://registry.npmjs.org/color-convert/-/color-convert-1.9.3.tgz 0ms (cache hit)
747 http cache collect-v8-coverage@https://registry.npmjs.org/collect-v8-coverage/-/collect-v8-coverage-1.0.1.tgz 0ms (cache hit)
748 http cache coa@https://registry.npmjs.org/coa/-/coa-2.0.2.tgz 0ms (cache hit)
749 http cache co@https://registry.npmjs.org/co/-/co-4.6.0.tgz 0ms (cache hit)
750 http cache clsx@https://registry.npmjs.org/clsx/-/clsx-1.1.1.tgz 0ms (cache hit)
751 http cache clean-stack@https://registry.npmjs.org/clean-stack/-/clean-stack-2.2.0.tgz 0ms (cache hit)
752 http cache clean-css@https://registry.npmjs.org/clean-css/-/clean-css-5.2.2.tgz 0ms (cache hit)
753 http cache cjs-module-lexer@https://registry.npmjs.org/cjs-module-lexer/-/cjs-module-lexer-1.2.2.tgz 0ms (cache hit)
754 http cache ci-info@https://registry.npmjs.org/ci-info/-/ci-info-3.3.0.tgz 0ms (cache hit)
755 http cache cliui@https://registry.npmjs.org/cliui/-/cliui-7.0.4.tgz 0ms (cache hit)
756 http cache chrome-trace-event@https://registry.npmjs.org/chrome-trace-event/-/chrome-trace-event-1.0.3.tgz 0ms (cache hit)
757 http cache chokidar@https://registry.npmjs.org/chokidar/-/chokidar-3.5.3.tgz 0ms (cache hit)
758 http cache check-types@https://registry.npmjs.org/check-types/-/check-types-11.1.2.tgz 0ms (cache hit)
759 http cache char-regex@https://registry.npmjs.org/char-regex/-/char-regex-1.0.2.tgz 0ms (cache hit)
760 http cache chalk@https://registry.npmjs.org/chalk/-/chalk-2.4.2.tgz 0ms (cache hit)
761 http cache case-sensitive-paths-webpack-plugin@https://registry.npmjs.org/case-sensitive-paths-webpack-plugin/-/case-sensitive-paths-webpack-plugin-2.4.0.tgz 0ms (cache hit)
762 http cache caniuse-lite@https://registry.npmjs.org/caniuse-lite/-/caniuse-lite-1.0.30001655.tgz 0ms (cache hit)
763 http cache caniuse-api@https://registry.npmjs.org/caniuse-api/-/caniuse-api-3.0.0.tgz 0ms (cache hit)
764 http cache camelcase-css@https://registry.npmjs.org/camelcase-css/-/camelcase-css-2.0.1.tgz 0ms (cache hit)
765 http cache camelcase@https://registry.npmjs.org/camelcase/-/camelcase-6.3.0.tgz 0ms (cache hit)
766 http cache camel-case@https://registry.npmjs.org/camel-case/-/camel-case-4.1.2.tgz 0ms (cache hit)
767 http cache callsites@https://registry.npmjs.org/callsites/-/callsites-3.1.0.tgz 0ms (cache hit)
768 http cache call-bind@https://registry.npmjs.org/call-bind/-/call-bind-1.0.7.tgz 0ms (cache hit)
769 http cache bytes@https://registry.npmjs.org/bytes/-/bytes-3.0.0.tgz 0ms (cache hit)
770 http cache builtin-modules@https://registry.npmjs.org/builtin-modules/-/builtin-modules-3.2.0.tgz 0ms (cache hit)
771 http cache buffer-indexof@https://registry.npmjs.org/buffer-indexof/-/buffer-indexof-1.1.1.tgz 0ms (cache hit)
772 http cache buffer-from@https://registry.npmjs.org/buffer-from/-/buffer-from-1.1.2.tgz 0ms (cache hit)
773 http cache bser@https://registry.npmjs.org/bser/-/bser-2.1.1.tgz 0ms (cache hit)
774 http cache browserslist@https://registry.npmjs.org/browserslist/-/browserslist-4.23.3.tgz 0ms (cache hit)
775 http cache browser-process-hrtime@https://registry.npmjs.org/browser-process-hrtime/-/browser-process-hrtime-1.0.0.tgz 1ms (cache hit)
776 http cache braces@https://registry.npmjs.org/braces/-/braces-3.0.3.tgz 0ms (cache hit)
777 http cache brace-expansion@https://registry.npmjs.org/brace-expansion/-/brace-expansion-1.1.11.tgz 0ms (cache hit)
778 http cache boolbase@https://registry.npmjs.org/boolbase/-/boolbase-1.0.0.tgz 0ms (cache hit)
779 http cache bonjour@https://registry.npmjs.org/bonjour/-/bonjour-3.5.0.tgz 0ms (cache hit)
780 http cache body-parser@https://registry.npmjs.org/body-parser/-/body-parser-1.20.3.tgz 0ms (cache hit)
781 http cache bluebird@https://registry.npmjs.org/bluebird/-/bluebird-3.7.2.tgz 0ms (cache hit)
782 http cache binary-extensions@https://registry.npmjs.org/binary-extensions/-/binary-extensions-2.2.0.tgz 0ms (cache hit)
783 http cache big.js@https://registry.npmjs.org/big.js/-/big.js-5.2.2.tgz 0ms (cache hit)
784 http cache bfj@https://registry.npmjs.org/bfj/-/bfj-7.0.2.tgz 0ms (cache hit)
785 http cache batch@https://registry.npmjs.org/batch/-/batch-0.6.1.tgz 0ms (cache hit)
786 http cache balanced-match@https://registry.npmjs.org/balanced-match/-/balanced-match-1.0.0.tgz 0ms (cache hit)
787 http cache babel-preset-react-app@https://registry.npmjs.org/babel-preset-react-app/-/babel-preset-react-app-10.0.1.tgz 0ms (cache hit)
788 http cache babel-preset-jest@https://registry.npmjs.org/babel-preset-jest/-/babel-preset-jest-27.4.0.tgz 0ms (cache hit)
789 http cache babel-preset-current-node-syntax@https://registry.npmjs.org/babel-preset-current-node-syntax/-/babel-preset-current-node-syntax-1.0.1.tgz 0ms (cache hit)
790 http cache babel-plugin-transform-react-remove-prop-types@https://registry.npmjs.org/babel-plugin-transform-react-remove-prop-types/-/babel-plugin-transform-react-remove-prop-types-0.4.24.tgz 0ms (cache hit)
791 http cache babel-plugin-polyfill-regenerator@https://registry.npmjs.org/babel-plugin-polyfill-regenerator/-/babel-plugin-polyfill-regenerator-0.3.1.tgz 0ms (cache hit)
792 http cache babel-plugin-polyfill-corejs3@https://registry.npmjs.org/babel-plugin-polyfill-corejs3/-/babel-plugin-polyfill-corejs3-0.5.1.tgz 0ms (cache hit)
793 http cache babel-plugin-polyfill-corejs2@https://registry.npmjs.org/babel-plugin-polyfill-corejs2/-/babel-plugin-polyfill-corejs2-0.3.3.tgz 0ms (cache hit)
794 http cache babel-plugin-named-asset-import@https://registry.npmjs.org/babel-plugin-named-asset-import/-/babel-plugin-named-asset-import-0.3.8.tgz 0ms (cache hit)
795 http cache babel-plugin-macros@https://registry.npmjs.org/babel-plugin-macros/-/babel-plugin-macros-3.1.0.tgz 0ms (cache hit)
796 http cache babel-plugin-jest-hoist@https://registry.npmjs.org/babel-plugin-jest-hoist/-/babel-plugin-jest-hoist-27.4.0.tgz 0ms (cache hit)
797 http cache babel-plugin-istanbul@https://registry.npmjs.org/babel-plugin-istanbul/-/babel-plugin-istanbul-6.1.1.tgz 0ms (cache hit)
798 http cache babel-plugin-dynamic-import-node@https://registry.npmjs.org/babel-plugin-dynamic-import-node/-/babel-plugin-dynamic-import-node-2.3.3.tgz 0ms (cache hit)
799 http cache babel-loader@https://registry.npmjs.org/babel-loader/-/babel-loader-8.2.3.tgz 0ms (cache hit)
800 http cache babel-jest@https://registry.npmjs.org/babel-jest/-/babel-jest-27.4.6.tgz 0ms (cache hit)
801 http cache axobject-query@https://registry.npmjs.org/axobject-query/-/axobject-query-3.1.1.tgz 0ms (cache hit)
802 http cache axe-core@https://registry.npmjs.org/axe-core/-/axe-core-4.6.3.tgz 1ms (cache hit)
803 http cache available-typed-arrays@https://registry.npmjs.org/available-typed-arrays/-/available-typed-arrays-1.0.5.tgz 0ms (cache hit)
804 http cache autoprefixer@https://registry.npmjs.org/autoprefixer/-/autoprefixer-10.4.2.tgz 0ms (cache hit)
805 http cache at-least-node@https://registry.npmjs.org/at-least-node/-/at-least-node-1.0.0.tgz 0ms (cache hit)
806 http cache async@https://registry.npmjs.org/async/-/async-2.6.4.tgz 0ms (cache hit)
807 http cache asynckit@https://registry.npmjs.org/asynckit/-/asynckit-0.4.0.tgz 0ms (cache hit)
808 http cache ast-types-flow@https://registry.npmjs.org/ast-types-flow/-/ast-types-flow-0.0.7.tgz 0ms (cache hit)
809 http cache asap@https://registry.npmjs.org/asap/-/asap-2.0.6.tgz 0ms (cache hit)
810 http cache array.prototype.tosorted@https://registry.npmjs.org/array.prototype.tosorted/-/array.prototype.tosorted-1.1.1.tgz 0ms (cache hit)
811 http cache array.prototype.flatmap@https://registry.npmjs.org/array.prototype.flatmap/-/array.prototype.flatmap-1.3.1.tgz 0ms (cache hit)
812 http cache array.prototype.flat@https://registry.npmjs.org/array.prototype.flat/-/array.prototype.flat-1.3.1.tgz 0ms (cache hit)
813 http cache array-union@https://registry.npmjs.org/array-union/-/array-union-2.1.0.tgz 0ms (cache hit)
814 http cache array-includes@https://registry.npmjs.org/array-includes/-/array-includes-3.1.6.tgz 0ms (cache hit)
815 http cache array-flatten@https://registry.npmjs.org/array-flatten/-/array-flatten-2.1.2.tgz 0ms (cache hit)
816 http cache array-buffer-byte-length@https://registry.npmjs.org/array-buffer-byte-length/-/array-buffer-byte-length-1.0.0.tgz 0ms (cache hit)
817 http cache aria-query@https://registry.npmjs.org/aria-query/-/aria-query-5.1.3.tgz 0ms (cache hit)
818 http cache argparse@https://registry.npmjs.org/argparse/-/argparse-1.0.10.tgz 0ms (cache hit)
819 http cache arg@https://registry.npmjs.org/arg/-/arg-5.0.1.tgz 0ms (cache hit)
820 http cache anymatch@https://registry.npmjs.org/anymatch/-/anymatch-3.1.2.tgz 0ms (cache hit)
821 http cache ansi-styles@https://registry.npmjs.org/ansi-styles/-/ansi-styles-3.2.1.tgz 0ms (cache hit)
822 http cache ansi-regex@https://registry.npmjs.org/ansi-regex/-/ansi-regex-5.0.1.tgz 0ms (cache hit)
823 http cache ansi-html-community@https://registry.npmjs.org/ansi-html-community/-/ansi-html-community-0.0.8.tgz 0ms (cache hit)
824 http cache ansi-escapes@https://registry.npmjs.org/ansi-escapes/-/ansi-escapes-4.3.2.tgz 0ms (cache hit)
825 http cache ajv-keywords@https://registry.npmjs.org/ajv-keywords/-/ajv-keywords-3.5.2.tgz 0ms (cache hit)
826 http cache ajv-formats@https://registry.npmjs.org/ajv-formats/-/ajv-formats-2.1.1.tgz 0ms (cache hit)
827 http cache ajv@https://registry.npmjs.org/ajv/-/ajv-6.12.6.tgz 0ms (cache hit)
828 http cache aggregate-error@https://registry.npmjs.org/aggregate-error/-/aggregate-error-3.1.0.tgz 0ms (cache hit)
829 http cache agent-base@https://registry.npmjs.org/agent-base/-/agent-base-6.0.2.tgz 0ms (cache hit)
830 http cache adjust-sourcemap-loader@https://registry.npmjs.org/adjust-sourcemap-loader/-/adjust-sourcemap-loader-4.0.0.tgz 0ms (cache hit)
831 http cache address@https://registry.npmjs.org/address/-/address-1.2.2.tgz 0ms (cache hit)
832 http cache acorn-walk@https://registry.npmjs.org/acorn-walk/-/acorn-walk-7.2.0.tgz 0ms (cache hit)
833 http cache acorn-node@https://registry.npmjs.org/acorn-node/-/acorn-node-1.8.2.tgz 0ms (cache hit)
834 http cache acorn-jsx@https://registry.npmjs.org/acorn-jsx/-/acorn-jsx-5.3.2.tgz 0ms (cache hit)
835 http cache acorn-import-attributes@https://registry.npmjs.org/acorn-import-attributes/-/acorn-import-attributes-1.9.5.tgz 0ms (cache hit)
836 http cache acorn-globals@https://registry.npmjs.org/acorn-globals/-/acorn-globals-6.0.0.tgz 0ms (cache hit)
837 http cache acorn@https://registry.npmjs.org/acorn/-/acorn-8.8.2.tgz 0ms (cache hit)
838 http cache accepts@https://registry.npmjs.org/accepts/-/accepts-1.3.8.tgz 0ms (cache hit)
839 http cache abab@https://registry.npmjs.org/abab/-/abab-2.0.5.tgz 0ms (cache hit)
840 http cache @xtuc/long@https://registry.npmjs.org/@xtuc/long/-/long-4.2.2.tgz 0ms (cache hit)
841 http cache @xtuc/ieee754@https://registry.npmjs.org/@xtuc/ieee754/-/ieee754-1.2.0.tgz 0ms (cache hit)
842 http cache @webassemblyjs/wast-printer@https://registry.npmjs.org/@webassemblyjs/wast-printer/-/wast-printer-1.12.1.tgz 0ms (cache hit)
843 http cache @webassemblyjs/wasm-parser@https://registry.npmjs.org/@webassemblyjs/wasm-parser/-/wasm-parser-1.12.1.tgz 0ms (cache hit)
844 http cache @webassemblyjs/wasm-opt@https://registry.npmjs.org/@webassemblyjs/wasm-opt/-/wasm-opt-1.12.1.tgz 0ms (cache hit)
845 http cache @webassemblyjs/wasm-gen@https://registry.npmjs.org/@webassemblyjs/wasm-gen/-/wasm-gen-1.12.1.tgz 0ms (cache hit)
846 http cache @webassemblyjs/wasm-edit@https://registry.npmjs.org/@webassemblyjs/wasm-edit/-/wasm-edit-1.12.1.tgz 0ms (cache hit)
847 http cache @webassemblyjs/utf8@https://registry.npmjs.org/@webassemblyjs/utf8/-/utf8-1.11.6.tgz 0ms (cache hit)
848 http cache @webassemblyjs/leb128@https://registry.npmjs.org/@webassemblyjs/leb128/-/leb128-1.11.6.tgz 0ms (cache hit)
849 http cache @webassemblyjs/ieee754@https://registry.npmjs.org/@webassemblyjs/ieee754/-/ieee754-1.11.6.tgz 0ms (cache hit)
850 http cache @webassemblyjs/helper-wasm-section@https://registry.npmjs.org/@webassemblyjs/helper-wasm-section/-/helper-wasm-section-1.12.1.tgz 0ms (cache hit)
851 http cache @webassemblyjs/helper-wasm-bytecode@https://registry.npmjs.org/@webassemblyjs/helper-wasm-bytecode/-/helper-wasm-bytecode-1.11.6.tgz 0ms (cache hit)
852 http cache @webassemblyjs/helper-numbers@https://registry.npmjs.org/@webassemblyjs/helper-numbers/-/helper-numbers-1.11.6.tgz 0ms (cache hit)
853 http cache @webassemblyjs/helper-buffer@https://registry.npmjs.org/@webassemblyjs/helper-buffer/-/helper-buffer-1.12.1.tgz 0ms (cache hit)
854 http cache @webassemblyjs/helper-api-error@https://registry.npmjs.org/@webassemblyjs/helper-api-error/-/helper-api-error-1.11.6.tgz 0ms (cache hit)
855 http cache @webassemblyjs/floating-point-hex-parser@https://registry.npmjs.org/@webassemblyjs/floating-point-hex-parser/-/floating-point-hex-parser-1.11.6.tgz 0ms (cache hit)
856 http cache @webassemblyjs/ast@https://registry.npmjs.org/@webassemblyjs/ast/-/ast-1.12.1.tgz 0ms (cache hit)
857 http cache @typescript-eslint/visitor-keys@https://registry.npmjs.org/@typescript-eslint/visitor-keys/-/visitor-keys-5.55.0.tgz 0ms (cache hit)
858 http cache @typescript-eslint/utils@https://registry.npmjs.org/@typescript-eslint/utils/-/utils-5.55.0.tgz 0ms (cache hit)
859 http cache @typescript-eslint/typescript-estree@https://registry.npmjs.org/@typescript-eslint/typescript-estree/-/typescript-estree-5.55.0.tgz 0ms (cache hit)
860 http cache @typescript-eslint/types@https://registry.npmjs.org/@typescript-eslint/types/-/types-5.55.0.tgz 0ms (cache hit)
861 http cache @typescript-eslint/type-utils@https://registry.npmjs.org/@typescript-eslint/type-utils/-/type-utils-5.55.0.tgz 0ms (cache hit)
862 http cache @typescript-eslint/scope-manager@https://registry.npmjs.org/@typescript-eslint/scope-manager/-/scope-manager-5.55.0.tgz 0ms (cache hit)
863 http cache @typescript-eslint/parser@https://registry.npmjs.org/@typescript-eslint/parser/-/parser-5.55.0.tgz 0ms (cache hit)
864 http cache @typescript-eslint/experimental-utils@https://registry.npmjs.org/@typescript-eslint/experimental-utils/-/experimental-utils-5.55.0.tgz 0ms (cache hit)
865 http cache @typescript-eslint/eslint-plugin@https://registry.npmjs.org/@typescript-eslint/eslint-plugin/-/eslint-plugin-5.55.0.tgz 0ms (cache hit)
866 http cache @types/yargs-parser@https://registry.npmjs.org/@types/yargs-parser/-/yargs-parser-20.2.1.tgz 0ms (cache hit)
867 http cache @types/yargs@https://registry.npmjs.org/@types/yargs/-/yargs-16.0.4.tgz 0ms (cache hit)
868 http cache @types/ws@https://registry.npmjs.org/@types/ws/-/ws-8.2.2.tgz 0ms (cache hit)
869 http cache @types/trusted-types@https://registry.npmjs.org/@types/trusted-types/-/trusted-types-2.0.2.tgz 0ms (cache hit)
870 http cache @types/stack-utils@https://registry.npmjs.org/@types/stack-utils/-/stack-utils-2.0.1.tgz 0ms (cache hit)
871 http cache @types/sockjs@https://registry.npmjs.org/@types/sockjs/-/sockjs-0.3.33.tgz 0ms (cache hit)
872 http cache @types/serve-static@https://registry.npmjs.org/@types/serve-static/-/serve-static-1.13.10.tgz 0ms (cache hit)
873 http cache @types/serve-index@https://registry.npmjs.org/@types/serve-index/-/serve-index-1.9.1.tgz 0ms (cache hit)
874 http cache @types/semver@https://registry.npmjs.org/@types/semver/-/semver-7.3.13.tgz 0ms (cache hit)
875 http cache @types/scheduler@https://registry.npmjs.org/@types/scheduler/-/scheduler-0.16.2.tgz 0ms (cache hit)
876 http cache @types/retry@https://registry.npmjs.org/@types/retry/-/retry-0.12.1.tgz 0ms (cache hit)
877 http cache @types/resolve@https://registry.npmjs.org/@types/resolve/-/resolve-1.17.1.tgz 0ms (cache hit)
878 http cache @types/react-transition-group@https://registry.npmjs.org/@types/react-transition-group/-/react-transition-group-4.4.4.tgz 0ms (cache hit)
879 http cache @types/react-is@https://registry.npmjs.org/@types/react-is/-/react-is-17.0.3.tgz 0ms (cache hit)
880 http cache @types/react@https://registry.npmjs.org/@types/react/-/react-17.0.38.tgz 0ms (cache hit)
881 http cache @types/range-parser@https://registry.npmjs.org/@types/range-parser/-/range-parser-1.2.4.tgz 0ms (cache hit)
882 http cache @types/qs@https://registry.npmjs.org/@types/qs/-/qs-6.9.7.tgz 0ms (cache hit)
883 http cache @types/q@https://registry.npmjs.org/@types/q/-/q-1.5.5.tgz 0ms (cache hit)
884 http cache @types/prop-types@https://registry.npmjs.org/@types/prop-types/-/prop-types-15.7.4.tgz 0ms (cache hit)
885 http cache @types/prettier@https://registry.npmjs.org/@types/prettier/-/prettier-2.4.3.tgz 0ms (cache hit)
886 http cache @types/parse-json@https://registry.npmjs.org/@types/parse-json/-/parse-json-4.0.0.tgz 0ms (cache hit)
887 http cache @types/node@https://registry.npmjs.org/@types/node/-/node-17.0.10.tgz 0ms (cache hit)
888 http cache @types/mime@https://registry.npmjs.org/@types/mime/-/mime-1.3.2.tgz 0ms (cache hit)
889 http cache @types/json5@https://registry.npmjs.org/@types/json5/-/json5-0.0.29.tgz 0ms (cache hit)
890 http cache @types/json-schema@https://registry.npmjs.org/@types/json-schema/-/json-schema-7.0.9.tgz 0ms (cache hit)
891 http cache @types/istanbul-reports@https://registry.npmjs.org/@types/istanbul-reports/-/istanbul-reports-3.0.1.tgz 0ms (cache hit)
892 http cache @types/istanbul-lib-report@https://registry.npmjs.org/@types/istanbul-lib-report/-/istanbul-lib-report-3.0.0.tgz 0ms (cache hit)
893 http cache @types/istanbul-lib-coverage@https://registry.npmjs.org/@types/istanbul-lib-coverage/-/istanbul-lib-coverage-2.0.4.tgz 0ms (cache hit)
894 http cache @types/http-proxy@https://registry.npmjs.org/@types/http-proxy/-/http-proxy-1.17.8.tgz 0ms (cache hit)
895 http cache @types/html-minifier-terser@https://registry.npmjs.org/@types/html-minifier-terser/-/html-minifier-terser-6.1.0.tgz 0ms (cache hit)
896 http cache @types/graceful-fs@https://registry.npmjs.org/@types/graceful-fs/-/graceful-fs-4.1.5.tgz 0ms (cache hit)
897 http cache @types/express-serve-static-core@https://registry.npmjs.org/@types/express-serve-static-core/-/express-serve-static-core-4.17.28.tgz 0ms (cache hit)
898 http cache @types/express@https://registry.npmjs.org/@types/express/-/express-4.17.13.tgz 0ms (cache hit)
899 http cache @types/estree@https://registry.npmjs.org/@types/estree/-/estree-1.0.5.tgz 0ms (cache hit)
900 http cache @types/eslint@https://registry.npmjs.org/@types/eslint/-/eslint-7.29.0.tgz 0ms (cache hit)
901 http cache @types/connect-history-api-fallback@https://registry.npmjs.org/@types/connect-history-api-fallback/-/connect-history-api-fallback-1.3.5.tgz 0ms (cache hit)
902 http cache @types/connect@https://registry.npmjs.org/@types/connect/-/connect-3.4.35.tgz 0ms (cache hit)
903 http cache @types/bonjour@https://registry.npmjs.org/@types/bonjour/-/bonjour-3.5.10.tgz 0ms (cache hit)
904 http cache @types/body-parser@https://registry.npmjs.org/@types/body-parser/-/body-parser-1.19.2.tgz 0ms (cache hit)
905 http cache @types/babel__traverse@https://registry.npmjs.org/@types/babel__traverse/-/babel__traverse-7.14.2.tgz 0ms (cache hit)
906 http cache @types/babel__template@https://registry.npmjs.org/@types/babel__template/-/babel__template-7.4.1.tgz 0ms (cache hit)
907 http cache @types/babel__generator@https://registry.npmjs.org/@types/babel__generator/-/babel__generator-7.6.4.tgz 0ms (cache hit)
908 http cache @types/babel__core@https://registry.npmjs.org/@types/babel__core/-/babel__core-7.1.18.tgz 0ms (cache hit)
909 http cache @trysound/sax@https://registry.npmjs.org/@trysound/sax/-/sax-0.2.0.tgz 0ms (cache hit)
910 http cache @tootallnate/once@https://registry.npmjs.org/@tootallnate/once/-/once-1.1.2.tgz 0ms (cache hit)
911 http cache @svgr/webpack@https://registry.npmjs.org/@svgr/webpack/-/webpack-5.5.0.tgz 0ms (cache hit)
912 http cache @svgr/plugin-svgo@https://registry.npmjs.org/@svgr/plugin-svgo/-/plugin-svgo-5.5.0.tgz 0ms (cache hit)
913 http cache @svgr/plugin-jsx@https://registry.npmjs.org/@svgr/plugin-jsx/-/plugin-jsx-5.5.0.tgz 0ms (cache hit)
914 http cache @svgr/hast-util-to-babel-ast@https://registry.npmjs.org/@svgr/hast-util-to-babel-ast/-/hast-util-to-babel-ast-5.5.0.tgz 0ms (cache hit)
915 http cache @svgr/core@https://registry.npmjs.org/@svgr/core/-/core-5.5.0.tgz 0ms (cache hit)
916 http cache @svgr/babel-preset@https://registry.npmjs.org/@svgr/babel-preset/-/babel-preset-5.5.0.tgz 0ms (cache hit)
917 http cache @svgr/babel-plugin-transform-svg-component@https://registry.npmjs.org/@svgr/babel-plugin-transform-svg-component/-/babel-plugin-transform-svg-component-5.5.0.tgz 0ms (cache hit)
918 http cache @svgr/babel-plugin-transform-react-native-svg@https://registry.npmjs.org/@svgr/babel-plugin-transform-react-native-svg/-/babel-plugin-transform-react-native-svg-5.4.0.tgz 0ms (cache hit)
919 http cache @svgr/babel-plugin-svg-em-dimensions@https://registry.npmjs.org/@svgr/babel-plugin-svg-em-dimensions/-/babel-plugin-svg-em-dimensions-5.4.0.tgz 0ms (cache hit)
920 http cache @svgr/babel-plugin-svg-dynamic-title@https://registry.npmjs.org/@svgr/babel-plugin-svg-dynamic-title/-/babel-plugin-svg-dynamic-title-5.4.0.tgz 0ms (cache hit)
921 http cache @svgr/babel-plugin-replace-jsx-attribute-value@https://registry.npmjs.org/@svgr/babel-plugin-replace-jsx-attribute-value/-/babel-plugin-replace-jsx-attribute-value-5.0.1.tgz 0ms (cache hit)
922 http cache @svgr/babel-plugin-remove-jsx-empty-expression@https://registry.npmjs.org/@svgr/babel-plugin-remove-jsx-empty-expression/-/babel-plugin-remove-jsx-empty-expression-5.0.1.tgz 0ms (cache hit)
923 http cache @svgr/babel-plugin-remove-jsx-attribute@https://registry.npmjs.org/@svgr/babel-plugin-remove-jsx-attribute/-/babel-plugin-remove-jsx-attribute-5.4.0.tgz 0ms (cache hit)
924 http cache @svgr/babel-plugin-add-jsx-attribute@https://registry.npmjs.org/@svgr/babel-plugin-add-jsx-attribute/-/babel-plugin-add-jsx-attribute-5.4.0.tgz 0ms (cache hit)
925 http cache @surma/rollup-plugin-off-main-thread@https://registry.npmjs.org/@surma/rollup-plugin-off-main-thread/-/rollup-plugin-off-main-thread-2.2.3.tgz 0ms (cache hit)
926 http cache @sinonjs/fake-timers@https://registry.npmjs.org/@sinonjs/fake-timers/-/fake-timers-8.1.0.tgz 0ms (cache hit)
927 http cache @sinonjs/commons@https://registry.npmjs.org/@sinonjs/commons/-/commons-1.8.3.tgz 0ms (cache hit)
928 http cache @rushstack/eslint-patch@https://registry.npmjs.org/@rushstack/eslint-patch/-/eslint-patch-1.2.0.tgz 0ms (cache hit)
929 http cache @rollup/pluginutils@https://registry.npmjs.org/@rollup/pluginutils/-/pluginutils-3.1.0.tgz 0ms (cache hit)
930 http cache @rollup/plugin-replace@https://registry.npmjs.org/@rollup/plugin-replace/-/plugin-replace-2.4.2.tgz 0ms (cache hit)
931 http cache @rollup/plugin-node-resolve@https://registry.npmjs.org/@rollup/plugin-node-resolve/-/plugin-node-resolve-11.2.1.tgz 0ms (cache hit)
932 http cache @rollup/plugin-babel@https://registry.npmjs.org/@rollup/plugin-babel/-/plugin-babel-5.3.0.tgz 0ms (cache hit)
933 http cache @popperjs/core@https://registry.npmjs.org/@popperjs/core/-/core-2.11.2.tgz 0ms (cache hit)
934 http cache @pmmmwh/react-refresh-webpack-plugin@https://registry.npmjs.org/@pmmmwh/react-refresh-webpack-plugin/-/react-refresh-webpack-plugin-0.5.4.tgz 0ms (cache hit)
935 http cache @nodelib/fs.walk@https://registry.npmjs.org/@nodelib/fs.walk/-/fs.walk-1.2.8.tgz 0ms (cache hit)
936 http cache @nodelib/fs.stat@https://registry.npmjs.org/@nodelib/fs.stat/-/fs.stat-2.0.5.tgz 0ms (cache hit)
937 http cache @nodelib/fs.scandir@https://registry.npmjs.org/@nodelib/fs.scandir/-/fs.scandir-2.1.5.tgz 0ms (cache hit)
938 http cache @nicolo-ribaudo/eslint-scope-5-internals@https://registry.npmjs.org/@nicolo-ribaudo/eslint-scope-5-internals/-/eslint-scope-5-internals-5.1.1-v1.tgz 0ms (cache hit)
939 http cache @mui/utils@https://registry.npmjs.org/@mui/utils/-/utils-5.3.0.tgz 0ms (cache hit)
940 http cache @mui/types@https://registry.npmjs.org/@mui/types/-/types-7.1.0.tgz 0ms (cache hit)
941 http cache @mui/system@https://registry.npmjs.org/@mui/system/-/system-5.3.0.tgz 0ms (cache hit)
942 http cache @mui/styles@https://registry.npmjs.org/@mui/styles/-/styles-5.3.0.tgz 0ms (cache hit)
943 http cache @mui/styled-engine@https://registry.npmjs.org/@mui/styled-engine/-/styled-engine-5.3.0.tgz 0ms (cache hit)
944 http cache @mui/private-theming@https://registry.npmjs.org/@mui/private-theming/-/private-theming-5.3.0.tgz 0ms (cache hit)
945 http cache @mui/material@https://registry.npmjs.org/@mui/material/-/material-5.3.1.tgz 0ms (cache hit)
946 http cache @mui/base@https://registry.npmjs.org/@mui/base/-/base-5.0.0-alpha.66.tgz 0ms (cache hit)
947 http cache @jridgewell/trace-mapping@https://registry.npmjs.org/@jridgewell/trace-mapping/-/trace-mapping-0.3.25.tgz 0ms (cache hit)
948 http cache @jridgewell/sourcemap-codec@https://registry.npmjs.org/@jridgewell/sourcemap-codec/-/sourcemap-codec-1.4.14.tgz 0ms (cache hit)
949 http cache @jridgewell/source-map@https://registry.npmjs.org/@jridgewell/source-map/-/source-map-0.3.6.tgz 0ms (cache hit)
950 http cache @jridgewell/set-array@https://registry.npmjs.org/@jridgewell/set-array/-/set-array-1.2.1.tgz 0ms (cache hit)
951 http cache @jridgewell/resolve-uri@https://registry.npmjs.org/@jridgewell/resolve-uri/-/resolve-uri-3.1.0.tgz 0ms (cache hit)
952 http cache @jridgewell/gen-mapping@https://registry.npmjs.org/@jridgewell/gen-mapping/-/gen-mapping-0.3.5.tgz 0ms (cache hit)
953 http cache @jest/types@https://registry.npmjs.org/@jest/types/-/types-27.4.2.tgz 0ms (cache hit)
954 http cache @jest/transform@https://registry.npmjs.org/@jest/transform/-/transform-27.4.6.tgz 0ms (cache hit)
955 http cache @jest/test-sequencer@https://registry.npmjs.org/@jest/test-sequencer/-/test-sequencer-27.4.6.tgz 0ms (cache hit)
956 http cache @jest/test-result@https://registry.npmjs.org/@jest/test-result/-/test-result-27.4.6.tgz 0ms (cache hit)
957 http cache @jest/source-map@https://registry.npmjs.org/@jest/source-map/-/source-map-27.4.0.tgz 0ms (cache hit)
958 http cache @jest/reporters@https://registry.npmjs.org/@jest/reporters/-/reporters-27.4.6.tgz 0ms (cache hit)
959 http cache @jest/globals@https://registry.npmjs.org/@jest/globals/-/globals-27.4.6.tgz 0ms (cache hit)
960 http cache @jest/fake-timers@https://registry.npmjs.org/@jest/fake-timers/-/fake-timers-27.4.6.tgz 0ms (cache hit)
961 http cache @jest/environment@https://registry.npmjs.org/@jest/environment/-/environment-27.4.6.tgz 0ms (cache hit)
962 http cache @jest/core@https://registry.npmjs.org/@jest/core/-/core-27.4.7.tgz 0ms (cache hit)
963 http cache @jest/console@https://registry.npmjs.org/@jest/console/-/console-27.4.6.tgz 0ms (cache hit)
964 http cache @istanbuljs/schema@https://registry.npmjs.org/@istanbuljs/schema/-/schema-0.1.3.tgz 0ms (cache hit)
965 http cache @istanbuljs/load-nyc-config@https://registry.npmjs.org/@istanbuljs/load-nyc-config/-/load-nyc-config-1.1.0.tgz 0ms (cache hit)
966 http cache @humanwhocodes/object-schema@https://registry.npmjs.org/@humanwhocodes/object-schema/-/object-schema-1.2.1.tgz 0ms (cache hit)
967 http cache @humanwhocodes/config-array@https://registry.npmjs.org/@humanwhocodes/config-array/-/config-array-0.9.2.tgz 0ms (cache hit)
968 http cache @eslint/eslintrc@https://registry.npmjs.org/@eslint/eslintrc/-/eslintrc-1.0.5.tgz 0ms (cache hit)
969 http cache @eslint-community/regexpp@https://registry.npmjs.org/@eslint-community/regexpp/-/regexpp-4.4.0.tgz 0ms (cache hit)
970 http cache @eslint-community/eslint-utils@https://registry.npmjs.org/@eslint-community/eslint-utils/-/eslint-utils-4.2.0.tgz 0ms (cache hit)
971 http cache @emotion/weak-memoize@https://registry.npmjs.org/@emotion/weak-memoize/-/weak-memoize-0.2.5.tgz 0ms (cache hit)
972 http cache @emotion/utils@https://registry.npmjs.org/@emotion/utils/-/utils-1.0.0.tgz 0ms (cache hit)
973 http cache @emotion/unitless@https://registry.npmjs.org/@emotion/unitless/-/unitless-0.7.5.tgz 0ms (cache hit)
974 http cache @emotion/styled@https://registry.npmjs.org/@emotion/styled/-/styled-11.6.0.tgz 0ms (cache hit)
975 http cache @emotion/sheet@https://registry.npmjs.org/@emotion/sheet/-/sheet-1.1.0.tgz 0ms (cache hit)
976 http cache @emotion/serialize@https://registry.npmjs.org/@emotion/serialize/-/serialize-1.0.2.tgz 0ms (cache hit)
977 http cache @emotion/react@https://registry.npmjs.org/@emotion/react/-/react-11.7.1.tgz 0ms (cache hit)
978 http cache @emotion/memoize@https://registry.npmjs.org/@emotion/memoize/-/memoize-0.7.5.tgz 0ms (cache hit)
979 http cache @emotion/is-prop-valid@https://registry.npmjs.org/@emotion/is-prop-valid/-/is-prop-valid-1.1.1.tgz 0ms (cache hit)
980 http cache @emotion/hash@https://registry.npmjs.org/@emotion/hash/-/hash-0.8.0.tgz 0ms (cache hit)
981 http cache @emotion/cache@https://registry.npmjs.org/@emotion/cache/-/cache-11.7.1.tgz 0ms (cache hit)
982 http cache @emotion/babel-plugin@https://registry.npmjs.org/@emotion/babel-plugin/-/babel-plugin-11.7.2.tgz 0ms (cache hit)
983 http cache @csstools/normalize.css@https://registry.npmjs.org/@csstools/normalize.css/-/normalize.css-12.0.0.tgz 0ms (cache hit)
984 http cache @bcoe/v8-coverage@https://registry.npmjs.org/@bcoe/v8-coverage/-/v8-coverage-0.2.3.tgz 0ms (cache hit)
985 http cache @babel/types@https://registry.npmjs.org/@babel/types/-/types-7.21.3.tgz 0ms (cache hit)
986 http cache @babel/traverse@https://registry.npmjs.org/@babel/traverse/-/traverse-7.21.3.tgz 0ms (cache hit)
987 http cache @babel/runtime@https://registry.npmjs.org/@babel/runtime/-/runtime-7.21.0.tgz 0ms (cache hit)
988 http cache @babel/preset-typescript@https://registry.npmjs.org/@babel/preset-typescript/-/preset-typescript-7.21.0.tgz 0ms (cache hit)
989 http cache @babel/preset-react@https://registry.npmjs.org/@babel/preset-react/-/preset-react-7.16.7.tgz 0ms (cache hit)
990 http cache @babel/preset-modules@https://registry.npmjs.org/@babel/preset-modules/-/preset-modules-0.1.5.tgz 0ms (cache hit)
991 http cache @babel/preset-env@https://registry.npmjs.org/@babel/preset-env/-/preset-env-7.16.11.tgz 0ms (cache hit)
992 http cache @babel/plugin-transform-unicode-regex@https://registry.npmjs.org/@babel/plugin-transform-unicode-regex/-/plugin-transform-unicode-regex-7.16.7.tgz 0ms (cache hit)
993 http cache @babel/plugin-transform-unicode-escapes@https://registry.npmjs.org/@babel/plugin-transform-unicode-escapes/-/plugin-transform-unicode-escapes-7.16.7.tgz 0ms (cache hit)
994 http cache @babel/plugin-transform-typescript@https://registry.npmjs.org/@babel/plugin-transform-typescript/-/plugin-transform-typescript-7.21.3.tgz 0ms (cache hit)
995 http cache @babel/plugin-transform-typeof-symbol@https://registry.npmjs.org/@babel/plugin-transform-typeof-symbol/-/plugin-transform-typeof-symbol-7.16.7.tgz 0ms (cache hit)
996 http cache @babel/plugin-transform-template-literals@https://registry.npmjs.org/@babel/plugin-transform-template-literals/-/plugin-transform-template-literals-7.16.7.tgz 0ms (cache hit)
997 http cache @babel/plugin-transform-sticky-regex@https://registry.npmjs.org/@babel/plugin-transform-sticky-regex/-/plugin-transform-sticky-regex-7.16.7.tgz 0ms (cache hit)
998 http cache @babel/plugin-transform-spread@https://registry.npmjs.org/@babel/plugin-transform-spread/-/plugin-transform-spread-7.16.7.tgz 0ms (cache hit)
999 http cache @babel/plugin-transform-shorthand-properties@https://registry.npmjs.org/@babel/plugin-transform-shorthand-properties/-/plugin-transform-shorthand-properties-7.16.7.tgz 0ms (cache hit)
1000 http cache @babel/plugin-transform-runtime@https://registry.npmjs.org/@babel/plugin-transform-runtime/-/plugin-transform-runtime-7.21.0.tgz 0ms (cache hit)
1001 http cache @babel/plugin-transform-reserved-words@https://registry.npmjs.org/@babel/plugin-transform-reserved-words/-/plugin-transform-reserved-words-7.16.7.tgz 0ms (cache hit)
1002 http cache @babel/plugin-transform-regenerator@https://registry.npmjs.org/@babel/plugin-transform-regenerator/-/plugin-transform-regenerator-7.16.7.tgz 0ms (cache hit)
1003 http cache @babel/plugin-transform-react-pure-annotations@https://registry.npmjs.org/@babel/plugin-transform-react-pure-annotations/-/plugin-transform-react-pure-annotations-7.16.7.tgz 0ms (cache hit)
1004 http cache @babel/plugin-transform-react-jsx-development@https://registry.npmjs.org/@babel/plugin-transform-react-jsx-development/-/plugin-transform-react-jsx-development-7.16.7.tgz 0ms (cache hit)
1005 http cache @babel/plugin-transform-react-jsx@https://registry.npmjs.org/@babel/plugin-transform-react-jsx/-/plugin-transform-react-jsx-7.16.7.tgz 0ms (cache hit)
1006 http cache @babel/plugin-transform-react-display-name@https://registry.npmjs.org/@babel/plugin-transform-react-display-name/-/plugin-transform-react-display-name-7.16.7.tgz 0ms (cache hit)
1007 http cache @babel/plugin-transform-react-constant-elements@https://registry.npmjs.org/@babel/plugin-transform-react-constant-elements/-/plugin-transform-react-constant-elements-7.16.7.tgz 0ms (cache hit)
1008 http cache @babel/plugin-transform-property-literals@https://registry.npmjs.org/@babel/plugin-transform-property-literals/-/plugin-transform-property-literals-7.16.7.tgz 0ms (cache hit)
1009 http cache @babel/plugin-transform-parameters@https://registry.npmjs.org/@babel/plugin-transform-parameters/-/plugin-transform-parameters-7.16.7.tgz 0ms (cache hit)
1010 http cache @babel/plugin-transform-object-super@https://registry.npmjs.org/@babel/plugin-transform-object-super/-/plugin-transform-object-super-7.16.7.tgz 0ms (cache hit)
1011 http cache @babel/plugin-transform-new-target@https://registry.npmjs.org/@babel/plugin-transform-new-target/-/plugin-transform-new-target-7.16.7.tgz 0ms (cache hit)
1012 http cache @babel/plugin-transform-named-capturing-groups-regex@https://registry.npmjs.org/@babel/plugin-transform-named-capturing-groups-regex/-/plugin-transform-named-capturing-groups-regex-7.16.8.tgz 0ms (cache hit)
1013 http cache @babel/plugin-transform-modules-umd@https://registry.npmjs.org/@babel/plugin-transform-modules-umd/-/plugin-transform-modules-umd-7.16.7.tgz 0ms (cache hit)
1014 http cache @babel/plugin-transform-modules-systemjs@https://registry.npmjs.org/@babel/plugin-transform-modules-systemjs/-/plugin-transform-modules-systemjs-7.16.7.tgz 0ms (cache hit)
1015 http cache @babel/plugin-transform-modules-commonjs@https://registry.npmjs.org/@babel/plugin-transform-modules-commonjs/-/plugin-transform-modules-commonjs-7.16.8.tgz 0ms (cache hit)
1016 http cache @babel/plugin-transform-modules-amd@https://registry.npmjs.org/@babel/plugin-transform-modules-amd/-/plugin-transform-modules-amd-7.16.7.tgz 1ms (cache hit)
1017 http cache @babel/plugin-transform-member-expression-literals@https://registry.npmjs.org/@babel/plugin-transform-member-expression-literals/-/plugin-transform-member-expression-literals-7.16.7.tgz 0ms (cache hit)
1018 http cache @babel/plugin-transform-literals@https://registry.npmjs.org/@babel/plugin-transform-literals/-/plugin-transform-literals-7.16.7.tgz 0ms (cache hit)
1019 http cache @babel/plugin-transform-function-name@https://registry.npmjs.org/@babel/plugin-transform-function-name/-/plugin-transform-function-name-7.16.7.tgz 0ms (cache hit)
1020 http cache @babel/plugin-transform-for-of@https://registry.npmjs.org/@babel/plugin-transform-for-of/-/plugin-transform-for-of-7.16.7.tgz 0ms (cache hit)
1021 http cache @babel/plugin-transform-flow-strip-types@https://registry.npmjs.org/@babel/plugin-transform-flow-strip-types/-/plugin-transform-flow-strip-types-7.21.0.tgz 0ms (cache hit)
1022 http cache @babel/plugin-transform-exponentiation-operator@https://registry.npmjs.org/@babel/plugin-transform-exponentiation-operator/-/plugin-transform-exponentiation-operator-7.16.7.tgz 0ms (cache hit)
1023 http cache @babel/plugin-transform-duplicate-keys@https://registry.npmjs.org/@babel/plugin-transform-duplicate-keys/-/plugin-transform-duplicate-keys-7.16.7.tgz 0ms (cache hit)
1024 http cache @babel/plugin-transform-dotall-regex@https://registry.npmjs.org/@babel/plugin-transform-dotall-regex/-/plugin-transform-dotall-regex-7.16.7.tgz 0ms (cache hit)
1025 http cache @babel/plugin-transform-destructuring@https://registry.npmjs.org/@babel/plugin-transform-destructuring/-/plugin-transform-destructuring-7.16.7.tgz 0ms (cache hit)
1026 http cache @babel/plugin-transform-computed-properties@https://registry.npmjs.org/@babel/plugin-transform-computed-properties/-/plugin-transform-computed-properties-7.16.7.tgz 0ms (cache hit)
1027 http cache @babel/plugin-transform-classes@https://registry.npmjs.org/@babel/plugin-transform-classes/-/plugin-transform-classes-7.16.7.tgz 0ms (cache hit)
1028 http cache @babel/plugin-transform-block-scoping@https://registry.npmjs.org/@babel/plugin-transform-block-scoping/-/plugin-transform-block-scoping-7.16.7.tgz 0ms (cache hit)
1029 http cache @babel/plugin-transform-block-scoped-functions@https://registry.npmjs.org/@babel/plugin-transform-block-scoped-functions/-/plugin-transform-block-scoped-functions-7.16.7.tgz 0ms (cache hit)
1030 http cache @babel/plugin-transform-async-to-generator@https://registry.npmjs.org/@babel/plugin-transform-async-to-generator/-/plugin-transform-async-to-generator-7.16.8.tgz 0ms (cache hit)
1031 http cache @babel/plugin-transform-arrow-functions@https://registry.npmjs.org/@babel/plugin-transform-arrow-functions/-/plugin-transform-arrow-functions-7.16.7.tgz 0ms (cache hit)
1032 http cache @babel/plugin-syntax-typescript@https://registry.npmjs.org/@babel/plugin-syntax-typescript/-/plugin-syntax-typescript-7.20.0.tgz 0ms (cache hit)
1033 http cache @babel/plugin-syntax-top-level-await@https://registry.npmjs.org/@babel/plugin-syntax-top-level-await/-/plugin-syntax-top-level-await-7.14.5.tgz 0ms (cache hit)
1034 http cache @babel/plugin-syntax-private-property-in-object@https://registry.npmjs.org/@babel/plugin-syntax-private-property-in-object/-/plugin-syntax-private-property-in-object-7.14.5.tgz 0ms (cache hit)
1035 http cache @babel/plugin-syntax-optional-chaining@https://registry.npmjs.org/@babel/plugin-syntax-optional-chaining/-/plugin-syntax-optional-chaining-7.8.3.tgz 0ms (cache hit)
1036 http cache @babel/plugin-syntax-optional-catch-binding@https://registry.npmjs.org/@babel/plugin-syntax-optional-catch-binding/-/plugin-syntax-optional-catch-binding-7.8.3.tgz 0ms (cache hit)
1037 http cache @babel/plugin-syntax-object-rest-spread@https://registry.npmjs.org/@babel/plugin-syntax-object-rest-spread/-/plugin-syntax-object-rest-spread-7.8.3.tgz 0ms (cache hit)
1038 http cache @babel/plugin-syntax-numeric-separator@https://registry.npmjs.org/@babel/plugin-syntax-numeric-separator/-/plugin-syntax-numeric-separator-7.10.4.tgz 0ms (cache hit)
1039 http cache @babel/plugin-syntax-nullish-coalescing-operator@https://registry.npmjs.org/@babel/plugin-syntax-nullish-coalescing-operator/-/plugin-syntax-nullish-coalescing-operator-7.8.3.tgz 0ms (cache hit)
1040 http cache @babel/plugin-syntax-logical-assignment-operators@https://registry.npmjs.org/@babel/plugin-syntax-logical-assignment-operators/-/plugin-syntax-logical-assignment-operators-7.10.4.tgz 0ms (cache hit)
1041 http cache @babel/plugin-syntax-jsx@https://registry.npmjs.org/@babel/plugin-syntax-jsx/-/plugin-syntax-jsx-7.16.7.tgz 0ms (cache hit)
1042 http cache @babel/plugin-syntax-json-strings@https://registry.npmjs.org/@babel/plugin-syntax-json-strings/-/plugin-syntax-json-strings-7.8.3.tgz 0ms (cache hit)
1043 http cache @babel/plugin-syntax-import-meta@https://registry.npmjs.org/@babel/plugin-syntax-import-meta/-/plugin-syntax-import-meta-7.10.4.tgz 0ms (cache hit)
1044 http cache @babel/plugin-syntax-flow@https://registry.npmjs.org/@babel/plugin-syntax-flow/-/plugin-syntax-flow-7.18.6.tgz 0ms (cache hit)
1045 http cache @babel/plugin-syntax-export-namespace-from@https://registry.npmjs.org/@babel/plugin-syntax-export-namespace-from/-/plugin-syntax-export-namespace-from-7.8.3.tgz 0ms (cache hit)
1046 http cache @babel/plugin-syntax-dynamic-import@https://registry.npmjs.org/@babel/plugin-syntax-dynamic-import/-/plugin-syntax-dynamic-import-7.8.3.tgz 0ms (cache hit)
1047 http cache @babel/plugin-syntax-decorators@https://registry.npmjs.org/@babel/plugin-syntax-decorators/-/plugin-syntax-decorators-7.21.0.tgz 0ms (cache hit)
1048 http cache @babel/plugin-syntax-class-static-block@https://registry.npmjs.org/@babel/plugin-syntax-class-static-block/-/plugin-syntax-class-static-block-7.14.5.tgz 0ms (cache hit)
1049 http cache @babel/plugin-syntax-class-properties@https://registry.npmjs.org/@babel/plugin-syntax-class-properties/-/plugin-syntax-class-properties-7.12.13.tgz 0ms (cache hit)
1050 http cache @babel/plugin-syntax-bigint@https://registry.npmjs.org/@babel/plugin-syntax-bigint/-/plugin-syntax-bigint-7.8.3.tgz 0ms (cache hit)
1051 http cache @babel/plugin-syntax-async-generators@https://registry.npmjs.org/@babel/plugin-syntax-async-generators/-/plugin-syntax-async-generators-7.8.4.tgz 0ms (cache hit)
1052 http cache @babel/plugin-proposal-unicode-property-regex@https://registry.npmjs.org/@babel/plugin-proposal-unicode-property-regex/-/plugin-proposal-unicode-property-regex-7.16.7.tgz 0ms (cache hit)
1053 http cache @babel/plugin-proposal-private-property-in-object@https://registry.npmjs.org/@babel/plugin-proposal-private-property-in-object/-/plugin-proposal-private-property-in-object-7.16.7.tgz 0ms (cache hit)
1054 http cache @babel/plugin-proposal-private-methods@https://registry.npmjs.org/@babel/plugin-proposal-private-methods/-/plugin-proposal-private-methods-7.16.11.tgz 0ms (cache hit)
1055 http cache @babel/plugin-proposal-optional-chaining@https://registry.npmjs.org/@babel/plugin-proposal-optional-chaining/-/plugin-proposal-optional-chaining-7.16.7.tgz 0ms (cache hit)
1056 http cache @babel/plugin-proposal-optional-catch-binding@https://registry.npmjs.org/@babel/plugin-proposal-optional-catch-binding/-/plugin-proposal-optional-catch-binding-7.16.7.tgz 0ms (cache hit)
1057 http cache @babel/plugin-proposal-object-rest-spread@https://registry.npmjs.org/@babel/plugin-proposal-object-rest-spread/-/plugin-proposal-object-rest-spread-7.16.7.tgz 0ms (cache hit)
1058 http cache @babel/plugin-proposal-numeric-separator@https://registry.npmjs.org/@babel/plugin-proposal-numeric-separator/-/plugin-proposal-numeric-separator-7.16.7.tgz 0ms (cache hit)
1059 http cache @babel/plugin-proposal-nullish-coalescing-operator@https://registry.npmjs.org/@babel/plugin-proposal-nullish-coalescing-operator/-/plugin-proposal-nullish-coalescing-operator-7.16.7.tgz 0ms (cache hit)
1060 http cache @babel/plugin-proposal-logical-assignment-operators@https://registry.npmjs.org/@babel/plugin-proposal-logical-assignment-operators/-/plugin-proposal-logical-assignment-operators-7.16.7.tgz 0ms (cache hit)
1061 http cache @babel/plugin-proposal-json-strings@https://registry.npmjs.org/@babel/plugin-proposal-json-strings/-/plugin-proposal-json-strings-7.16.7.tgz 0ms (cache hit)
1062 http cache @babel/plugin-proposal-export-namespace-from@https://registry.npmjs.org/@babel/plugin-proposal-export-namespace-from/-/plugin-proposal-export-namespace-from-7.16.7.tgz 0ms (cache hit)
1063 http cache @babel/plugin-proposal-dynamic-import@https://registry.npmjs.org/@babel/plugin-proposal-dynamic-import/-/plugin-proposal-dynamic-import-7.16.7.tgz 0ms (cache hit)
1064 http cache @babel/plugin-proposal-decorators@https://registry.npmjs.org/@babel/plugin-proposal-decorators/-/plugin-proposal-decorators-7.21.0.tgz 0ms (cache hit)
1065 http cache @babel/plugin-proposal-class-static-block@https://registry.npmjs.org/@babel/plugin-proposal-class-static-block/-/plugin-proposal-class-static-block-7.16.7.tgz 0ms (cache hit)
1066 http cache @babel/plugin-proposal-class-properties@https://registry.npmjs.org/@babel/plugin-proposal-class-properties/-/plugin-proposal-class-properties-7.16.7.tgz 0ms (cache hit)
1067 http cache @babel/plugin-proposal-async-generator-functions@https://registry.npmjs.org/@babel/plugin-proposal-async-generator-functions/-/plugin-proposal-async-generator-functions-7.16.8.tgz 0ms (cache hit)
1068 http cache @babel/plugin-bugfix-v8-spread-parameters-in-optional-chaining@https://registry.npmjs.org/@babel/plugin-bugfix-v8-spread-parameters-in-optional-chaining/-/plugin-bugfix-v8-spread-parameters-in-optional-chaining-7.16.7.tgz 0ms (cache hit)
1069 http cache @babel/plugin-bugfix-safari-id-destructuring-collision-in-function-expression@https://registry.npmjs.org/@babel/plugin-bugfix-safari-id-destructuring-collision-in-function-expression/-/plugin-bugfix-safari-id-destructuring-collision-in-function-expression-7.16.7.tgz 0ms (cache hit)
1070 http cache @babel/parser@https://registry.npmjs.org/@babel/parser/-/parser-7.21.3.tgz 0ms (cache hit)
1071 http cache @babel/highlight@https://registry.npmjs.org/@babel/highlight/-/highlight-7.18.6.tgz 0ms (cache hit)
1072 http cache @babel/helpers@https://registry.npmjs.org/@babel/helpers/-/helpers-7.16.7.tgz 0ms (cache hit)
1073 http cache @babel/helper-wrap-function@https://registry.npmjs.org/@babel/helper-wrap-function/-/helper-wrap-function-7.16.8.tgz 0ms (cache hit)
1074 http cache @babel/helper-validator-option@https://registry.npmjs.org/@babel/helper-validator-option/-/helper-validator-option-7.21.0.tgz 0ms (cache hit)
1075 http cache @babel/helper-validator-identifier@https://registry.npmjs.org/@babel/helper-validator-identifier/-/helper-validator-identifier-7.19.1.tgz 0ms (cache hit)
1076 http cache @babel/helper-string-parser@https://registry.npmjs.org/@babel/helper-string-parser/-/helper-string-parser-7.19.4.tgz 0ms (cache hit)
1077 http cache @babel/helper-split-export-declaration@https://registry.npmjs.org/@babel/helper-split-export-declaration/-/helper-split-export-declaration-7.18.6.tgz 0ms (cache hit)
1078 http cache @babel/helper-skip-transparent-expression-wrappers@https://registry.npmjs.org/@babel/helper-skip-transparent-expression-wrappers/-/helper-skip-transparent-expression-wrappers-7.20.0.tgz 0ms (cache hit)
1079 http cache @babel/helper-simple-access@https://registry.npmjs.org/@babel/helper-simple-access/-/helper-simple-access-7.16.7.tgz 0ms (cache hit)
1080 http cache @babel/helper-replace-supers@https://registry.npmjs.org/@babel/helper-replace-supers/-/helper-replace-supers-7.20.7.tgz 0ms (cache hit)
1081 http cache @babel/helper-remap-async-to-generator@https://registry.npmjs.org/@babel/helper-remap-async-to-generator/-/helper-remap-async-to-generator-7.16.8.tgz 0ms (cache hit)
1082 http cache @babel/helper-plugin-utils@https://registry.npmjs.org/@babel/helper-plugin-utils/-/helper-plugin-utils-7.20.2.tgz 0ms (cache hit)
1083 http cache @babel/helper-optimise-call-expression@https://registry.npmjs.org/@babel/helper-optimise-call-expression/-/helper-optimise-call-expression-7.18.6.tgz 0ms (cache hit)
1084 http cache @babel/helper-module-transforms@https://registry.npmjs.org/@babel/helper-module-transforms/-/helper-module-transforms-7.16.7.tgz 0ms (cache hit)
1085 http cache @babel/helper-module-imports@https://registry.npmjs.org/@babel/helper-module-imports/-/helper-module-imports-7.18.6.tgz 0ms (cache hit)
1086 http cache @babel/helper-member-expression-to-functions@https://registry.npmjs.org/@babel/helper-member-expression-to-functions/-/helper-member-expression-to-functions-7.21.0.tgz 0ms (cache hit)
1087 http cache @babel/helper-hoist-variables@https://registry.npmjs.org/@babel/helper-hoist-variables/-/helper-hoist-variables-7.18.6.tgz 0ms (cache hit)
1088 http cache @babel/helper-function-name@https://registry.npmjs.org/@babel/helper-function-name/-/helper-function-name-7.21.0.tgz 0ms (cache hit)
1089 http cache @babel/helper-explode-assignable-expression@https://registry.npmjs.org/@babel/helper-explode-assignable-expression/-/helper-explode-assignable-expression-7.16.7.tgz 0ms (cache hit)
1090 http cache @babel/helper-environment-visitor@https://registry.npmjs.org/@babel/helper-environment-visitor/-/helper-environment-visitor-7.18.9.tgz 0ms (cache hit)
1091 http cache @babel/helper-define-polyfill-provider@https://registry.npmjs.org/@babel/helper-define-polyfill-provider/-/helper-define-polyfill-provider-0.3.3.tgz 0ms (cache hit)
1092 http cache @babel/helper-create-regexp-features-plugin@https://registry.npmjs.org/@babel/helper-create-regexp-features-plugin/-/helper-create-regexp-features-plugin-7.16.7.tgz 0ms (cache hit)
1093 http cache @babel/helper-create-class-features-plugin@https://registry.npmjs.org/@babel/helper-create-class-features-plugin/-/helper-create-class-features-plugin-7.21.0.tgz 0ms (cache hit)
1094 http cache @babel/helper-compilation-targets@https://registry.npmjs.org/@babel/helper-compilation-targets/-/helper-compilation-targets-7.20.7.tgz 0ms (cache hit)
1095 http cache @babel/helper-builder-binary-assignment-operator-visitor@https://registry.npmjs.org/@babel/helper-builder-binary-assignment-operator-visitor/-/helper-builder-binary-assignment-operator-visitor-7.16.7.tgz 0ms (cache hit)
1096 http cache @babel/helper-annotate-as-pure@https://registry.npmjs.org/@babel/helper-annotate-as-pure/-/helper-annotate-as-pure-7.18.6.tgz 0ms (cache hit)
1097 http cache @babel/generator@https://registry.npmjs.org/@babel/generator/-/generator-7.21.3.tgz 0ms (cache hit)
1098 http cache @babel/eslint-parser@https://registry.npmjs.org/@babel/eslint-parser/-/eslint-parser-7.21.3.tgz 0ms (cache hit)
1099 http cache @babel/core@https://registry.npmjs.org/@babel/core/-/core-7.16.12.tgz 0ms (cache hit)
1100 http cache @babel/compat-data@https://registry.npmjs.org/@babel/compat-data/-/compat-data-7.21.0.tgz 0ms (cache hit)
1101 http cache @babel/code-frame@https://registry.npmjs.org/@babel/code-frame/-/code-frame-7.18.6.tgz 0ms (cache hit)
1102 http cache jest-config@https://registry.npmjs.org/jest-config/-/jest-config-27.4.7.tgz 0ms (cache hit)
1103 http cache color-name@https://registry.npmjs.org/color-name/-/color-name-1.1.4.tgz 0ms (cache hit)
1104 http cache color-convert@https://registry.npmjs.org/color-convert/-/color-convert-2.0.1.tgz 0ms (cache hit)
1105 http cache ansi-styles@https://registry.npmjs.org/ansi-styles/-/ansi-styles-4.3.0.tgz 0ms (cache hit)
1106 http cache webpack-sources@https://registry.npmjs.org/webpack-sources/-/webpack-sources-1.4.3.tgz 0ms (cache hit)
1107 http cache webidl-conversions@https://registry.npmjs.org/webidl-conversions/-/webidl-conversions-4.0.2.tgz 0ms (cache hit)
1108 http cache source-map@https://registry.npmjs.org/source-map/-/source-map-0.6.1.tgz 0ms (cache hit)
1109 http cache whatwg-url@https://registry.npmjs.org/whatwg-url/-/whatwg-url-7.1.0.tgz 1ms (cache hit)
1110 http cache tr46@https://registry.npmjs.org/tr46/-/tr46-1.0.1.tgz 0ms (cache hit)
1111 http cache source-map@https://registry.npmjs.org/source-map/-/source-map-0.8.0-beta.0.tgz 0ms (cache hit)
1112 http cache json-schema-traverse@https://registry.npmjs.org/json-schema-traverse/-/json-schema-traverse-1.0.0.tgz 0ms (cache hit)
1113 http cache ajv@https://registry.npmjs.org/ajv/-/ajv-8.9.0.tgz 0ms (cache hit)
1114 http cache @apideck/better-ajv-errors@https://registry.npmjs.org/@apideck/better-ajv-errors/-/better-ajv-errors-0.3.2.tgz 0ms (cache hit)
1115 http cache fs-extra@https://registry.npmjs.org/fs-extra/-/fs-extra-9.1.0.tgz 0ms (cache hit)
1116 http cache webpack-sources@https://registry.npmjs.org/webpack-sources/-/webpack-sources-2.3.1.tgz 0ms (cache hit)
1117 http cache source-map@https://registry.npmjs.org/source-map/-/source-map-0.6.1.tgz 0ms (cache hit)
1118 http cache ws@https://registry.npmjs.org/ws/-/ws-8.4.2.tgz 0ms (cache hit)
1119 http cache strip-ansi@https://registry.npmjs.org/strip-ansi/-/strip-ansi-7.0.1.tgz 0ms (cache hit)
1120 http cache schema-utils@https://registry.npmjs.org/schema-utils/-/schema-utils-4.0.0.tgz 0ms (cache hit)
1121 http cache json-schema-traverse@https://registry.npmjs.org/json-schema-traverse/-/json-schema-traverse-1.0.0.tgz 0ms (cache hit)
1122 http cache ipaddr.js@https://registry.npmjs.org/ipaddr.js/-/ipaddr.js-2.0.1.tgz 0ms (cache hit)
1123 http cache ajv-keywords@https://registry.npmjs.org/ajv-keywords/-/ajv-keywords-5.1.0.tgz 0ms (cache hit)
1124 http cache ajv@https://registry.npmjs.org/ajv/-/ajv-8.9.0.tgz 0ms (cache hit)
1125 http cache ansi-regex@https://registry.npmjs.org/ansi-regex/-/ansi-regex-6.0.1.tgz 0ms (cache hit)
1126 http cache schema-utils@https://registry.npmjs.org/schema-utils/-/schema-utils-4.0.0.tgz 0ms (cache hit)
1127 http cache json-schema-traverse@https://registry.npmjs.org/json-schema-traverse/-/json-schema-traverse-1.0.0.tgz 0ms (cache hit)
1128 http cache ajv-keywords@https://registry.npmjs.org/ajv-keywords/-/ajv-keywords-5.1.0.tgz 0ms (cache hit)
1129 http cache ajv@https://registry.npmjs.org/ajv/-/ajv-8.9.0.tgz 0ms (cache hit)
1130 http cache estraverse@https://registry.npmjs.org/estraverse/-/estraverse-4.3.0.tgz 0ms (cache hit)
1131 http cache eslint-scope@https://registry.npmjs.org/eslint-scope/-/eslint-scope-5.1.1.tgz 0ms (cache hit)
1132 http cache source-map@https://registry.npmjs.org/source-map/-/source-map-0.7.3.tgz 0ms (cache hit)
1133 http cache tslib@https://registry.npmjs.org/tslib/-/tslib-1.14.1.tgz 0ms (cache hit)
1134 http cache strip-bom@https://registry.npmjs.org/strip-bom/-/strip-bom-3.0.0.tgz 0ms (cache hit)
1135 http cache json5@https://registry.npmjs.org/json5/-/json5-1.0.2.tgz 0ms (cache hit)
1136 http cache universalify@https://registry.npmjs.org/universalify/-/universalify-0.1.2.tgz 0ms (cache hit)
1137 http cache type-fest@https://registry.npmjs.org/type-fest/-/type-fest-0.16.0.tgz 0ms (cache hit)
1138 http cache supports-color@https://registry.npmjs.org/supports-color/-/supports-color-7.2.0.tgz 0ms (cache hit)
1139 http cache has-flag@https://registry.npmjs.org/has-flag/-/has-flag-4.0.0.tgz 0ms (cache hit)
1140 http cache color-name@https://registry.npmjs.org/color-name/-/color-name-1.1.4.tgz 0ms (cache hit)
1141 http cache color-convert@https://registry.npmjs.org/color-convert/-/color-convert-2.0.1.tgz 0ms (cache hit)
1142 http cache chalk@https://registry.npmjs.org/chalk/-/chalk-4.1.2.tgz 0ms (cache hit)
1143 http cache ansi-styles@https://registry.npmjs.org/ansi-styles/-/ansi-styles-4.3.0.tgz 0ms (cache hit)
1144 http cache nth-check@https://registry.npmjs.org/nth-check/-/nth-check-1.0.2.tgz 0ms (cache hit)
1145 http cache domutils@https://registry.npmjs.org/domutils/-/domutils-1.7.0.tgz 0ms (cache hit)
1146 http cache domelementtype@https://registry.npmjs.org/domelementtype/-/domelementtype-1.3.1.tgz 0ms (cache hit)
1147 http cache css-what@https://registry.npmjs.org/css-what/-/css-what-3.4.2.tgz 0ms (cache hit)
1148 http cache css-select@https://registry.npmjs.org/css-select/-/css-select-2.1.0.tgz 0ms (cache hit)
1149 http cache dom-serializer@https://registry.npmjs.org/dom-serializer/-/dom-serializer-0.2.2.tgz 0ms (cache hit)
1150 http cache supports-color@https://registry.npmjs.org/supports-color/-/supports-color-7.2.0.tgz 0ms (cache hit)
1151 http cache has-flag@https://registry.npmjs.org/has-flag/-/has-flag-4.0.0.tgz 0ms (cache hit)
1152 http cache emoji-regex@https://registry.npmjs.org/emoji-regex/-/emoji-regex-8.0.0.tgz 0ms (cache hit)
1153 http cache safe-buffer@https://registry.npmjs.org/safe-buffer/-/safe-buffer-5.2.1.tgz 0ms (cache hit)
1154 http cache escape-string-regexp@https://registry.npmjs.org/escape-string-regexp/-/escape-string-regexp-2.0.0.tgz 0ms (cache hit)
1155 http cache source-map@https://registry.npmjs.org/source-map/-/source-map-0.6.1.tgz 0ms (cache hit)
1156 http cache iconv-lite@https://registry.npmjs.org/iconv-lite/-/iconv-lite-0.6.3.tgz 0ms (cache hit)
1157 http cache setprototypeof@https://registry.npmjs.org/setprototypeof/-/setprototypeof-1.1.0.tgz 0ms (cache hit)
1158 http cache ms@https://registry.npmjs.org/ms/-/ms-2.0.0.tgz 0ms (cache hit)
1159 http cache inherits@https://registry.npmjs.org/inherits/-/inherits-2.0.3.tgz 0ms (cache hit)
1160 http cache http-errors@https://registry.npmjs.org/http-errors/-/http-errors-1.6.3.tgz 0ms (cache hit)
1161 http cache debug@https://registry.npmjs.org/debug/-/debug-2.6.9.tgz 0ms (cache hit)
1162 http cache statuses@https://registry.npmjs.org/statuses/-/statuses-2.0.1.tgz 0ms (cache hit)
1163 http cache ms@https://registry.npmjs.org/ms/-/ms-2.1.3.tgz 0ms (cache hit)
1164 http cache encodeurl@https://registry.npmjs.org/encodeurl/-/encodeurl-1.0.2.tgz 0ms (cache hit)
1165 http cache debug@https://registry.npmjs.org/debug/-/debug-2.6.9.tgz 0ms (cache hit)
1166 http cache ms@https://registry.npmjs.org/ms/-/ms-2.0.0.tgz 0ms (cache hit)
1167 http cache supports-color@https://registry.npmjs.org/supports-color/-/supports-color-7.2.0.tgz 0ms (cache hit)
1168 http cache serialize-javascript@https://registry.npmjs.org/serialize-javascript/-/serialize-javascript-4.0.0.tgz 0ms (cache hit)
1169 http cache depd@https://registry.npmjs.org/depd/-/depd-2.0.0.tgz 0ms (cache hit)
1170 http cache jest-worker@https://registry.npmjs.org/jest-worker/-/jest-worker-26.6.2.tgz 0ms (cache hit)
1171 http cache has-flag@https://registry.npmjs.org/has-flag/-/has-flag-4.0.0.tgz 0ms (cache hit)
1172 http cache source-map@https://registry.npmjs.org/source-map/-/source-map-0.6.1.tgz 0ms (cache hit)
1173 http cache postcss@https://registry.npmjs.org/postcss/-/postcss-7.0.39.tgz 0ms (cache hit)
1174 http cache picocolors@https://registry.npmjs.org/picocolors/-/picocolors-0.2.1.tgz 0ms (cache hit)
1175 http cache jsesc@https://registry.npmjs.org/jsesc/-/jsesc-0.5.0.tgz 0ms (cache hit)
1176 http cache path-to-regexp@https://registry.npmjs.org/path-to-regexp/-/path-to-regexp-1.8.0.tgz 0ms (cache hit)
1177 http cache isarray@https://registry.npmjs.org/isarray/-/isarray-0.0.1.tgz 0ms (cache hit)
1178 http cache loader-utils@https://registry.npmjs.org/loader-utils/-/loader-utils-3.2.1.tgz 0ms (cache hit)
1179 http cache has-flag@https://registry.npmjs.org/has-flag/-/has-flag-4.0.0.tgz 0ms (cache hit)
1180 http cache supports-color@https://registry.npmjs.org/supports-color/-/supports-color-7.2.0.tgz 0ms (cache hit)
1181 http cache color-name@https://registry.npmjs.org/color-name/-/color-name-1.1.4.tgz 0ms (cache hit)
1182 http cache escape-string-regexp@https://registry.npmjs.org/escape-string-regexp/-/escape-string-regexp-4.0.0.tgz 0ms (cache hit)
1183 http cache color-convert@https://registry.npmjs.org/color-convert/-/color-convert-2.0.1.tgz 0ms (cache hit)
1184 http cache chalk@https://registry.npmjs.org/chalk/-/chalk-4.1.2.tgz 0ms (cache hit)
1185 http cache ansi-styles@https://registry.npmjs.org/ansi-styles/-/ansi-styles-4.3.0.tgz 0ms (cache hit)
1186 http cache bytes@https://registry.npmjs.org/bytes/-/bytes-3.1.2.tgz 0ms (cache hit)
1187 http cache react-is@https://registry.npmjs.org/react-is/-/react-is-17.0.2.tgz 0ms (cache hit)
1188 http cache ansi-styles@https://registry.npmjs.org/ansi-styles/-/ansi-styles-5.2.0.tgz 0ms (cache hit)
1189 http cache svgo@https://registry.npmjs.org/svgo/-/svgo-2.8.0.tgz 0ms (cache hit)
1190 http cache source-map@https://registry.npmjs.org/source-map/-/source-map-0.6.1.tgz 0ms (cache hit)
1191 http cache mdn-data@https://registry.npmjs.org/mdn-data/-/mdn-data-2.0.14.tgz 0ms (cache hit)
1192 http cache css-tree@https://registry.npmjs.org/css-tree/-/css-tree-1.1.3.tgz 0ms (cache hit)
1193 http cache commander@https://registry.npmjs.org/commander/-/commander-7.2.0.tgz 0ms (cache hit)
1194 http cache debug@https://registry.npmjs.org/debug/-/debug-3.2.7.tgz 0ms (cache hit)
1195 http cache path-exists@https://registry.npmjs.org/path-exists/-/path-exists-3.0.0.tgz 0ms (cache hit)
1196 http cache p-locate@https://registry.npmjs.org/p-locate/-/p-locate-3.0.0.tgz 0ms (cache hit)
1197 http cache p-limit@https://registry.npmjs.org/p-limit/-/p-limit-2.3.0.tgz 0ms (cache hit)
1198 http cache locate-path@https://registry.npmjs.org/locate-path/-/locate-path-3.0.0.tgz 0ms (cache hit)
1199 http cache find-up@https://registry.npmjs.org/find-up/-/find-up-3.0.0.tgz 0ms (cache hit)
1200 http cache p-locate@https://registry.npmjs.org/p-locate/-/p-locate-4.1.0.tgz 0ms (cache hit)
1201 http cache locate-path@https://registry.npmjs.org/locate-path/-/locate-path-5.0.0.tgz 0ms (cache hit)
1202 http cache find-up@https://registry.npmjs.org/find-up/-/find-up-4.1.0.tgz 0ms (cache hit)
1203 http cache p-limit@https://registry.npmjs.org/p-limit/-/p-limit-2.3.0.tgz 0ms (cache hit)
1204 http cache schema-utils@https://registry.npmjs.org/schema-utils/-/schema-utils-4.0.0.tgz 0ms (cache hit)
1205 http cache ajv-keywords@https://registry.npmjs.org/ajv-keywords/-/ajv-keywords-5.1.0.tgz 0ms (cache hit)
1206 http cache ajv@https://registry.npmjs.org/ajv/-/ajv-8.9.0.tgz 0ms (cache hit)
1207 http cache json-schema-traverse@https://registry.npmjs.org/json-schema-traverse/-/json-schema-traverse-1.0.0.tgz 1ms (cache hit)
1208 http cache semver@https://registry.npmjs.org/semver/-/semver-6.3.0.tgz 0ms (cache hit)
1209 http cache supports-color@https://registry.npmjs.org/supports-color/-/supports-color-8.1.1.tgz 0ms (cache hit)
1210 http cache has-flag@https://registry.npmjs.org/has-flag/-/has-flag-4.0.0.tgz 0ms (cache hit)
1211 http cache supports-color@https://registry.npmjs.org/supports-color/-/supports-color-7.2.0.tgz 0ms (cache hit)
1212 http cache has-flag@https://registry.npmjs.org/has-flag/-/has-flag-4.0.0.tgz 0ms (cache hit)
1213 http cache color-convert@https://registry.npmjs.org/color-convert/-/color-convert-2.0.1.tgz 0ms (cache hit)
1214 http cache chalk@https://registry.npmjs.org/chalk/-/chalk-4.1.2.tgz 0ms (cache hit)
1215 http cache ansi-styles@https://registry.npmjs.org/ansi-styles/-/ansi-styles-4.3.0.tgz 0ms (cache hit)
1216 http cache color-name@https://registry.npmjs.org/color-name/-/color-name-1.1.4.tgz 0ms (cache hit)
1217 http cache supports-color@https://registry.npmjs.org/supports-color/-/supports-color-7.2.0.tgz 0ms (cache hit)
1218 http cache strip-ansi@https://registry.npmjs.org/strip-ansi/-/strip-ansi-7.0.1.tgz 0ms (cache hit)
1219 http cache slash@https://registry.npmjs.org/slash/-/slash-4.0.0.tgz 0ms (cache hit)
1220 http cache has-flag@https://registry.npmjs.org/has-flag/-/has-flag-4.0.0.tgz 0ms (cache hit)
1221 http cache color-name@https://registry.npmjs.org/color-name/-/color-name-1.1.4.tgz 0ms (cache hit)
1222 http cache string-length@https://registry.npmjs.org/string-length/-/string-length-5.0.1.tgz 0ms (cache hit)
1223 http cache color-convert@https://registry.npmjs.org/color-convert/-/color-convert-2.0.1.tgz 0ms (cache hit)
1224 http cache char-regex@https://registry.npmjs.org/char-regex/-/char-regex-2.0.0.tgz 0ms (cache hit)
1225 http cache chalk@https://registry.npmjs.org/chalk/-/chalk-4.1.2.tgz 0ms (cache hit)
1226 http cache ansi-styles@https://registry.npmjs.org/ansi-styles/-/ansi-styles-4.3.0.tgz 0ms (cache hit)
1227 http cache ansi-regex@https://registry.npmjs.org/ansi-regex/-/ansi-regex-6.0.1.tgz 0ms (cache hit)
1228 http cache supports-color@https://registry.npmjs.org/supports-color/-/supports-color-7.2.0.tgz 0ms (cache hit)
1229 http cache has-flag@https://registry.npmjs.org/has-flag/-/has-flag-4.0.0.tgz 0ms (cache hit)
1230 http cache color-name@https://registry.npmjs.org/color-name/-/color-name-1.1.4.tgz 0ms (cache hit)
1231 http cache color-convert@https://registry.npmjs.org/color-convert/-/color-convert-2.0.1.tgz 0ms (cache hit)
1232 http cache chalk@https://registry.npmjs.org/chalk/-/chalk-4.1.2.tgz 0ms (cache hit)
1233 http cache ansi-styles@https://registry.npmjs.org/ansi-styles/-/ansi-styles-4.3.0.tgz 0ms (cache hit)
1234 http cache supports-color@https://registry.npmjs.org/supports-color/-/supports-color-7.2.0.tgz 0ms (cache hit)
1235 http cache has-flag@https://registry.npmjs.org/has-flag/-/has-flag-4.0.0.tgz 0ms (cache hit)
1236 http cache color-name@https://registry.npmjs.org/color-name/-/color-name-1.1.4.tgz 0ms (cache hit)
1237 http cache color-convert@https://registry.npmjs.org/color-convert/-/color-convert-2.0.1.tgz 0ms (cache hit)
1238 http cache chalk@https://registry.npmjs.org/chalk/-/chalk-4.1.2.tgz 0ms (cache hit)
1239 http cache ansi-styles@https://registry.npmjs.org/ansi-styles/-/ansi-styles-4.3.0.tgz 0ms (cache hit)
1240 http cache supports-color@https://registry.npmjs.org/supports-color/-/supports-color-7.2.0.tgz 0ms (cache hit)
1241 http cache has-flag@https://registry.npmjs.org/has-flag/-/has-flag-4.0.0.tgz 0ms (cache hit)
1242 http cache color-name@https://registry.npmjs.org/color-name/-/color-name-1.1.4.tgz 0ms (cache hit)
1243 http cache color-convert@https://registry.npmjs.org/color-convert/-/color-convert-2.0.1.tgz 0ms (cache hit)
1244 http cache chalk@https://registry.npmjs.org/chalk/-/chalk-4.1.2.tgz 0ms (cache hit)
1245 http cache ansi-styles@https://registry.npmjs.org/ansi-styles/-/ansi-styles-4.3.0.tgz 0ms (cache hit)
1246 http cache has-flag@https://registry.npmjs.org/has-flag/-/has-flag-4.0.0.tgz 0ms (cache hit)
1247 http cache supports-color@https://registry.npmjs.org/supports-color/-/supports-color-7.2.0.tgz 0ms (cache hit)
1248 http cache color-name@https://registry.npmjs.org/color-name/-/color-name-1.1.4.tgz 0ms (cache hit)
1249 http cache color-convert@https://registry.npmjs.org/color-convert/-/color-convert-2.0.1.tgz 0ms (cache hit)
1250 http cache chalk@https://registry.npmjs.org/chalk/-/chalk-4.1.2.tgz 0ms (cache hit)
1251 http cache ansi-styles@https://registry.npmjs.org/ansi-styles/-/ansi-styles-4.3.0.tgz 0ms (cache hit)
1252 http cache supports-color@https://registry.npmjs.org/supports-color/-/supports-color-7.2.0.tgz 0ms (cache hit)
1253 http cache has-flag@https://registry.npmjs.org/has-flag/-/has-flag-4.0.0.tgz 0ms (cache hit)
1254 http cache color-name@https://registry.npmjs.org/color-name/-/color-name-1.1.4.tgz 0ms (cache hit)
1255 http cache color-convert@https://registry.npmjs.org/color-convert/-/color-convert-2.0.1.tgz 0ms (cache hit)
1256 http cache chalk@https://registry.npmjs.org/chalk/-/chalk-4.1.2.tgz 0ms (cache hit)
1257 http cache ansi-styles@https://registry.npmjs.org/ansi-styles/-/ansi-styles-4.3.0.tgz 0ms (cache hit)
1258 http cache supports-color@https://registry.npmjs.org/supports-color/-/supports-color-7.2.0.tgz 0ms (cache hit)
1259 http cache has-flag@https://registry.npmjs.org/has-flag/-/has-flag-4.0.0.tgz 0ms (cache hit)
1260 http cache color-name@https://registry.npmjs.org/color-name/-/color-name-1.1.4.tgz 0ms (cache hit)
1261 http cache color-convert@https://registry.npmjs.org/color-convert/-/color-convert-2.0.1.tgz 0ms (cache hit)
1262 http cache chalk@https://registry.npmjs.org/chalk/-/chalk-4.1.2.tgz 0ms (cache hit)
1263 http cache ansi-styles@https://registry.npmjs.org/ansi-styles/-/ansi-styles-4.3.0.tgz 0ms (cache hit)
1264 http cache supports-color@https://registry.npmjs.org/supports-color/-/supports-color-7.2.0.tgz 0ms (cache hit)
1265 http cache has-flag@https://registry.npmjs.org/has-flag/-/has-flag-4.0.0.tgz 0ms (cache hit)
1266 http cache color-name@https://registry.npmjs.org/color-name/-/color-name-1.1.4.tgz 0ms (cache hit)
1267 http cache color-convert@https://registry.npmjs.org/color-convert/-/color-convert-2.0.1.tgz 0ms (cache hit)
1268 http cache chalk@https://registry.npmjs.org/chalk/-/chalk-4.1.2.tgz 0ms (cache hit)
1269 http cache ansi-styles@https://registry.npmjs.org/ansi-styles/-/ansi-styles-4.3.0.tgz 0ms (cache hit)
1270 http cache supports-color@https://registry.npmjs.org/supports-color/-/supports-color-7.2.0.tgz 0ms (cache hit)
1271 http cache has-flag@https://registry.npmjs.org/has-flag/-/has-flag-4.0.0.tgz 0ms (cache hit)
1272 http cache color-name@https://registry.npmjs.org/color-name/-/color-name-1.1.4.tgz 0ms (cache hit)
1273 http cache color-convert@https://registry.npmjs.org/color-convert/-/color-convert-2.0.1.tgz 0ms (cache hit)
1274 http cache chalk@https://registry.npmjs.org/chalk/-/chalk-4.1.2.tgz 0ms (cache hit)
1275 http cache ansi-styles@https://registry.npmjs.org/ansi-styles/-/ansi-styles-4.3.0.tgz 0ms (cache hit)
1276 http cache supports-color@https://registry.npmjs.org/supports-color/-/supports-color-7.2.0.tgz 0ms (cache hit)
1277 http cache has-flag@https://registry.npmjs.org/has-flag/-/has-flag-4.0.0.tgz 0ms (cache hit)
1278 http cache color-name@https://registry.npmjs.org/color-name/-/color-name-1.1.4.tgz 0ms (cache hit)
1279 http cache color-convert@https://registry.npmjs.org/color-convert/-/color-convert-2.0.1.tgz 0ms (cache hit)
1280 http cache chalk@https://registry.npmjs.org/chalk/-/chalk-4.1.2.tgz 0ms (cache hit)
1281 http cache ansi-styles@https://registry.npmjs.org/ansi-styles/-/ansi-styles-4.3.0.tgz 0ms (cache hit)
1282 http cache supports-color@https://registry.npmjs.org/supports-color/-/supports-color-7.2.0.tgz 0ms (cache hit)
1283 http cache has-flag@https://registry.npmjs.org/has-flag/-/has-flag-4.0.0.tgz 0ms (cache hit)
1284 http cache color-name@https://registry.npmjs.org/color-name/-/color-name-1.1.4.tgz 0ms (cache hit)
1285 http cache color-convert@https://registry.npmjs.org/color-convert/-/color-convert-2.0.1.tgz 0ms (cache hit)
1286 http cache chalk@https://registry.npmjs.org/chalk/-/chalk-4.1.2.tgz 0ms (cache hit)
1287 http cache ansi-styles@https://registry.npmjs.org/ansi-styles/-/ansi-styles-4.3.0.tgz 0ms (cache hit)
1288 http cache has-flag@https://registry.npmjs.org/has-flag/-/has-flag-4.0.0.tgz 0ms (cache hit)
1289 http cache supports-color@https://registry.npmjs.org/supports-color/-/supports-color-7.2.0.tgz 0ms (cache hit)
1290 http cache color-name@https://registry.npmjs.org/color-name/-/color-name-1.1.4.tgz 0ms (cache hit)
1291 http cache color-convert@https://registry.npmjs.org/color-convert/-/color-convert-2.0.1.tgz 0ms (cache hit)
1292 http cache chalk@https://registry.npmjs.org/chalk/-/chalk-4.1.2.tgz 0ms (cache hit)
1293 http cache ansi-styles@https://registry.npmjs.org/ansi-styles/-/ansi-styles-4.3.0.tgz 0ms (cache hit)
1294 http cache supports-color@https://registry.npmjs.org/supports-color/-/supports-color-7.2.0.tgz 0ms (cache hit)
1295 http cache has-flag@https://registry.npmjs.org/has-flag/-/has-flag-4.0.0.tgz 0ms (cache hit)
1296 http cache color-name@https://registry.npmjs.org/color-name/-/color-name-1.1.4.tgz 0ms (cache hit)
1297 http cache color-convert@https://registry.npmjs.org/color-convert/-/color-convert-2.0.1.tgz 0ms (cache hit)
1298 http cache chalk@https://registry.npmjs.org/chalk/-/chalk-4.1.2.tgz 0ms (cache hit)
1299 http cache ansi-styles@https://registry.npmjs.org/ansi-styles/-/ansi-styles-4.3.0.tgz 0ms (cache hit)
1300 http cache supports-color@https://registry.npmjs.org/supports-color/-/supports-color-7.2.0.tgz 0ms (cache hit)
1301 http cache has-flag@https://registry.npmjs.org/has-flag/-/has-flag-4.0.0.tgz 0ms (cache hit)
1302 http cache color-name@https://registry.npmjs.org/color-name/-/color-name-1.1.4.tgz 0ms (cache hit)
1303 http cache color-convert@https://registry.npmjs.org/color-convert/-/color-convert-2.0.1.tgz 0ms (cache hit)
1304 http cache chalk@https://registry.npmjs.org/chalk/-/chalk-4.1.2.tgz 0ms (cache hit)
1305 http cache ansi-styles@https://registry.npmjs.org/ansi-styles/-/ansi-styles-4.3.0.tgz 0ms (cache hit)
1306 http cache supports-color@https://registry.npmjs.org/supports-color/-/supports-color-7.2.0.tgz 0ms (cache hit)
1307 http cache has-flag@https://registry.npmjs.org/has-flag/-/has-flag-4.0.0.tgz 0ms (cache hit)
1308 http cache color-name@https://registry.npmjs.org/color-name/-/color-name-1.1.4.tgz 0ms (cache hit)
1309 http cache color-convert@https://registry.npmjs.org/color-convert/-/color-convert-2.0.1.tgz 0ms (cache hit)
1310 http cache chalk@https://registry.npmjs.org/chalk/-/chalk-4.1.2.tgz 0ms (cache hit)
1311 http cache ansi-styles@https://registry.npmjs.org/ansi-styles/-/ansi-styles-4.3.0.tgz 0ms (cache hit)
1312 http cache supports-color@https://registry.npmjs.org/supports-color/-/supports-color-7.2.0.tgz 0ms (cache hit)
1313 http cache has-flag@https://registry.npmjs.org/has-flag/-/has-flag-4.0.0.tgz 0ms (cache hit)
1314 http cache color-name@https://registry.npmjs.org/color-name/-/color-name-1.1.4.tgz 0ms (cache hit)
1315 http cache color-convert@https://registry.npmjs.org/color-convert/-/color-convert-2.0.1.tgz 0ms (cache hit)
1316 http cache chalk@https://registry.npmjs.org/chalk/-/chalk-4.1.2.tgz 0ms (cache hit)
1317 http cache async@https://registry.npmjs.org/async/-/async-3.2.4.tgz 0ms (cache hit)
1318 http cache ansi-styles@https://registry.npmjs.org/ansi-styles/-/ansi-styles-4.3.0.tgz 0ms (cache hit)
1319 http cache source-map@https://registry.npmjs.org/source-map/-/source-map-0.6.1.tgz 0ms (cache hit)
1320 http cache supports-color@https://registry.npmjs.org/supports-color/-/supports-color-7.2.0.tgz 0ms (cache hit)
1321 http cache has-flag@https://registry.npmjs.org/has-flag/-/has-flag-4.0.0.tgz 0ms (cache hit)
1322 http cache semver@https://registry.npmjs.org/semver/-/semver-6.3.0.tgz 0ms (cache hit)
1323 http cache resolve-from@https://registry.npmjs.org/resolve-from/-/resolve-from-4.0.0.tgz 0ms (cache hit)
1324 http cache statuses@https://registry.npmjs.org/statuses/-/statuses-2.0.1.tgz 0ms (cache hit)
1325 http cache depd@https://registry.npmjs.org/depd/-/depd-2.0.0.tgz 0ms (cache hit)
1326 http cache commander@https://registry.npmjs.org/commander/-/commander-8.3.0.tgz 0ms (cache hit)
1327 http cache string_decoder@https://registry.npmjs.org/string_decoder/-/string_decoder-1.1.1.tgz 0ms (cache hit)
1328 http cache readable-stream@https://registry.npmjs.org/readable-stream/-/readable-stream-2.3.7.tgz 0ms (cache hit)
1329 http cache tapable@https://registry.npmjs.org/tapable/-/tapable-1.1.3.tgz 0ms (cache hit)
1330 http cache supports-color@https://registry.npmjs.org/supports-color/-/supports-color-7.2.0.tgz 0ms (cache hit)
1331 http cache schema-utils@https://registry.npmjs.org/schema-utils/-/schema-utils-2.7.0.tgz 0ms (cache hit)
1332 http cache has-flag@https://registry.npmjs.org/has-flag/-/has-flag-4.0.0.tgz 0ms (cache hit)
1333 http cache fs-extra@https://registry.npmjs.org/fs-extra/-/fs-extra-9.1.0.tgz 0ms (cache hit)
1334 http cache cosmiconfig@https://registry.npmjs.org/cosmiconfig/-/cosmiconfig-6.0.0.tgz 0ms (cache hit)
1335 http cache color-name@https://registry.npmjs.org/color-name/-/color-name-1.1.4.tgz 0ms (cache hit)
1336 http cache color-convert@https://registry.npmjs.org/color-convert/-/color-convert-2.0.1.tgz 0ms (cache hit)
1337 http cache chalk@https://registry.npmjs.org/chalk/-/chalk-4.1.2.tgz 0ms (cache hit)
1338 http cache ansi-styles@https://registry.npmjs.org/ansi-styles/-/ansi-styles-4.3.0.tgz 0ms (cache hit)
1339 http cache statuses@https://registry.npmjs.org/statuses/-/statuses-2.0.1.tgz 0ms (cache hit)
1340 http cache ms@https://registry.npmjs.org/ms/-/ms-2.0.0.tgz 0ms (cache hit)
1341 http cache debug@https://registry.npmjs.org/debug/-/debug-2.6.9.tgz 0ms (cache hit)
1342 http cache minimatch@https://registry.npmjs.org/minimatch/-/minimatch-5.1.6.tgz 0ms (cache hit)
1343 http cache brace-expansion@https://registry.npmjs.org/brace-expansion/-/brace-expansion-2.0.1.tgz 0ms (cache hit)
1344 http cache glob-parent@https://registry.npmjs.org/glob-parent/-/glob-parent-5.1.2.tgz 0ms (cache hit)
1345 http cache statuses@https://registry.npmjs.org/statuses/-/statuses-2.0.1.tgz 0ms (cache hit)
1346 http cache safe-buffer@https://registry.npmjs.org/safe-buffer/-/safe-buffer-5.2.1.tgz 0ms (cache hit)
1347 http cache ms@https://registry.npmjs.org/ms/-/ms-2.0.0.tgz 0ms (cache hit)
1348 http cache depd@https://registry.npmjs.org/depd/-/depd-2.0.0.tgz 0ms (cache hit)
1349 http cache debug@https://registry.npmjs.org/debug/-/debug-2.6.9.tgz 0ms (cache hit)
1350 http cache array-flatten@https://registry.npmjs.org/array-flatten/-/array-flatten-1.1.1.tgz 0ms (cache hit)
1351 http cache eslint-visitor-keys@https://registry.npmjs.org/eslint-visitor-keys/-/eslint-visitor-keys-2.1.0.tgz 0ms (cache hit)
1352 http cache semver@https://registry.npmjs.org/semver/-/semver-6.3.0.tgz 0ms (cache hit)
1353 http cache resolve@https://registry.npmjs.org/resolve/-/resolve-2.0.0-next.4.tgz 0ms (cache hit)
1354 http cache doctrine@https://registry.npmjs.org/doctrine/-/doctrine-2.1.0.tgz 0ms (cache hit)
1355 http cache semver@https://registry.npmjs.org/semver/-/semver-6.3.0.tgz 0ms (cache hit)
1356 http cache semver@https://registry.npmjs.org/semver/-/semver-6.3.0.tgz 0ms (cache hit)
1357 http cache resolve@https://registry.npmjs.org/resolve/-/resolve-1.22.1.tgz 0ms (cache hit)
1358 http cache doctrine@https://registry.npmjs.org/doctrine/-/doctrine-2.1.0.tgz 0ms (cache hit)
1359 http cache debug@https://registry.npmjs.org/debug/-/debug-3.2.7.tgz 0ms (cache hit)
1360 http cache debug@https://registry.npmjs.org/debug/-/debug-3.2.7.tgz 0ms (cache hit)
1361 http cache resolve@https://registry.npmjs.org/resolve/-/resolve-1.22.1.tgz 0ms (cache hit)
1362 http cache debug@https://registry.npmjs.org/debug/-/debug-3.2.7.tgz 0ms (cache hit)
1363 http cache type-fest@https://registry.npmjs.org/type-fest/-/type-fest-0.20.2.tgz 0ms (cache hit)
1364 http cache supports-color@https://registry.npmjs.org/supports-color/-/supports-color-7.2.0.tgz 0ms (cache hit)
1365 http cache js-yaml@https://registry.npmjs.org/js-yaml/-/js-yaml-4.1.0.tgz 0ms (cache hit)
1366 http cache has-flag@https://registry.npmjs.org/has-flag/-/has-flag-4.0.0.tgz 0ms (cache hit)
1367 http cache globals@https://registry.npmjs.org/globals/-/globals-13.12.0.tgz 0ms (cache hit)
1368 http cache escape-string-regexp@https://registry.npmjs.org/escape-string-regexp/-/escape-string-regexp-4.0.0.tgz 0ms (cache hit)
1369 http cache color-name@https://registry.npmjs.org/color-name/-/color-name-1.1.4.tgz 0ms (cache hit)
1370 http cache color-convert@https://registry.npmjs.org/color-convert/-/color-convert-2.0.1.tgz 0ms (cache hit)
1371 http cache chalk@https://registry.npmjs.org/chalk/-/chalk-4.1.2.tgz 0ms (cache hit)
1372 http cache argparse@https://registry.npmjs.org/argparse/-/argparse-2.0.1.tgz 0ms (cache hit)
1373 http cache ansi-styles@https://registry.npmjs.org/ansi-styles/-/ansi-styles-4.3.0.tgz 0ms (cache hit)
1374 http cache type-check@https://registry.npmjs.org/type-check/-/type-check-0.3.2.tgz 0ms (cache hit)
1375 http cache source-map@https://registry.npmjs.org/source-map/-/source-map-0.6.1.tgz 0ms (cache hit)
1376 http cache prelude-ls@https://registry.npmjs.org/prelude-ls/-/prelude-ls-1.1.2.tgz 0ms (cache hit)
1377 http cache optionator@https://registry.npmjs.org/optionator/-/optionator-0.8.3.tgz 0ms (cache hit)
1378 http cache levn@https://registry.npmjs.org/levn/-/levn-0.3.0.tgz 0ms (cache hit)
1379 http cache isarray@https://registry.npmjs.org/isarray/-/isarray-2.0.5.tgz 0ms (cache hit)
1380 http cache commander@https://registry.npmjs.org/commander/-/commander-4.1.1.tgz 0ms (cache hit)
1381 http cache webidl-conversions@https://registry.npmjs.org/webidl-conversions/-/webidl-conversions-5.0.0.tgz 0ms (cache hit)
1382 http cache ms@https://registry.npmjs.org/ms/-/ms-2.0.0.tgz 0ms (cache hit)
1383 http cache debug@https://registry.npmjs.org/debug/-/debug-2.6.9.tgz 0ms (cache hit)
1384 http cache cssom@https://registry.npmjs.org/cssom/-/cssom-0.3.8.tgz 0ms (cache hit)
1385 http cache source-map@https://registry.npmjs.org/source-map/-/source-map-0.6.1.tgz 0ms (cache hit)
1386 http cache mdn-data@https://registry.npmjs.org/mdn-data/-/mdn-data-2.0.14.tgz 0ms (cache hit)
1387 http cache css-tree@https://registry.npmjs.org/css-tree/-/css-tree-1.1.3.tgz 0ms (cache hit)
1388 http cache source-map@https://registry.npmjs.org/source-map/-/source-map-0.6.1.tgz 0ms (cache hit)
1389 http cache source-map@https://registry.npmjs.org/source-map/-/source-map-0.6.1.tgz 0ms (cache hit)
1390 http cache schema-utils@https://registry.npmjs.org/schema-utils/-/schema-utils-4.0.0.tgz 0ms (cache hit)
1391 http cache json-schema-traverse@https://registry.npmjs.org/json-schema-traverse/-/json-schema-traverse-1.0.0.tgz 0ms (cache hit)
1392 http cache ajv-keywords@https://registry.npmjs.org/ajv-keywords/-/ajv-keywords-5.1.0.tgz 0ms (cache hit)
1393 http cache ajv@https://registry.npmjs.org/ajv/-/ajv-8.9.0.tgz 0ms (cache hit)
1394 http cache which@https://registry.npmjs.org/which/-/which-2.0.2.tgz 0ms (cache hit)
1395 http cache safe-buffer@https://registry.npmjs.org/safe-buffer/-/safe-buffer-5.2.1.tgz 0ms (cache hit)
1396 http cache ms@https://registry.npmjs.org/ms/-/ms-2.0.0.tgz 0ms (cache hit)
1397 http cache debug@https://registry.npmjs.org/debug/-/debug-2.6.9.tgz 0ms (cache hit)
1398 http cache source-map@https://registry.npmjs.org/source-map/-/source-map-0.6.1.tgz 0ms (cache hit)
1399 http cache glob-parent@https://registry.npmjs.org/glob-parent/-/glob-parent-5.1.2.tgz 0ms (cache hit)
1400 http cache ms@https://registry.npmjs.org/ms/-/ms-2.0.0.tgz 1ms (cache hit)
1401 http cache depd@https://registry.npmjs.org/depd/-/depd-2.0.0.tgz 0ms (cache hit)
1402 http cache debug@https://registry.npmjs.org/debug/-/debug-2.6.9.tgz 0ms (cache hit)
1403 http cache bytes@https://registry.npmjs.org/bytes/-/bytes-3.1.2.tgz 0ms (cache hit)
1404 http cache semver@https://registry.npmjs.org/semver/-/semver-6.3.0.tgz 0ms (cache hit)
1405 http cache schema-utils@https://registry.npmjs.org/schema-utils/-/schema-utils-2.7.1.tgz 0ms (cache hit)
1406 http cache loader-utils@https://registry.npmjs.org/loader-utils/-/loader-utils-1.4.2.tgz 0ms (cache hit)
1407 http cache json5@https://registry.npmjs.org/json5/-/json5-1.0.2.tgz 0ms (cache hit)
1408 http cache supports-color@https://registry.npmjs.org/supports-color/-/supports-color-7.2.0.tgz 0ms (cache hit)
1409 http cache has-flag@https://registry.npmjs.org/has-flag/-/has-flag-4.0.0.tgz 0ms (cache hit)
1410 http cache color-name@https://registry.npmjs.org/color-name/-/color-name-1.1.4.tgz 0ms (cache hit)
1411 http cache color-convert@https://registry.npmjs.org/color-convert/-/color-convert-2.0.1.tgz 0ms (cache hit)
1412 http cache chalk@https://registry.npmjs.org/chalk/-/chalk-4.1.2.tgz 0ms (cache hit)
1413 http cache ansi-styles@https://registry.npmjs.org/ansi-styles/-/ansi-styles-4.3.0.tgz 0ms (cache hit)
1414 http cache isarray@https://registry.npmjs.org/isarray/-/isarray-2.0.5.tgz 0ms (cache hit)
1415 http cache deep-equal@https://registry.npmjs.org/deep-equal/-/deep-equal-2.2.0.tgz 0ms (cache hit)
1416 http cache isarray@https://registry.npmjs.org/isarray/-/isarray-2.0.5.tgz 0ms (cache hit)
1417 http cache deep-equal@https://registry.npmjs.org/deep-equal/-/deep-equal-2.2.0.tgz 0ms (cache hit)
1418 http cache json-schema-traverse@https://registry.npmjs.org/json-schema-traverse/-/json-schema-traverse-1.0.0.tgz 0ms (cache hit)
1419 http cache ajv@https://registry.npmjs.org/ajv/-/ajv-8.9.0.tgz 0ms (cache hit)
1420 http cache acorn@https://registry.npmjs.org/acorn/-/acorn-7.4.1.tgz 0ms (cache hit)
1421 http cache acorn@https://registry.npmjs.org/acorn/-/acorn-7.4.1.tgz 0ms (cache hit)
1422 http cache semver@https://registry.npmjs.org/semver/-/semver-7.3.8.tgz 0ms (cache hit)
1423 http cache estraverse@https://registry.npmjs.org/estraverse/-/estraverse-4.3.0.tgz 0ms (cache hit)
1424 http cache eslint-scope@https://registry.npmjs.org/eslint-scope/-/eslint-scope-5.1.1.tgz 0ms (cache hit)
1425 http cache semver@https://registry.npmjs.org/semver/-/semver-7.3.8.tgz 0ms (cache hit)
1426 http cache debug@https://registry.npmjs.org/debug/-/debug-4.3.4.tgz 0ms (cache hit)
1427 http cache debug@https://registry.npmjs.org/debug/-/debug-4.3.4.tgz 0ms (cache hit)
1428 http cache debug@https://registry.npmjs.org/debug/-/debug-4.3.4.tgz 0ms (cache hit)
1429 http cache semver@https://registry.npmjs.org/semver/-/semver-7.3.8.tgz 0ms (cache hit)
1430 http cache debug@https://registry.npmjs.org/debug/-/debug-4.3.4.tgz 0ms (cache hit)
1431 http cache @types/estree@https://registry.npmjs.org/@types/estree/-/estree-0.0.39.tgz 0ms (cache hit)
1432 http cache source-map@https://registry.npmjs.org/source-map/-/source-map-0.7.3.tgz 0ms (cache hit)
1433 http cache estraverse@https://registry.npmjs.org/estraverse/-/estraverse-4.3.0.tgz 0ms (cache hit)
1434 http cache eslint-scope@https://registry.npmjs.org/eslint-scope/-/eslint-scope-5.1.1.tgz 0ms (cache hit)
1435 http cache react-is@https://registry.npmjs.org/react-is/-/react-is-17.0.2.tgz 0ms (cache hit)
1436 http cache react-is@https://registry.npmjs.org/react-is/-/react-is-17.0.2.tgz 0ms (cache hit)
1437 http cache react-is@https://registry.npmjs.org/react-is/-/react-is-17.0.2.tgz 0ms (cache hit)
1438 http cache supports-color@https://registry.npmjs.org/supports-color/-/supports-color-7.2.0.tgz 0ms (cache hit)
1439 http cache has-flag@https://registry.npmjs.org/has-flag/-/has-flag-4.0.0.tgz 0ms (cache hit)
1440 http cache color-name@https://registry.npmjs.org/color-name/-/color-name-1.1.4.tgz 0ms (cache hit)
1441 http cache color-convert@https://registry.npmjs.org/color-convert/-/color-convert-2.0.1.tgz 0ms (cache hit)
1442 http cache chalk@https://registry.npmjs.org/chalk/-/chalk-4.1.2.tgz 0ms (cache hit)
1443 http cache ansi-styles@https://registry.npmjs.org/ansi-styles/-/ansi-styles-4.3.0.tgz 0ms (cache hit)
1444 http cache supports-color@https://registry.npmjs.org/supports-color/-/supports-color-7.2.0.tgz 0ms (cache hit)
1445 http cache source-map@https://registry.npmjs.org/source-map/-/source-map-0.6.1.tgz 1ms (cache hit)
1446 http cache has-flag@https://registry.npmjs.org/has-flag/-/has-flag-4.0.0.tgz 0ms (cache hit)
1447 http cache color-name@https://registry.npmjs.org/color-name/-/color-name-1.1.4.tgz 0ms (cache hit)
1448 http cache color-convert@https://registry.npmjs.org/color-convert/-/color-convert-2.0.1.tgz 0ms (cache hit)
1449 http cache chalk@https://registry.npmjs.org/chalk/-/chalk-4.1.2.tgz 0ms (cache hit)
1450 http cache ansi-styles@https://registry.npmjs.org/ansi-styles/-/ansi-styles-4.3.0.tgz 0ms (cache hit)
1451 http cache source-map@https://registry.npmjs.org/source-map/-/source-map-0.6.1.tgz 0ms (cache hit)
1452 http cache supports-color@https://registry.npmjs.org/supports-color/-/supports-color-7.2.0.tgz 0ms (cache hit)
1453 http cache source-map@https://registry.npmjs.org/source-map/-/source-map-0.6.1.tgz 0ms (cache hit)
1454 http cache has-flag@https://registry.npmjs.org/has-flag/-/has-flag-4.0.0.tgz 0ms (cache hit)
1455 http cache color-name@https://registry.npmjs.org/color-name/-/color-name-1.1.4.tgz 0ms (cache hit)
1456 http cache color-convert@https://registry.npmjs.org/color-convert/-/color-convert-2.0.1.tgz 0ms (cache hit)
1457 http cache chalk@https://registry.npmjs.org/chalk/-/chalk-4.1.2.tgz 0ms (cache hit)
1458 http cache ansi-styles@https://registry.npmjs.org/ansi-styles/-/ansi-styles-4.3.0.tgz 0ms (cache hit)
1459 http cache supports-color@https://registry.npmjs.org/supports-color/-/supports-color-7.2.0.tgz 0ms (cache hit)
1460 http cache has-flag@https://registry.npmjs.org/has-flag/-/has-flag-4.0.0.tgz 0ms (cache hit)
1461 http cache color-name@https://registry.npmjs.org/color-name/-/color-name-1.1.4.tgz 0ms (cache hit)
1462 http cache color-convert@https://registry.npmjs.org/color-convert/-/color-convert-2.0.1.tgz 0ms (cache hit)
1463 http cache chalk@https://registry.npmjs.org/chalk/-/chalk-4.1.2.tgz 0ms (cache hit)
1464 http cache ansi-styles@https://registry.npmjs.org/ansi-styles/-/ansi-styles-4.3.0.tgz 0ms (cache hit)
1465 http cache supports-color@https://registry.npmjs.org/supports-color/-/supports-color-7.2.0.tgz 0ms (cache hit)
1466 http cache has-flag@https://registry.npmjs.org/has-flag/-/has-flag-4.0.0.tgz 0ms (cache hit)
1467 http cache color-name@https://registry.npmjs.org/color-name/-/color-name-1.1.4.tgz 0ms (cache hit)
1468 http cache color-convert@https://registry.npmjs.org/color-convert/-/color-convert-2.0.1.tgz 0ms (cache hit)
1469 http cache chalk@https://registry.npmjs.org/chalk/-/chalk-4.1.2.tgz 0ms (cache hit)
1470 http cache ansi-styles@https://registry.npmjs.org/ansi-styles/-/ansi-styles-4.3.0.tgz 0ms (cache hit)
1471 http cache p-locate@https://registry.npmjs.org/p-locate/-/p-locate-4.1.0.tgz 0ms (cache hit)
1472 http cache p-limit@https://registry.npmjs.org/p-limit/-/p-limit-2.3.0.tgz 0ms (cache hit)
1473 http cache find-up@https://registry.npmjs.org/find-up/-/find-up-4.1.0.tgz 0ms (cache hit)
1474 http cache locate-path@https://registry.npmjs.org/locate-path/-/locate-path-5.0.0.tgz 0ms (cache hit)
1475 http cache camelcase@https://registry.npmjs.org/camelcase/-/camelcase-5.3.1.tgz 0ms (cache hit)
1476 http cache type-fest@https://registry.npmjs.org/type-fest/-/type-fest-0.20.2.tgz 0ms (cache hit)
1477 http cache js-yaml@https://registry.npmjs.org/js-yaml/-/js-yaml-4.1.0.tgz 0ms (cache hit)
1478 http cache ignore@https://registry.npmjs.org/ignore/-/ignore-4.0.6.tgz 0ms (cache hit)
1479 http cache globals@https://registry.npmjs.org/globals/-/globals-13.12.0.tgz 0ms (cache hit)
1480 http cache argparse@https://registry.npmjs.org/argparse/-/argparse-2.0.1.tgz 0ms (cache hit)
1481 http cache escape-string-regexp@https://registry.npmjs.org/escape-string-regexp/-/escape-string-regexp-4.0.0.tgz 0ms (cache hit)
1482 http cache cosmiconfig@https://registry.npmjs.org/cosmiconfig/-/cosmiconfig-6.0.0.tgz 0ms (cache hit)
1483 http cache babel-plugin-macros@https://registry.npmjs.org/babel-plugin-macros/-/babel-plugin-macros-2.8.0.tgz 1ms (cache hit)
1484 http cache semver@https://registry.npmjs.org/semver/-/semver-6.3.0.tgz 0ms (cache hit)
1485 http cache semver@https://registry.npmjs.org/semver/-/semver-6.3.0.tgz 0ms (cache hit)
1486 http cache babel-plugin-polyfill-regenerator@https://registry.npmjs.org/babel-plugin-polyfill-regenerator/-/babel-plugin-polyfill-regenerator-0.4.1.tgz 0ms (cache hit)
1487 http cache babel-plugin-polyfill-corejs3@https://registry.npmjs.org/babel-plugin-polyfill-corejs3/-/babel-plugin-polyfill-corejs3-0.6.0.tgz 0ms (cache hit)
1488 http cache semver@https://registry.npmjs.org/semver/-/semver-6.3.0.tgz 0ms (cache hit)
1489 http cache yallist@https://registry.npmjs.org/yallist/-/yallist-3.1.1.tgz 0ms (cache hit)
1490 http cache semver@https://registry.npmjs.org/semver/-/semver-6.3.0.tgz 0ms (cache hit)
1491 http cache lru-cache@https://registry.npmjs.org/lru-cache/-/lru-cache-5.1.1.tgz 0ms (cache hit)
1492 http cache semver@https://registry.npmjs.org/semver/-/semver-6.3.0.tgz 0ms (cache hit)
1493 http cache eslint-visitor-keys@https://registry.npmjs.org/eslint-visitor-keys/-/eslint-visitor-keys-2.1.0.tgz 0ms (cache hit)
1494 http cache semver@https://registry.npmjs.org/semver/-/semver-6.3.0.tgz 0ms (cache hit)
1495 http cache @babel/template@https://registry.npmjs.org/@babel/template/-/template-7.20.7.tgz 0ms (cache hit)
1496 silly tarball no local data for yocto-queue@https://registry.npmjs.org/yocto-queue/-/yocto-queue-0.1.0.tgz. Extracting by manifest.
1497 silly tarball no local data for yargs-parser@https://registry.npmjs.org/yargs-parser/-/yargs-parser-20.2.9.tgz. Extracting by manifest.
1498 silly tarball no local data for yargs@https://registry.npmjs.org/yargs/-/yargs-16.2.0.tgz. Extracting by manifest.
1499 silly tarball no local data for yaml@https://registry.npmjs.org/yaml/-/yaml-1.10.2.tgz. Extracting by manifest.
1500 silly tarball no local data for yallist@https://registry.npmjs.org/yallist/-/yallist-4.0.0.tgz. Extracting by manifest.
1501 silly tarball no local data for xtend@https://registry.npmjs.org/xtend/-/xtend-4.0.2.tgz. Extracting by manifest.
1502 silly tarball no local data for xmlchars@https://registry.npmjs.org/xmlchars/-/xmlchars-2.2.0.tgz. Extracting by manifest.
1503 silly tarball no local data for xml-name-validator@https://registry.npmjs.org/xml-name-validator/-/xml-name-validator-3.0.0.tgz. Extracting by manifest.
1504 silly tarball no local data for ws@https://registry.npmjs.org/ws/-/ws-7.5.6.tgz. Extracting by manifest.
1505 silly tarball no local data for write-file-atomic@https://registry.npmjs.org/write-file-atomic/-/write-file-atomic-3.0.3.tgz. Extracting by manifest.
1506 silly tarball no local data for wrappy@https://registry.npmjs.org/wrappy/-/wrappy-1.0.2.tgz. Extracting by manifest.
1507 silly tarball no local data for workbox-window@https://registry.npmjs.org/workbox-window/-/workbox-window-6.4.2.tgz. Extracting by manifest.
1508 silly tarball no local data for workbox-sw@https://registry.npmjs.org/workbox-sw/-/workbox-sw-6.4.2.tgz. Extracting by manifest.
1509 silly tarball no local data for workbox-streams@https://registry.npmjs.org/workbox-streams/-/workbox-streams-6.4.2.tgz. Extracting by manifest.
1510 silly tarball no local data for workbox-strategies@https://registry.npmjs.org/workbox-strategies/-/workbox-strategies-6.4.2.tgz. Extracting by manifest.
1511 silly tarball no local data for workbox-routing@https://registry.npmjs.org/workbox-routing/-/workbox-routing-6.4.2.tgz. Extracting by manifest.
1512 silly tarball no local data for workbox-recipes@https://registry.npmjs.org/workbox-recipes/-/workbox-recipes-6.4.2.tgz. Extracting by manifest.
1513 silly tarball no local data for workbox-webpack-plugin@https://registry.npmjs.org/workbox-webpack-plugin/-/workbox-webpack-plugin-6.4.2.tgz. Extracting by manifest.
1514 silly tarball no local data for workbox-range-requests@https://registry.npmjs.org/workbox-range-requests/-/workbox-range-requests-6.4.2.tgz. Extracting by manifest.
1515 silly tarball no local data for workbox-precaching@https://registry.npmjs.org/workbox-precaching/-/workbox-precaching-6.4.2.tgz. Extracting by manifest.
1516 silly tarball no local data for workbox-navigation-preload@https://registry.npmjs.org/workbox-navigation-preload/-/workbox-navigation-preload-6.4.2.tgz. Extracting by manifest.
1517 silly tarball no local data for workbox-expiration@https://registry.npmjs.org/workbox-expiration/-/workbox-expiration-6.4.2.tgz. Extracting by manifest.
1518 silly tarball no local data for workbox-google-analytics@https://registry.npmjs.org/workbox-google-analytics/-/workbox-google-analytics-6.4.2.tgz. Extracting by manifest.
1519 silly tarball no local data for workbox-core@https://registry.npmjs.org/workbox-core/-/workbox-core-6.4.2.tgz. Extracting by manifest.
1520 silly tarball no local data for workbox-cacheable-response@https://registry.npmjs.org/workbox-cacheable-response/-/workbox-cacheable-response-6.4.2.tgz. Extracting by manifest.
1521 silly tarball no local data for workbox-build@https://registry.npmjs.org/workbox-build/-/workbox-build-6.4.2.tgz. Extracting by manifest.
1522 silly tarball no local data for workbox-broadcast-update@https://registry.npmjs.org/workbox-broadcast-update/-/workbox-broadcast-update-6.4.2.tgz. Extracting by manifest.
1523 silly tarball no local data for word-wrap@https://registry.npmjs.org/word-wrap/-/word-wrap-1.2.3.tgz. Extracting by manifest.
1524 silly tarball no local data for which-typed-array@https://registry.npmjs.org/which-typed-array/-/which-typed-array-1.1.9.tgz. Extracting by manifest.
1525 silly tarball no local data for workbox-background-sync@https://registry.npmjs.org/workbox-background-sync/-/workbox-background-sync-6.4.2.tgz. Extracting by manifest.
1526 silly tarball no local data for which-collection@https://registry.npmjs.org/which-collection/-/which-collection-1.0.1.tgz. Extracting by manifest.
1527 silly tarball no local data for which-boxed-primitive@https://registry.npmjs.org/which-boxed-primitive/-/which-boxed-primitive-1.0.2.tgz. Extracting by manifest.
1528 silly tarball no local data for which@https://registry.npmjs.org/which/-/which-1.3.1.tgz. Extracting by manifest.
1529 silly tarball no local data for whatwg-url@https://registry.npmjs.org/whatwg-url/-/whatwg-url-8.7.0.tgz. Extracting by manifest.
1530 silly tarball no local data for whatwg-mimetype@https://registry.npmjs.org/whatwg-mimetype/-/whatwg-mimetype-2.3.0.tgz. Extracting by manifest.
1531 silly tarball no local data for whatwg-fetch@https://registry.npmjs.org/whatwg-fetch/-/whatwg-fetch-3.6.2.tgz. Extracting by manifest.
1532 silly tarball no local data for whatwg-encoding@https://registry.npmjs.org/whatwg-encoding/-/whatwg-encoding-1.0.5.tgz. Extracting by manifest.
1533 silly tarball no local data for websocket-extensions@https://registry.npmjs.org/websocket-extensions/-/websocket-extensions-0.1.4.tgz. Extracting by manifest.
1534 silly tarball no local data for websocket-driver@https://registry.npmjs.org/websocket-driver/-/websocket-driver-0.7.4.tgz. Extracting by manifest.
1535 silly tarball no local data for webpack-sources@https://registry.npmjs.org/webpack-sources/-/webpack-sources-3.2.3.tgz. Extracting by manifest.
1536 silly tarball no local data for webpack-manifest-plugin@https://registry.npmjs.org/webpack-manifest-plugin/-/webpack-manifest-plugin-4.1.1.tgz. Extracting by manifest.
1537 silly tarball no local data for webpack-dev-server@https://registry.npmjs.org/webpack-dev-server/-/webpack-dev-server-4.7.3.tgz. Extracting by manifest.
1538 silly tarball no local data for webpack-dev-middleware@https://registry.npmjs.org/webpack-dev-middleware/-/webpack-dev-middleware-5.3.4.tgz. Extracting by manifest.
1539 silly tarball no local data for webpack@https://registry.npmjs.org/webpack/-/webpack-5.94.0.tgz. Extracting by manifest.
1540 silly tarball no local data for webidl-conversions@https://registry.npmjs.org/webidl-conversions/-/webidl-conversions-6.1.0.tgz. Extracting by manifest.
1541 silly tarball no local data for wbuf@https://registry.npmjs.org/wbuf/-/wbuf-1.7.3.tgz. Extracting by manifest.
1542 silly tarball no local data for watchpack@https://registry.npmjs.org/watchpack/-/watchpack-2.4.2.tgz. Extracting by manifest.
1543 silly tarball no local data for walker@https://registry.npmjs.org/walker/-/walker-1.0.8.tgz. Extracting by manifest.
1544 silly tarball no local data for w3c-xmlserializer@https://registry.npmjs.org/w3c-xmlserializer/-/w3c-xmlserializer-2.0.0.tgz. Extracting by manifest.
1545 silly tarball no local data for w3c-hr-time@https://registry.npmjs.org/w3c-hr-time/-/w3c-hr-time-1.0.2.tgz. Extracting by manifest.
1546 silly tarball no local data for value-equal@https://registry.npmjs.org/value-equal/-/value-equal-1.0.1.tgz. Extracting by manifest.
1547 silly tarball no local data for v8-to-istanbul@https://registry.npmjs.org/v8-to-istanbul/-/v8-to-istanbul-8.1.1.tgz. Extracting by manifest.
1548 silly tarball no local data for v8-compile-cache@https://registry.npmjs.org/v8-compile-cache/-/v8-compile-cache-2.3.0.tgz. Extracting by manifest.
1549 silly tarball no local data for uuid@https://registry.npmjs.org/uuid/-/uuid-8.3.2.tgz. Extracting by manifest.
1550 silly tarball no local data for utila@https://registry.npmjs.org/utila/-/utila-0.4.0.tgz. Extracting by manifest.
1551 silly tarball no local data for util.promisify@https://registry.npmjs.org/util.promisify/-/util.promisify-1.0.1.tgz. Extracting by manifest.
1552 silly tarball no local data for util-deprecate@https://registry.npmjs.org/util-deprecate/-/util-deprecate-1.0.2.tgz. Extracting by manifest.
1553 silly tarball no local data for uri-js@https://registry.npmjs.org/uri-js/-/uri-js-4.4.1.tgz. Extracting by manifest.
1554 silly tarball no local data for update-browserslist-db@https://registry.npmjs.org/update-browserslist-db/-/update-browserslist-db-1.1.0.tgz. Extracting by manifest.
1555 silly tarball no local data for upath@https://registry.npmjs.org/upath/-/upath-1.2.0.tgz. Extracting by manifest.
1556 silly tarball no local data for unquote@https://registry.npmjs.org/unquote/-/unquote-1.1.1.tgz. Extracting by manifest.
1557 silly tarball no local data for universalify@https://registry.npmjs.org/universalify/-/universalify-2.0.0.tgz. Extracting by manifest.
1558 silly tarball no local data for unique-string@https://registry.npmjs.org/unique-string/-/unique-string-2.0.0.tgz. Extracting by manifest.
1559 silly tarball no local data for unicode-property-aliases-ecmascript@https://registry.npmjs.org/unicode-property-aliases-ecmascript/-/unicode-property-aliases-ecmascript-2.0.0.tgz. Extracting by manifest.
1560 silly tarball no local data for unicode-match-property-value-ecmascript@https://registry.npmjs.org/unicode-match-property-value-ecmascript/-/unicode-match-property-value-ecmascript-2.0.0.tgz. Extracting by manifest.
1561 silly tarball no local data for unicode-match-property-ecmascript@https://registry.npmjs.org/unicode-match-property-ecmascript/-/unicode-match-property-ecmascript-2.0.0.tgz. Extracting by manifest.
1562 silly tarball no local data for unicode-canonical-property-names-ecmascript@https://registry.npmjs.org/unicode-canonical-property-names-ecmascript/-/unicode-canonical-property-names-ecmascript-2.0.0.tgz. Extracting by manifest.
1563 silly tarball no local data for unbox-primitive@https://registry.npmjs.org/unbox-primitive/-/unbox-primitive-1.0.2.tgz. Extracting by manifest.
1564 silly tarball no local data for typescript@https://registry.npmjs.org/typescript/-/typescript-4.9.5.tgz. Extracting by manifest.
1565 silly tarball no local data for typedarray-to-buffer@https://registry.npmjs.org/typedarray-to-buffer/-/typedarray-to-buffer-3.1.5.tgz. Extracting by manifest.
1566 silly tarball no local data for typed-array-length@https://registry.npmjs.org/typed-array-length/-/typed-array-length-1.0.4.tgz. Extracting by manifest.
1567 silly tarball no local data for type-fest@https://registry.npmjs.org/type-fest/-/type-fest-0.21.3.tgz. Extracting by manifest.
1568 silly tarball no local data for type-detect@https://registry.npmjs.org/type-detect/-/type-detect-4.0.8.tgz. Extracting by manifest.
1569 silly tarball no local data for type-check@https://registry.npmjs.org/type-check/-/type-check-0.4.0.tgz. Extracting by manifest.
1570 silly tarball no local data for tsutils@https://registry.npmjs.org/tsutils/-/tsutils-3.21.0.tgz. Extracting by manifest.
1571 silly tarball no local data for tslib@https://registry.npmjs.org/tslib/-/tslib-2.3.1.tgz. Extracting by manifest.
1572 silly tarball no local data for tsconfig-paths@https://registry.npmjs.org/tsconfig-paths/-/tsconfig-paths-3.14.2.tgz. Extracting by manifest.
1573 silly tarball no local data for tr46@https://registry.npmjs.org/tr46/-/tr46-2.1.0.tgz. Extracting by manifest.
1574 silly tarball no local data for tough-cookie@https://registry.npmjs.org/tough-cookie/-/tough-cookie-4.0.0.tgz. Extracting by manifest.
1575 silly tarball no local data for tryer@https://registry.npmjs.org/tryer/-/tryer-1.0.1.tgz. Extracting by manifest.
1576 silly tarball no local data for to-regex-range@https://registry.npmjs.org/to-regex-range/-/to-regex-range-5.0.1.tgz. Extracting by manifest.
1577 silly tarball no local data for to-fast-properties@https://registry.npmjs.org/to-fast-properties/-/to-fast-properties-2.0.0.tgz. Extracting by manifest.
1578 silly tarball no local data for tmpl@https://registry.npmjs.org/tmpl/-/tmpl-1.0.5.tgz. Extracting by manifest.
1579 silly tarball no local data for tiny-invariant@https://registry.npmjs.org/tiny-invariant/-/tiny-invariant-1.2.0.tgz. Extracting by manifest.
1580 silly tarball no local data for tiny-warning@https://registry.npmjs.org/tiny-warning/-/tiny-warning-1.0.3.tgz. Extracting by manifest.
1581 silly tarball no local data for timsort@https://registry.npmjs.org/timsort/-/timsort-0.3.0.tgz. Extracting by manifest.
1582 silly tarball no local data for thunky@https://registry.npmjs.org/thunky/-/thunky-1.1.0.tgz. Extracting by manifest.
1583 silly tarball no local data for throat@https://registry.npmjs.org/throat/-/throat-6.0.1.tgz. Extracting by manifest.
1584 silly tarball no local data for text-table@https://registry.npmjs.org/text-table/-/text-table-0.2.0.tgz. Extracting by manifest.
1585 silly tarball no local data for test-exclude@https://registry.npmjs.org/test-exclude/-/test-exclude-6.0.0.tgz. Extracting by manifest.
1586 silly tarball no local data for terser-webpack-plugin@https://registry.npmjs.org/terser-webpack-plugin/-/terser-webpack-plugin-5.3.10.tgz. Extracting by manifest.
1587 silly tarball no local data for terser@https://registry.npmjs.org/terser/-/terser-5.31.6.tgz. Extracting by manifest.
1588 silly tarball no local data for terminal-link@https://registry.npmjs.org/terminal-link/-/terminal-link-2.1.1.tgz. Extracting by manifest.
1589 silly tarball no local data for tempy@https://registry.npmjs.org/tempy/-/tempy-0.6.0.tgz. Extracting by manifest.
1590 silly tarball no local data for temp-dir@https://registry.npmjs.org/temp-dir/-/temp-dir-2.0.0.tgz. Extracting by manifest.
1591 silly tarball no local data for tapable@https://registry.npmjs.org/tapable/-/tapable-2.2.1.tgz. Extracting by manifest.
1592 silly tarball no local data for tailwindcss@https://registry.npmjs.org/tailwindcss/-/tailwindcss-3.0.16.tgz. Extracting by manifest.
1593 silly tarball no local data for symbol-tree@https://registry.npmjs.org/symbol-tree/-/symbol-tree-3.2.4.tgz. Extracting by manifest.
1594 silly tarball no local data for svgo@https://registry.npmjs.org/svgo/-/svgo-1.3.2.tgz. Extracting by manifest.
1595 silly tarball no local data for svg-parser@https://registry.npmjs.org/svg-parser/-/svg-parser-2.0.4.tgz. Extracting by manifest.
1596 silly tarball no local data for supports-preserve-symlinks-flag@https://registry.npmjs.org/supports-preserve-symlinks-flag/-/supports-preserve-symlinks-flag-1.0.0.tgz. Extracting by manifest.
1597 silly tarball no local data for supports-hyperlinks@https://registry.npmjs.org/supports-hyperlinks/-/supports-hyperlinks-2.2.0.tgz. Extracting by manifest.
1598 silly tarball no local data for supports-color@https://registry.npmjs.org/supports-color/-/supports-color-5.5.0.tgz. Extracting by manifest.
1599 silly tarball no local data for stylis@https://registry.npmjs.org/stylis/-/stylis-4.0.13.tgz. Extracting by manifest.
1600 silly tarball no local data for stylehacks@https://registry.npmjs.org/stylehacks/-/stylehacks-5.0.2.tgz. Extracting by manifest.
1601 silly tarball no local data for style-loader@https://registry.npmjs.org/style-loader/-/style-loader-3.3.1.tgz. Extracting by manifest.
1602 silly tarball no local data for strip-json-comments@https://registry.npmjs.org/strip-json-comments/-/strip-json-comments-3.1.1.tgz. Extracting by manifest.
1603 silly tarball no local data for strip-final-newline@https://registry.npmjs.org/strip-final-newline/-/strip-final-newline-2.0.0.tgz. Extracting by manifest.
1604 silly tarball no local data for strip-comments@https://registry.npmjs.org/strip-comments/-/strip-comments-2.0.1.tgz. Extracting by manifest.
1605 silly tarball no local data for strip-bom@https://registry.npmjs.org/strip-bom/-/strip-bom-4.0.0.tgz. Extracting by manifest.
1606 silly tarball no local data for stringify-object@https://registry.npmjs.org/stringify-object/-/stringify-object-3.3.0.tgz. Extracting by manifest.
1607 silly tarball no local data for string.prototype.trimstart@https://registry.npmjs.org/string.prototype.trimstart/-/string.prototype.trimstart-1.0.6.tgz. Extracting by manifest.
1608 silly tarball no local data for string.prototype.trimend@https://registry.npmjs.org/string.prototype.trimend/-/string.prototype.trimend-1.0.6.tgz. Extracting by manifest.
1609 silly tarball no local data for string.prototype.trim@https://registry.npmjs.org/string.prototype.trim/-/string.prototype.trim-1.2.7.tgz. Extracting by manifest.
1610 silly tarball no local data for string.prototype.matchall@https://registry.npmjs.org/string.prototype.matchall/-/string.prototype.matchall-4.0.8.tgz. Extracting by manifest.
1611 silly tarball no local data for string-natural-compare@https://registry.npmjs.org/string-natural-compare/-/string-natural-compare-3.0.1.tgz. Extracting by manifest.
1612 silly tarball no local data for string-length@https://registry.npmjs.org/string-length/-/string-length-4.0.2.tgz. Extracting by manifest.
1613 silly tarball no local data for string_decoder@https://registry.npmjs.org/string_decoder/-/string_decoder-1.3.0.tgz. Extracting by manifest.
1614 silly tarball no local data for stop-iteration-iterator@https://registry.npmjs.org/stop-iteration-iterator/-/stop-iteration-iterator-1.0.0.tgz. Extracting by manifest.
1615 silly tarball no local data for statuses@https://registry.npmjs.org/statuses/-/statuses-1.5.0.tgz. Extracting by manifest.
1616 silly tarball no local data for stackframe@https://registry.npmjs.org/stackframe/-/stackframe-1.2.0.tgz. Extracting by manifest.
1617 silly tarball no local data for stack-utils@https://registry.npmjs.org/stack-utils/-/stack-utils-2.0.5.tgz. Extracting by manifest.
1618 silly tarball no local data for stable@https://registry.npmjs.org/stable/-/stable-0.1.8.tgz. Extracting by manifest.
1619 silly tarball no local data for sprintf-js@https://registry.npmjs.org/sprintf-js/-/sprintf-js-1.0.3.tgz. Extracting by manifest.
1620 silly tarball no local data for spdy-transport@https://registry.npmjs.org/spdy-transport/-/spdy-transport-3.0.0.tgz. Extracting by manifest.
1621 silly tarball no local data for spdy@https://registry.npmjs.org/spdy/-/spdy-4.0.2.tgz. Extracting by manifest.
1622 silly tarball no local data for sourcemap-codec@https://registry.npmjs.org/sourcemap-codec/-/sourcemap-codec-1.4.8.tgz. Extracting by manifest.
1623 silly tarball no local data for source-map-url@https://registry.npmjs.org/source-map-url/-/source-map-url-0.4.1.tgz. Extracting by manifest.
1624 silly tarball no local data for source-map-support@https://registry.npmjs.org/source-map-support/-/source-map-support-0.5.21.tgz. Extracting by manifest.
1625 silly tarball no local data for source-map-loader@https://registry.npmjs.org/source-map-loader/-/source-map-loader-3.0.1.tgz. Extracting by manifest.
1626 silly tarball no local data for source-map-js@https://registry.npmjs.org/source-map-js/-/source-map-js-1.0.2.tgz. Extracting by manifest.
1627 silly tarball no local data for source-map@https://registry.npmjs.org/source-map/-/source-map-0.5.7.tgz. Extracting by manifest.
1628 silly tarball no local data for source-list-map@https://registry.npmjs.org/source-list-map/-/source-list-map-2.0.1.tgz. Extracting by manifest.
1629 silly tarball no local data for sockjs@https://registry.npmjs.org/sockjs/-/sockjs-0.3.24.tgz. Extracting by manifest.
1630 silly tarball no local data for slash@https://registry.npmjs.org/slash/-/slash-3.0.0.tgz. Extracting by manifest.
1631 silly tarball no local data for sisteransi@https://registry.npmjs.org/sisteransi/-/sisteransi-1.0.5.tgz. Extracting by manifest.
1632 silly tarball no local data for signal-exit@https://registry.npmjs.org/signal-exit/-/signal-exit-3.0.6.tgz. Extracting by manifest.
1633 silly tarball no local data for shebang-regex@https://registry.npmjs.org/shebang-regex/-/shebang-regex-3.0.0.tgz. Extracting by manifest.
1634 silly tarball no local data for shebang-command@https://registry.npmjs.org/shebang-command/-/shebang-command-2.0.0.tgz. Extracting by manifest.
1635 silly tarball no local data for serve-index@https://registry.npmjs.org/serve-index/-/serve-index-1.9.1.tgz. Extracting by manifest.
1636 silly tarball no local data for serialize-javascript@https://registry.npmjs.org/serialize-javascript/-/serialize-javascript-6.0.2.tgz. Extracting by manifest.
1637 silly tarball no local data for semver@https://registry.npmjs.org/semver/-/semver-7.3.5.tgz. Extracting by manifest.
1638 silly tarball no local data for selfsigned@https://registry.npmjs.org/selfsigned/-/selfsigned-2.0.0.tgz. Extracting by manifest.
1639 silly tarball no local data for select-hose@https://registry.npmjs.org/select-hose/-/select-hose-2.0.0.tgz. Extracting by manifest.
1640 silly tarball no local data for schema-utils@https://registry.npmjs.org/schema-utils/-/schema-utils-3.3.0.tgz. Extracting by manifest.
1641 silly tarball no local data for scheduler@https://registry.npmjs.org/scheduler/-/scheduler-0.20.2.tgz. Extracting by manifest.
1642 silly tarball no local data for saxes@https://registry.npmjs.org/saxes/-/saxes-5.0.1.tgz. Extracting by manifest.
1643 silly tarball no local data for sax@https://registry.npmjs.org/sax/-/sax-1.2.4.tgz. Extracting by manifest.
1644 silly tarball no local data for sass-loader@https://registry.npmjs.org/sass-loader/-/sass-loader-12.4.0.tgz. Extracting by manifest.
1645 silly tarball no local data for sanitize.css@https://registry.npmjs.org/sanitize.css/-/sanitize.css-13.0.0.tgz. Extracting by manifest.
1646 silly tarball no local data for safe-regex-test@https://registry.npmjs.org/safe-regex-test/-/safe-regex-test-1.0.0.tgz. Extracting by manifest.
1647 silly tarball no local data for safe-buffer@https://registry.npmjs.org/safe-buffer/-/safe-buffer-5.1.2.tgz. Extracting by manifest.
1648 silly tarball no local data for run-parallel@https://registry.npmjs.org/run-parallel/-/run-parallel-1.2.0.tgz. Extracting by manifest.
1649 silly tarball no local data for rollup-plugin-terser@https://registry.npmjs.org/rollup-plugin-terser/-/rollup-plugin-terser-7.0.2.tgz. Extracting by manifest.
1650 silly tarball no local data for rollup@https://registry.npmjs.org/rollup/-/rollup-2.66.0.tgz. Extracting by manifest.
1651 silly tarball no local data for rimraf@https://registry.npmjs.org/rimraf/-/rimraf-3.0.2.tgz. Extracting by manifest.
1652 silly tarball no local data for reusify@https://registry.npmjs.org/reusify/-/reusify-1.0.4.tgz. Extracting by manifest.
1653 silly tarball no local data for retry@https://registry.npmjs.org/retry/-/retry-0.13.1.tgz. Extracting by manifest.
1654 silly tarball no local data for resolve.exports@https://registry.npmjs.org/resolve.exports/-/resolve.exports-1.1.0.tgz. Extracting by manifest.
1655 silly tarball no local data for resolve-url-loader@https://registry.npmjs.org/resolve-url-loader/-/resolve-url-loader-4.0.0.tgz. Extracting by manifest.
1656 silly tarball no local data for resolve-pathname@https://registry.npmjs.org/resolve-pathname/-/resolve-pathname-3.0.0.tgz. Extracting by manifest.
1657 silly tarball no local data for resolve-from@https://registry.npmjs.org/resolve-from/-/resolve-from-5.0.0.tgz. Extracting by manifest.
1658 silly tarball no local data for resolve-cwd@https://registry.npmjs.org/resolve-cwd/-/resolve-cwd-3.0.0.tgz. Extracting by manifest.
1659 silly tarball no local data for resolve@https://registry.npmjs.org/resolve/-/resolve-1.22.0.tgz. Extracting by manifest.
1660 silly tarball no local data for requires-port@https://registry.npmjs.org/requires-port/-/requires-port-1.0.0.tgz. Extracting by manifest.
1661 silly tarball no local data for require-from-string@https://registry.npmjs.org/require-from-string/-/require-from-string-2.0.2.tgz. Extracting by manifest.
1662 silly tarball no local data for require-directory@https://registry.npmjs.org/require-directory/-/require-directory-2.1.1.tgz. Extracting by manifest.
1663 silly tarball no local data for renderkid@https://registry.npmjs.org/renderkid/-/renderkid-3.0.0.tgz. Extracting by manifest.
1664 silly tarball no local data for relateurl@https://registry.npmjs.org/relateurl/-/relateurl-0.2.7.tgz. Extracting by manifest.
1665 silly tarball no local data for regjsparser@https://registry.npmjs.org/regjsparser/-/regjsparser-0.7.0.tgz. Extracting by manifest.
1666 silly tarball no local data for regjsgen@https://registry.npmjs.org/regjsgen/-/regjsgen-0.5.2.tgz. Extracting by manifest.
1667 silly tarball no local data for regexpu-core@https://registry.npmjs.org/regexpu-core/-/regexpu-core-4.8.0.tgz. Extracting by manifest.
1668 silly tarball no local data for regexpp@https://registry.npmjs.org/regexpp/-/regexpp-3.2.0.tgz. Extracting by manifest.
1669 silly tarball no local data for regexp.prototype.flags@https://registry.npmjs.org/regexp.prototype.flags/-/regexp.prototype.flags-1.4.3.tgz. Extracting by manifest.
1670 silly tarball no local data for regex-parser@https://registry.npmjs.org/regex-parser/-/regex-parser-2.2.11.tgz. Extracting by manifest.
1671 silly tarball no local data for regenerator-transform@https://registry.npmjs.org/regenerator-transform/-/regenerator-transform-0.14.5.tgz. Extracting by manifest.
1672 silly tarball no local data for regenerator-runtime@https://registry.npmjs.org/regenerator-runtime/-/regenerator-runtime-0.13.11.tgz. Extracting by manifest.
1673 silly tarball no local data for regenerate@https://registry.npmjs.org/regenerate/-/regenerate-1.4.2.tgz. Extracting by manifest.
1674 silly tarball no local data for recursive-readdir@https://registry.npmjs.org/recursive-readdir/-/recursive-readdir-2.2.3.tgz. Extracting by manifest.
1675 silly tarball no local data for regenerate-unicode-properties@https://registry.npmjs.org/regenerate-unicode-properties/-/regenerate-unicode-properties-9.0.0.tgz. Extracting by manifest.
1676 silly tarball no local data for readdirp@https://registry.npmjs.org/readdirp/-/readdirp-3.6.0.tgz. Extracting by manifest.
1677 silly tarball no local data for readable-stream@https://registry.npmjs.org/readable-stream/-/readable-stream-3.6.0.tgz. Extracting by manifest.
1678 silly tarball no local data for react-transition-group@https://registry.npmjs.org/react-transition-group/-/react-transition-group-4.4.2.tgz. Extracting by manifest.
1679 silly tarball no local data for react-scripts@https://registry.npmjs.org/react-scripts/-/react-scripts-5.0.1.tgz. Extracting by manifest.
1680 silly tarball no local data for react-router-dom@https://registry.npmjs.org/react-router-dom/-/react-router-dom-5.3.0.tgz. Extracting by manifest.
1681 silly tarball no local data for react-router@https://registry.npmjs.org/react-router/-/react-router-5.2.1.tgz. Extracting by manifest.
1682 silly tarball no local data for react-refresh@https://registry.npmjs.org/react-refresh/-/react-refresh-0.11.0.tgz. Extracting by manifest.
1683 silly tarball no local data for react-is@https://registry.npmjs.org/react-is/-/react-is-16.13.1.tgz. Extracting by manifest.
1684 silly tarball no local data for react-error-overlay@https://registry.npmjs.org/react-error-overlay/-/react-error-overlay-6.0.11.tgz. Extracting by manifest.
1685 silly tarball no local data for react-dom@https://registry.npmjs.org/react-dom/-/react-dom-17.0.2.tgz. Extracting by manifest.
1686 silly tarball no local data for react-dev-utils@https://registry.npmjs.org/react-dev-utils/-/react-dev-utils-12.0.1.tgz. Extracting by manifest.
1687 silly tarball no local data for react-app-polyfill@https://registry.npmjs.org/react-app-polyfill/-/react-app-polyfill-3.0.0.tgz. Extracting by manifest.
1688 silly tarball no local data for react@https://registry.npmjs.org/react/-/react-17.0.2.tgz. Extracting by manifest.
1689 silly tarball no local data for randombytes@https://registry.npmjs.org/randombytes/-/randombytes-2.1.0.tgz. Extracting by manifest.
1690 silly tarball no local data for raf@https://registry.npmjs.org/raf/-/raf-3.4.1.tgz. Extracting by manifest.
1691 silly tarball no local data for quick-lru@https://registry.npmjs.org/quick-lru/-/quick-lru-5.1.1.tgz. Extracting by manifest.
1692 silly tarball no local data for queue-microtask@https://registry.npmjs.org/queue-microtask/-/queue-microtask-1.2.3.tgz. Extracting by manifest.
1693 silly tarball no local data for q@https://registry.npmjs.org/q/-/q-1.5.1.tgz. Extracting by manifest.
1694 silly tarball no local data for punycode@https://registry.npmjs.org/punycode/-/punycode-2.1.1.tgz. Extracting by manifest.
1695 silly tarball no local data for psl@https://registry.npmjs.org/psl/-/psl-1.8.0.tgz. Extracting by manifest.
1696 silly tarball no local data for prop-types@https://registry.npmjs.org/prop-types/-/prop-types-15.8.1.tgz. Extracting by manifest.
1697 silly tarball no local data for prompts@https://registry.npmjs.org/prompts/-/prompts-2.4.2.tgz. Extracting by manifest.
1698 silly tarball no local data for promise@https://registry.npmjs.org/promise/-/promise-8.1.0.tgz. Extracting by manifest.
1699 silly tarball no local data for process-nextick-args@https://registry.npmjs.org/process-nextick-args/-/process-nextick-args-2.0.1.tgz. Extracting by manifest.
1700 silly tarball no local data for pretty-format@https://registry.npmjs.org/pretty-format/-/pretty-format-27.4.6.tgz. Extracting by manifest.
1701 silly tarball no local data for pretty-error@https://registry.npmjs.org/pretty-error/-/pretty-error-4.0.0.tgz. Extracting by manifest.
1702 silly tarball no local data for pretty-bytes@https://registry.npmjs.org/pretty-bytes/-/pretty-bytes-5.6.0.tgz. Extracting by manifest.
1703 silly tarball no local data for prelude-ls@https://registry.npmjs.org/prelude-ls/-/prelude-ls-1.2.1.tgz. Extracting by manifest.
1704 silly tarball no local data for postcss-value-parser@https://registry.npmjs.org/postcss-value-parser/-/postcss-value-parser-4.2.0.tgz. Extracting by manifest.
1705 silly tarball no local data for postcss-unique-selectors@https://registry.npmjs.org/postcss-unique-selectors/-/postcss-unique-selectors-5.0.3.tgz. Extracting by manifest.
1706 silly tarball no local data for postcss-svgo@https://registry.npmjs.org/postcss-svgo/-/postcss-svgo-5.0.3.tgz. Extracting by manifest.
1707 silly tarball no local data for postcss-selector-parser@https://registry.npmjs.org/postcss-selector-parser/-/postcss-selector-parser-6.0.9.tgz. Extracting by manifest.
1708 silly tarball no local data for postcss-selector-not@https://registry.npmjs.org/postcss-selector-not/-/postcss-selector-not-5.0.0.tgz. Extracting by manifest.
1709 silly tarball no local data for postcss-replace-overflow-wrap@https://registry.npmjs.org/postcss-replace-overflow-wrap/-/postcss-replace-overflow-wrap-4.0.0.tgz. Extracting by manifest.
1710 silly tarball no local data for postcss-reduce-transforms@https://registry.npmjs.org/postcss-reduce-transforms/-/postcss-reduce-transforms-5.0.3.tgz. Extracting by manifest.
1711 silly tarball no local data for postcss-reduce-initial@https://registry.npmjs.org/postcss-reduce-initial/-/postcss-reduce-initial-5.0.2.tgz. Extracting by manifest.
1712 silly tarball no local data for postcss-pseudo-class-any-link@https://registry.npmjs.org/postcss-pseudo-class-any-link/-/postcss-pseudo-class-any-link-7.0.2.tgz. Extracting by manifest.
1713 silly tarball no local data for postcss-preset-env@https://registry.npmjs.org/postcss-preset-env/-/postcss-preset-env-7.2.3.tgz. Extracting by manifest.
1714 silly tarball no local data for postcss-place@https://registry.npmjs.org/postcss-place/-/postcss-place-7.0.3.tgz. Extracting by manifest.
1715 silly tarball no local data for postcss-page-break@https://registry.npmjs.org/postcss-page-break/-/postcss-page-break-3.0.4.tgz. Extracting by manifest.
1716 silly tarball no local data for postcss-overflow-shorthand@https://registry.npmjs.org/postcss-overflow-shorthand/-/postcss-overflow-shorthand-3.0.2.tgz. Extracting by manifest.
1717 silly tarball no local data for postcss-ordered-values@https://registry.npmjs.org/postcss-ordered-values/-/postcss-ordered-values-5.0.4.tgz. Extracting by manifest.
1718 silly tarball no local data for postcss-normalize-whitespace@https://registry.npmjs.org/postcss-normalize-whitespace/-/postcss-normalize-whitespace-5.0.3.tgz. Extracting by manifest.
1719 silly tarball no local data for postcss-normalize-url@https://registry.npmjs.org/postcss-normalize-url/-/postcss-normalize-url-5.0.4.tgz. Extracting by manifest.
1720 silly tarball no local data for postcss-normalize-unicode@https://registry.npmjs.org/postcss-normalize-unicode/-/postcss-normalize-unicode-5.0.3.tgz. Extracting by manifest.
1721 silly tarball no local data for postcss-normalize-timing-functions@https://registry.npmjs.org/postcss-normalize-timing-functions/-/postcss-normalize-timing-functions-5.0.2.tgz. Extracting by manifest.
1722 silly tarball no local data for postcss-normalize-string@https://registry.npmjs.org/postcss-normalize-string/-/postcss-normalize-string-5.0.3.tgz. Extracting by manifest.
1723 silly tarball no local data for postcss-normalize-repeat-style@https://registry.npmjs.org/postcss-normalize-repeat-style/-/postcss-normalize-repeat-style-5.0.3.tgz. Extracting by manifest.
1724 silly tarball no local data for postcss-normalize-positions@https://registry.npmjs.org/postcss-normalize-positions/-/postcss-normalize-positions-5.0.3.tgz. Extracting by manifest.
1725 silly tarball no local data for postcss-normalize-display-values@https://registry.npmjs.org/postcss-normalize-display-values/-/postcss-normalize-display-values-5.0.2.tgz. Extracting by manifest.
1726 silly tarball no local data for postcss-normalize-charset@https://registry.npmjs.org/postcss-normalize-charset/-/postcss-normalize-charset-5.0.2.tgz. Extracting by manifest.
1727 silly tarball no local data for postcss-normalize@https://registry.npmjs.org/postcss-normalize/-/postcss-normalize-10.0.1.tgz. Extracting by manifest.
1728 silly tarball no local data for postcss-nesting@https://registry.npmjs.org/postcss-nesting/-/postcss-nesting-10.1.2.tgz. Extracting by manifest.
1729 silly tarball no local data for postcss-nested@https://registry.npmjs.org/postcss-nested/-/postcss-nested-5.0.6.tgz. Extracting by manifest.
1730 silly tarball no local data for postcss-modules-values@https://registry.npmjs.org/postcss-modules-values/-/postcss-modules-values-4.0.0.tgz. Extracting by manifest.
1731 silly tarball no local data for postcss-modules-scope@https://registry.npmjs.org/postcss-modules-scope/-/postcss-modules-scope-3.0.0.tgz. Extracting by manifest.
1732 silly tarball no local data for postcss-modules-local-by-default@https://registry.npmjs.org/postcss-modules-local-by-default/-/postcss-modules-local-by-default-4.0.0.tgz. Extracting by manifest.
1733 silly tarball no local data for postcss-modules-extract-imports@https://registry.npmjs.org/postcss-modules-extract-imports/-/postcss-modules-extract-imports-3.0.0.tgz. Extracting by manifest.
1734 silly tarball no local data for postcss-minify-selectors@https://registry.npmjs.org/postcss-minify-selectors/-/postcss-minify-selectors-5.1.2.tgz. Extracting by manifest.
1735 silly tarball no local data for postcss-minify-params@https://registry.npmjs.org/postcss-minify-params/-/postcss-minify-params-5.0.4.tgz. Extracting by manifest.
1736 silly tarball no local data for postcss-minify-gradients@https://registry.npmjs.org/postcss-minify-gradients/-/postcss-minify-gradients-5.0.5.tgz. Extracting by manifest.
1737 silly tarball no local data for postcss-minify-font-values@https://registry.npmjs.org/postcss-minify-font-values/-/postcss-minify-font-values-5.0.3.tgz. Extracting by manifest.
1738 silly tarball no local data for postcss-merge-rules@https://registry.npmjs.org/postcss-merge-rules/-/postcss-merge-rules-5.0.5.tgz. Extracting by manifest.
1739 silly tarball no local data for postcss-merge-longhand@https://registry.npmjs.org/postcss-merge-longhand/-/postcss-merge-longhand-5.0.5.tgz. Extracting by manifest.
1740 silly tarball no local data for postcss-media-minmax@https://registry.npmjs.org/postcss-media-minmax/-/postcss-media-minmax-5.0.0.tgz. Extracting by manifest.
1741 silly tarball no local data for postcss-logical@https://registry.npmjs.org/postcss-logical/-/postcss-logical-5.0.3.tgz. Extracting by manifest.
1742 silly tarball no local data for postcss-loader@https://registry.npmjs.org/postcss-loader/-/postcss-loader-6.2.1.tgz. Extracting by manifest.
1743 silly tarball no local data for postcss-load-config@https://registry.npmjs.org/postcss-load-config/-/postcss-load-config-3.1.1.tgz. Extracting by manifest.
1744 silly tarball no local data for postcss-lab-function@https://registry.npmjs.org/postcss-lab-function/-/postcss-lab-function-4.0.3.tgz. Extracting by manifest.
1745 silly tarball no local data for postcss-js@https://registry.npmjs.org/postcss-js/-/postcss-js-4.0.0.tgz. Extracting by manifest.
1746 silly tarball no local data for postcss-initial@https://registry.npmjs.org/postcss-initial/-/postcss-initial-4.0.1.tgz. Extracting by manifest.
1747 silly tarball no local data for postcss-image-set-function@https://registry.npmjs.org/postcss-image-set-function/-/postcss-image-set-function-4.0.4.tgz. Extracting by manifest.
1748 silly tarball no local data for postcss-gap-properties@https://registry.npmjs.org/postcss-gap-properties/-/postcss-gap-properties-3.0.2.tgz. Extracting by manifest.
1749 silly tarball no local data for postcss-font-variant@https://registry.npmjs.org/postcss-font-variant/-/postcss-font-variant-5.0.0.tgz. Extracting by manifest.
1750 silly tarball no local data for postcss-focus-within@https://registry.npmjs.org/postcss-focus-within/-/postcss-focus-within-5.0.3.tgz. Extracting by manifest.
1751 silly tarball no local data for postcss-focus-visible@https://registry.npmjs.org/postcss-focus-visible/-/postcss-focus-visible-6.0.3.tgz. Extracting by manifest.
1752 silly tarball no local data for postcss-flexbugs-fixes@https://registry.npmjs.org/postcss-flexbugs-fixes/-/postcss-flexbugs-fixes-5.0.2.tgz. Extracting by manifest.
1753 silly tarball no local data for postcss-env-function@https://registry.npmjs.org/postcss-env-function/-/postcss-env-function-4.0.4.tgz. Extracting by manifest.
1754 silly tarball no local data for postcss-double-position-gradients@https://registry.npmjs.org/postcss-double-position-gradients/-/postcss-double-position-gradients-3.0.4.tgz. Extracting by manifest.
1755 silly tarball no local data for postcss-discard-overridden@https://registry.npmjs.org/postcss-discard-overridden/-/postcss-discard-overridden-5.0.3.tgz. Extracting by manifest.
1756 silly tarball no local data for postcss-discard-empty@https://registry.npmjs.org/postcss-discard-empty/-/postcss-discard-empty-5.0.2.tgz. Extracting by manifest.
1757 silly tarball no local data for postcss-discard-duplicates@https://registry.npmjs.org/postcss-discard-duplicates/-/postcss-discard-duplicates-5.0.2.tgz. Extracting by manifest.
1758 silly tarball no local data for postcss-discard-comments@https://registry.npmjs.org/postcss-discard-comments/-/postcss-discard-comments-5.0.2.tgz. Extracting by manifest.
1759 silly tarball no local data for postcss-dir-pseudo-class@https://registry.npmjs.org/postcss-dir-pseudo-class/-/postcss-dir-pseudo-class-6.0.3.tgz. Extracting by manifest.
1760 silly tarball no local data for postcss-custom-selectors@https://registry.npmjs.org/postcss-custom-selectors/-/postcss-custom-selectors-6.0.0.tgz. Extracting by manifest.
1761 silly tarball no local data for postcss-custom-properties@https://registry.npmjs.org/postcss-custom-properties/-/postcss-custom-properties-12.1.3.tgz. Extracting by manifest.
1762 silly tarball no local data for postcss-custom-media@https://registry.npmjs.org/postcss-custom-media/-/postcss-custom-media-8.0.0.tgz. Extracting by manifest.
1763 silly tarball no local data for postcss-convert-values@https://registry.npmjs.org/postcss-convert-values/-/postcss-convert-values-5.0.3.tgz. Extracting by manifest.
1764 silly tarball no local data for postcss-colormin@https://registry.npmjs.org/postcss-colormin/-/postcss-colormin-5.2.4.tgz. Extracting by manifest.
1765 silly tarball no local data for postcss-color-rebeccapurple@https://registry.npmjs.org/postcss-color-rebeccapurple/-/postcss-color-rebeccapurple-7.0.2.tgz. Extracting by manifest.
1766 silly tarball no local data for postcss-color-hex-alpha@https://registry.npmjs.org/postcss-color-hex-alpha/-/postcss-color-hex-alpha-8.0.2.tgz. Extracting by manifest.
1767 silly tarball no local data for postcss-color-functional-notation@https://registry.npmjs.org/postcss-color-functional-notation/-/postcss-color-functional-notation-4.2.1.tgz. Extracting by manifest.
1768 silly tarball no local data for postcss-calc@https://registry.npmjs.org/postcss-calc/-/postcss-calc-8.2.2.tgz. Extracting by manifest.
1769 silly tarball no local data for postcss-browser-comments@https://registry.npmjs.org/postcss-browser-comments/-/postcss-browser-comments-4.0.0.tgz. Extracting by manifest.
1770 silly tarball no local data for postcss-attribute-case-insensitive@https://registry.npmjs.org/postcss-attribute-case-insensitive/-/postcss-attribute-case-insensitive-5.0.0.tgz. Extracting by manifest.
1771 silly tarball no local data for postcss@https://registry.npmjs.org/postcss/-/postcss-8.4.5.tgz. Extracting by manifest.
1772 silly tarball no local data for portfinder@https://registry.npmjs.org/portfinder/-/portfinder-1.0.28.tgz. Extracting by manifest.
1773 silly tarball no local data for pkg-up@https://registry.npmjs.org/pkg-up/-/pkg-up-3.1.0.tgz. Extracting by manifest.
1774 silly tarball no local data for pkg-dir@https://registry.npmjs.org/pkg-dir/-/pkg-dir-4.2.0.tgz. Extracting by manifest.
1775 silly tarball no local data for pirates@https://registry.npmjs.org/pirates/-/pirates-4.0.5.tgz. Extracting by manifest.
1776 silly tarball no local data for picomatch@https://registry.npmjs.org/picomatch/-/picomatch-2.3.1.tgz. Extracting by manifest.
1777 silly tarball no local data for picocolors@https://registry.npmjs.org/picocolors/-/picocolors-1.0.1.tgz. Extracting by manifest.
1778 silly tarball no local data for performance-now@https://registry.npmjs.org/performance-now/-/performance-now-2.1.0.tgz. Extracting by manifest.
1779 silly tarball no local data for path-type@https://registry.npmjs.org/path-type/-/path-type-4.0.0.tgz. Extracting by manifest.
1780 silly tarball no local data for path-parse@https://registry.npmjs.org/path-parse/-/path-parse-1.0.7.tgz. Extracting by manifest.
1781 silly tarball no local data for path-key@https://registry.npmjs.org/path-key/-/path-key-3.1.1.tgz. Extracting by manifest.
1782 silly tarball no local data for path-is-absolute@https://registry.npmjs.org/path-is-absolute/-/path-is-absolute-1.0.1.tgz. Extracting by manifest.
1783 silly tarball no local data for path-exists@https://registry.npmjs.org/path-exists/-/path-exists-4.0.0.tgz. Extracting by manifest.
1784 silly tarball no local data for pascal-case@https://registry.npmjs.org/pascal-case/-/pascal-case-3.1.2.tgz. Extracting by manifest.
1785 silly tarball no local data for parse5@https://registry.npmjs.org/parse5/-/parse5-6.0.1.tgz. Extracting by manifest.
1786 silly tarball no local data for parse-json@https://registry.npmjs.org/parse-json/-/parse-json-5.2.0.tgz. Extracting by manifest.
1787 silly tarball no local data for parent-module@https://registry.npmjs.org/parent-module/-/parent-module-1.0.1.tgz. Extracting by manifest.
1788 silly tarball no local data for param-case@https://registry.npmjs.org/param-case/-/param-case-3.0.4.tgz. Extracting by manifest.
1789 silly tarball no local data for p-try@https://registry.npmjs.org/p-try/-/p-try-2.2.0.tgz. Extracting by manifest.
1790 silly tarball no local data for p-retry@https://registry.npmjs.org/p-retry/-/p-retry-4.6.1.tgz. Extracting by manifest.
1791 silly tarball no local data for p-map@https://registry.npmjs.org/p-map/-/p-map-4.0.0.tgz. Extracting by manifest.
1792 silly tarball no local data for p-locate@https://registry.npmjs.org/p-locate/-/p-locate-5.0.0.tgz. Extracting by manifest.
1793 silly tarball no local data for p-limit@https://registry.npmjs.org/p-limit/-/p-limit-3.1.0.tgz. Extracting by manifest.
1794 silly tarball no local data for optionator@https://registry.npmjs.org/optionator/-/optionator-0.9.1.tgz. Extracting by manifest.
1795 silly tarball no local data for open@https://registry.npmjs.org/open/-/open-8.4.0.tgz. Extracting by manifest.
1796 silly tarball no local data for onetime@https://registry.npmjs.org/onetime/-/onetime-5.1.2.tgz. Extracting by manifest.
1797 silly tarball no local data for once@https://registry.npmjs.org/once/-/once-1.4.0.tgz. Extracting by manifest.
1798 silly tarball no local data for on-headers@https://registry.npmjs.org/on-headers/-/on-headers-1.0.2.tgz. Extracting by manifest.
1799 silly tarball no local data for obuf@https://registry.npmjs.org/obuf/-/obuf-1.1.2.tgz. Extracting by manifest.
1800 silly tarball no local data for object.values@https://registry.npmjs.org/object.values/-/object.values-1.1.6.tgz. Extracting by manifest.
1801 silly tarball no local data for object.hasown@https://registry.npmjs.org/object.hasown/-/object.hasown-1.1.2.tgz. Extracting by manifest.
1802 silly tarball no local data for object.getownpropertydescriptors@https://registry.npmjs.org/object.getownpropertydescriptors/-/object.getownpropertydescriptors-2.1.3.tgz. Extracting by manifest.
1803 silly tarball no local data for object.fromentries@https://registry.npmjs.org/object.fromentries/-/object.fromentries-2.0.6.tgz. Extracting by manifest.
1804 silly tarball no local data for object.entries@https://registry.npmjs.org/object.entries/-/object.entries-1.1.6.tgz. Extracting by manifest.
1805 silly tarball no local data for object.assign@https://registry.npmjs.org/object.assign/-/object.assign-4.1.4.tgz. Extracting by manifest.
1806 silly tarball no local data for object-keys@https://registry.npmjs.org/object-keys/-/object-keys-1.1.1.tgz. Extracting by manifest.
1807 silly tarball no local data for object-is@https://registry.npmjs.org/object-is/-/object-is-1.1.5.tgz. Extracting by manifest.
1808 silly tarball no local data for object-hash@https://registry.npmjs.org/object-hash/-/object-hash-2.2.0.tgz. Extracting by manifest.
1809 silly tarball no local data for nwsapi@https://registry.npmjs.org/nwsapi/-/nwsapi-2.2.0.tgz. Extracting by manifest.
1810 silly tarball no local data for nth-check@https://registry.npmjs.org/nth-check/-/nth-check-2.0.1.tgz. Extracting by manifest.
1811 silly tarball no local data for npm-run-path@https://registry.npmjs.org/npm-run-path/-/npm-run-path-4.0.1.tgz. Extracting by manifest.
1812 silly tarball no local data for normalize-url@https://registry.npmjs.org/normalize-url/-/normalize-url-6.1.0.tgz. Extracting by manifest.
1813 silly tarball no local data for normalize-range@https://registry.npmjs.org/normalize-range/-/normalize-range-0.1.2.tgz. Extracting by manifest.
1814 silly tarball no local data for normalize-path@https://registry.npmjs.org/normalize-path/-/normalize-path-3.0.0.tgz. Extracting by manifest.
1815 silly tarball no local data for node-releases@https://registry.npmjs.org/node-releases/-/node-releases-2.0.18.tgz. Extracting by manifest.
1816 silly tarball no local data for node-int64@https://registry.npmjs.org/node-int64/-/node-int64-0.4.0.tgz. Extracting by manifest.
1817 silly tarball no local data for node-forge@https://registry.npmjs.org/node-forge/-/node-forge-1.3.0.tgz. Extracting by manifest.
1818 silly tarball no local data for no-case@https://registry.npmjs.org/no-case/-/no-case-3.0.4.tgz. Extracting by manifest.
1819 silly tarball no local data for neo-async@https://registry.npmjs.org/neo-async/-/neo-async-2.6.2.tgz. Extracting by manifest.
1820 silly tarball no local data for ncp@https://registry.npmjs.org/ncp/-/ncp-2.0.0.tgz. Extracting by manifest.
1821 silly tarball no local data for natural-compare-lite@https://registry.npmjs.org/natural-compare-lite/-/natural-compare-lite-1.4.0.tgz. Extracting by manifest.
1822 silly tarball no local data for natural-compare@https://registry.npmjs.org/natural-compare/-/natural-compare-1.4.0.tgz. Extracting by manifest.
1823 silly tarball no local data for nanoid@https://registry.npmjs.org/nanoid/-/nanoid-3.2.0.tgz. Extracting by manifest.
1824 silly tarball no local data for multicast-dns-service-types@https://registry.npmjs.org/multicast-dns-service-types/-/multicast-dns-service-types-1.1.0.tgz. Extracting by manifest.
1825 silly tarball no local data for multicast-dns@https://registry.npmjs.org/multicast-dns/-/multicast-dns-6.2.3.tgz. Extracting by manifest.
1826 silly tarball no local data for ms@https://registry.npmjs.org/ms/-/ms-2.1.2.tgz. Extracting by manifest.
1827 silly tarball no local data for mkdirp@https://registry.npmjs.org/mkdirp/-/mkdirp-0.5.5.tgz. Extracting by manifest.
1828 silly tarball no local data for minimist@https://registry.npmjs.org/minimist/-/minimist-1.2.6.tgz. Extracting by manifest.
1829 silly tarball no local data for minimatch@https://registry.npmjs.org/minimatch/-/minimatch-3.1.2.tgz. Extracting by manifest.
1830 silly tarball no local data for minimalistic-assert@https://registry.npmjs.org/minimalistic-assert/-/minimalistic-assert-1.0.1.tgz. Extracting by manifest.
1831 silly tarball no local data for mini-css-extract-plugin@https://registry.npmjs.org/mini-css-extract-plugin/-/mini-css-extract-plugin-2.5.2.tgz. Extracting by manifest.
1832 silly tarball no local data for mini-create-react-context@https://registry.npmjs.org/mini-create-react-context/-/mini-create-react-context-0.4.1.tgz. Extracting by manifest.
1833 silly tarball no local data for mimic-fn@https://registry.npmjs.org/mimic-fn/-/mimic-fn-2.1.0.tgz. Extracting by manifest.
1834 silly tarball no local data for mime-types@https://registry.npmjs.org/mime-types/-/mime-types-2.1.34.tgz. Extracting by manifest.
1835 silly tarball no local data for mime-db@https://registry.npmjs.org/mime-db/-/mime-db-1.51.0.tgz. Extracting by manifest.
1836 silly tarball no local data for micromatch@https://registry.npmjs.org/micromatch/-/micromatch-4.0.8.tgz. Extracting by manifest.
1837 silly tarball no local data for merge2@https://registry.npmjs.org/merge2/-/merge2-1.4.1.tgz. Extracting by manifest.
1838 silly tarball no local data for merge-stream@https://registry.npmjs.org/merge-stream/-/merge-stream-2.0.0.tgz. Extracting by manifest.
1839 silly tarball no local data for memfs@https://registry.npmjs.org/memfs/-/memfs-3.5.3.tgz. Extracting by manifest.
1840 silly tarball no local data for mdn-data@https://registry.npmjs.org/mdn-data/-/mdn-data-2.0.4.tgz. Extracting by manifest.
1841 silly tarball no local data for makeerror@https://registry.npmjs.org/makeerror/-/makeerror-1.0.12.tgz. Extracting by manifest.
1842 silly tarball no local data for make-dir@https://registry.npmjs.org/make-dir/-/make-dir-3.1.0.tgz. Extracting by manifest.
1843 silly tarball no local data for magic-string@https://registry.npmjs.org/magic-string/-/magic-string-0.25.7.tgz. Extracting by manifest.
1844 silly tarball no local data for lru-cache@https://registry.npmjs.org/lru-cache/-/lru-cache-6.0.0.tgz. Extracting by manifest.
1845 silly tarball no local data for lower-case@https://registry.npmjs.org/lower-case/-/lower-case-2.0.2.tgz. Extracting by manifest.
1846 silly tarball no local data for loose-envify@https://registry.npmjs.org/loose-envify/-/loose-envify-1.4.0.tgz. Extracting by manifest.
1847 silly tarball no local data for lodash.uniq@https://registry.npmjs.org/lodash.uniq/-/lodash.uniq-4.5.0.tgz. Extracting by manifest.
1848 silly tarball no local data for lodash.sortby@https://registry.npmjs.org/lodash.sortby/-/lodash.sortby-4.7.0.tgz. Extracting by manifest.
1849 silly tarball no local data for lodash.merge@https://registry.npmjs.org/lodash.merge/-/lodash.merge-4.6.2.tgz. Extracting by manifest.
1850 silly tarball no local data for lodash.memoize@https://registry.npmjs.org/lodash.memoize/-/lodash.memoize-4.1.2.tgz. Extracting by manifest.
1851 silly tarball no local data for lodash.debounce@https://registry.npmjs.org/lodash.debounce/-/lodash.debounce-4.0.8.tgz. Extracting by manifest.
1852 silly tarball no local data for locate-path@https://registry.npmjs.org/locate-path/-/locate-path-6.0.0.tgz. Extracting by manifest.
1853 silly tarball no local data for loader-utils@https://registry.npmjs.org/loader-utils/-/loader-utils-2.0.4.tgz. Extracting by manifest.
1854 silly tarball no local data for loader-runner@https://registry.npmjs.org/loader-runner/-/loader-runner-4.2.0.tgz. Extracting by manifest.
1855 silly tarball no local data for lines-and-columns@https://registry.npmjs.org/lines-and-columns/-/lines-and-columns-1.2.4.tgz. Extracting by manifest.
1856 silly tarball no local data for lilconfig@https://registry.npmjs.org/lilconfig/-/lilconfig-2.0.4.tgz. Extracting by manifest.
1857 silly tarball no local data for levn@https://registry.npmjs.org/levn/-/levn-0.4.1.tgz. Extracting by manifest.
1858 silly tarball no local data for leven@https://registry.npmjs.org/leven/-/leven-3.1.0.tgz. Extracting by manifest.
1859 silly tarball no local data for language-tags@https://registry.npmjs.org/language-tags/-/language-tags-1.0.5.tgz. Extracting by manifest.
1860 silly tarball no local data for language-subtag-registry@https://registry.npmjs.org/language-subtag-registry/-/language-subtag-registry-0.3.22.tgz. Extracting by manifest.
1861 silly tarball no local data for klona@https://registry.npmjs.org/klona/-/klona-2.0.5.tgz. Extracting by manifest.
1862 silly tarball no local data for kleur@https://registry.npmjs.org/kleur/-/kleur-3.0.3.tgz. Extracting by manifest.
1863 silly tarball no local data for kind-of@https://registry.npmjs.org/kind-of/-/kind-of-6.0.3.tgz. Extracting by manifest.
1864 silly tarball no local data for jsx-ast-utils@https://registry.npmjs.org/jsx-ast-utils/-/jsx-ast-utils-3.3.3.tgz. Extracting by manifest.
1865 silly tarball no local data for jss-plugin-vendor-prefixer@https://registry.npmjs.org/jss-plugin-vendor-prefixer/-/jss-plugin-vendor-prefixer-10.9.0.tgz. Extracting by manifest.
1866 silly tarball no local data for jss-plugin-rule-value-function@https://registry.npmjs.org/jss-plugin-rule-value-function/-/jss-plugin-rule-value-function-10.9.0.tgz. Extracting by manifest.
1867 silly tarball no local data for jss-plugin-props-sort@https://registry.npmjs.org/jss-plugin-props-sort/-/jss-plugin-props-sort-10.9.0.tgz. Extracting by manifest.
1868 silly tarball no local data for jss-plugin-nested@https://registry.npmjs.org/jss-plugin-nested/-/jss-plugin-nested-10.9.0.tgz. Extracting by manifest.
1869 silly tarball no local data for jss-plugin-global@https://registry.npmjs.org/jss-plugin-global/-/jss-plugin-global-10.9.0.tgz. Extracting by manifest.
1870 silly tarball no local data for jss-plugin-default-unit@https://registry.npmjs.org/jss-plugin-default-unit/-/jss-plugin-default-unit-10.9.0.tgz. Extracting by manifest.
1871 silly tarball no local data for jss-plugin-camel-case@https://registry.npmjs.org/jss-plugin-camel-case/-/jss-plugin-camel-case-10.9.0.tgz. Extracting by manifest.
1872 silly tarball no local data for jss@https://registry.npmjs.org/jss/-/jss-10.9.0.tgz. Extracting by manifest.
1873 silly tarball no local data for jsonpointer@https://registry.npmjs.org/jsonpointer/-/jsonpointer-5.0.0.tgz. Extracting by manifest.
1874 silly tarball no local data for jsonfile@https://registry.npmjs.org/jsonfile/-/jsonfile-6.1.0.tgz. Extracting by manifest.
1875 silly tarball no local data for json5@https://registry.npmjs.org/json5/-/json5-2.2.3.tgz. Extracting by manifest.
1876 silly tarball no local data for json-stable-stringify-without-jsonify@https://registry.npmjs.org/json-stable-stringify-without-jsonify/-/json-stable-stringify-without-jsonify-1.0.1.tgz. Extracting by manifest.
1877 silly tarball no local data for json-schema-traverse@https://registry.npmjs.org/json-schema-traverse/-/json-schema-traverse-0.4.1.tgz. Extracting by manifest.
1878 silly tarball no local data for json-schema@https://registry.npmjs.org/json-schema/-/json-schema-0.4.0.tgz. Extracting by manifest.
1879 silly tarball no local data for json-parse-even-better-errors@https://registry.npmjs.org/json-parse-even-better-errors/-/json-parse-even-better-errors-2.3.1.tgz. Extracting by manifest.
1880 silly tarball no local data for jsesc@https://registry.npmjs.org/jsesc/-/jsesc-2.5.2.tgz. Extracting by manifest.
1881 silly tarball no local data for jsdom@https://registry.npmjs.org/jsdom/-/jsdom-16.7.0.tgz. Extracting by manifest.
1882 silly tarball no local data for js-yaml@https://registry.npmjs.org/js-yaml/-/js-yaml-3.14.1.tgz. Extracting by manifest.
1883 silly tarball no local data for js-tokens@https://registry.npmjs.org/js-tokens/-/js-tokens-4.0.0.tgz. Extracting by manifest.
1884 silly tarball no local data for jest-worker@https://registry.npmjs.org/jest-worker/-/jest-worker-27.4.6.tgz. Extracting by manifest.
1885 silly tarball no local data for jest-watcher@https://registry.npmjs.org/jest-watcher/-/jest-watcher-27.4.6.tgz. Extracting by manifest.
1886 silly tarball no local data for jest-watch-typeahead@https://registry.npmjs.org/jest-watch-typeahead/-/jest-watch-typeahead-1.0.0.tgz. Extracting by manifest.
1887 silly tarball no local data for jest-validate@https://registry.npmjs.org/jest-validate/-/jest-validate-27.4.6.tgz. Extracting by manifest.
1888 silly tarball no local data for jest-util@https://registry.npmjs.org/jest-util/-/jest-util-27.4.2.tgz. Extracting by manifest.
1889 silly tarball no local data for jest-snapshot@https://registry.npmjs.org/jest-snapshot/-/jest-snapshot-27.4.6.tgz. Extracting by manifest.
1890 silly tarball no local data for jest-serializer@https://registry.npmjs.org/jest-serializer/-/jest-serializer-27.4.0.tgz. Extracting by manifest.
1891 silly tarball no local data for jest-runtime@https://registry.npmjs.org/jest-runtime/-/jest-runtime-27.4.6.tgz. Extracting by manifest.
1892 silly tarball no local data for jest-runner@https://registry.npmjs.org/jest-runner/-/jest-runner-27.4.6.tgz. Extracting by manifest.
1893 silly tarball no local data for jest-resolve-dependencies@https://registry.npmjs.org/jest-resolve-dependencies/-/jest-resolve-dependencies-27.4.6.tgz. Extracting by manifest.
1894 silly tarball no local data for jest-resolve@https://registry.npmjs.org/jest-resolve/-/jest-resolve-27.4.6.tgz. Extracting by manifest.
1895 silly tarball no local data for jest-regex-util@https://registry.npmjs.org/jest-regex-util/-/jest-regex-util-27.4.0.tgz. Extracting by manifest.
1896 silly tarball no local data for jest-pnp-resolver@https://registry.npmjs.org/jest-pnp-resolver/-/jest-pnp-resolver-1.2.2.tgz. Extracting by manifest.
1897 silly tarball no local data for jest-mock@https://registry.npmjs.org/jest-mock/-/jest-mock-27.4.6.tgz. Extracting by manifest.
1898 silly tarball no local data for jest-message-util@https://registry.npmjs.org/jest-message-util/-/jest-message-util-27.4.6.tgz. Extracting by manifest.
1899 silly tarball no local data for jest-matcher-utils@https://registry.npmjs.org/jest-matcher-utils/-/jest-matcher-utils-27.4.6.tgz. Extracting by manifest.
1900 silly tarball no local data for jest-leak-detector@https://registry.npmjs.org/jest-leak-detector/-/jest-leak-detector-27.4.6.tgz. Extracting by manifest.
1901 silly tarball no local data for jest-jasmine2@https://registry.npmjs.org/jest-jasmine2/-/jest-jasmine2-27.4.6.tgz. Extracting by manifest.
1902 silly tarball no local data for jest-haste-map@https://registry.npmjs.org/jest-haste-map/-/jest-haste-map-27.4.6.tgz. Extracting by manifest.
1903 silly tarball no local data for jest-get-type@https://registry.npmjs.org/jest-get-type/-/jest-get-type-27.4.0.tgz. Extracting by manifest.
1904 silly tarball no local data for jest-environment-node@https://registry.npmjs.org/jest-environment-node/-/jest-environment-node-27.4.6.tgz. Extracting by manifest.
1905 silly tarball no local data for jest-environment-jsdom@https://registry.npmjs.org/jest-environment-jsdom/-/jest-environment-jsdom-27.4.6.tgz. Extracting by manifest.
1906 silly tarball no local data for jest-each@https://registry.npmjs.org/jest-each/-/jest-each-27.4.6.tgz. Extracting by manifest.
1907 silly tarball no local data for jest-docblock@https://registry.npmjs.org/jest-docblock/-/jest-docblock-27.4.0.tgz. Extracting by manifest.
1908 silly tarball no local data for jest-diff@https://registry.npmjs.org/jest-diff/-/jest-diff-27.4.6.tgz. Extracting by manifest.
1909 silly tarball no local data for jest-cli@https://registry.npmjs.org/jest-cli/-/jest-cli-27.4.7.tgz. Extracting by manifest.
1910 silly tarball no local data for jest-circus@https://registry.npmjs.org/jest-circus/-/jest-circus-27.4.6.tgz. Extracting by manifest.
1911 silly tarball no local data for jest-changed-files@https://registry.npmjs.org/jest-changed-files/-/jest-changed-files-27.4.2.tgz. Extracting by manifest.
1912 silly tarball no local data for jest@https://registry.npmjs.org/jest/-/jest-27.4.7.tgz. Extracting by manifest.
1913 silly tarball no local data for jake@https://registry.npmjs.org/jake/-/jake-10.8.5.tgz. Extracting by manifest.
1914 silly tarball no local data for istanbul-reports@https://registry.npmjs.org/istanbul-reports/-/istanbul-reports-3.1.3.tgz. Extracting by manifest.
1915 silly tarball no local data for istanbul-lib-source-maps@https://registry.npmjs.org/istanbul-lib-source-maps/-/istanbul-lib-source-maps-4.0.1.tgz. Extracting by manifest.
1916 silly tarball no local data for istanbul-lib-report@https://registry.npmjs.org/istanbul-lib-report/-/istanbul-lib-report-3.0.0.tgz. Extracting by manifest.
1917 silly tarball no local data for istanbul-lib-instrument@https://registry.npmjs.org/istanbul-lib-instrument/-/istanbul-lib-instrument-5.1.0.tgz. Extracting by manifest.
1918 silly tarball no local data for istanbul-lib-coverage@https://registry.npmjs.org/istanbul-lib-coverage/-/istanbul-lib-coverage-3.2.0.tgz. Extracting by manifest.
1919 silly tarball no local data for isexe@https://registry.npmjs.org/isexe/-/isexe-2.0.0.tgz. Extracting by manifest.
1920 silly tarball no local data for isarray@https://registry.npmjs.org/isarray/-/isarray-1.0.0.tgz. Extracting by manifest.
1921 silly tarball no local data for is-wsl@https://registry.npmjs.org/is-wsl/-/is-wsl-2.2.0.tgz. Extracting by manifest.
1922 silly tarball no local data for is-weakset@https://registry.npmjs.org/is-weakset/-/is-weakset-2.0.2.tgz. Extracting by manifest.
1923 silly tarball no local data for is-weakref@https://registry.npmjs.org/is-weakref/-/is-weakref-1.0.2.tgz. Extracting by manifest.
1924 silly tarball no local data for is-weakmap@https://registry.npmjs.org/is-weakmap/-/is-weakmap-2.0.1.tgz. Extracting by manifest.
1925 silly tarball no local data for is-typedarray@https://registry.npmjs.org/is-typedarray/-/is-typedarray-1.0.0.tgz. Extracting by manifest.
1926 silly tarball no local data for is-typed-array@https://registry.npmjs.org/is-typed-array/-/is-typed-array-1.1.10.tgz. Extracting by manifest.
1927 silly tarball no local data for is-symbol@https://registry.npmjs.org/is-symbol/-/is-symbol-1.0.4.tgz. Extracting by manifest.
1928 silly tarball no local data for is-string@https://registry.npmjs.org/is-string/-/is-string-1.0.7.tgz. Extracting by manifest.
1929 silly tarball no local data for is-stream@https://registry.npmjs.org/is-stream/-/is-stream-2.0.1.tgz. Extracting by manifest.
1930 silly tarball no local data for is-shared-array-buffer@https://registry.npmjs.org/is-shared-array-buffer/-/is-shared-array-buffer-1.0.2.tgz. Extracting by manifest.
1931 silly tarball no local data for is-set@https://registry.npmjs.org/is-set/-/is-set-2.0.2.tgz. Extracting by manifest.
1932 silly tarball no local data for is-root@https://registry.npmjs.org/is-root/-/is-root-2.1.0.tgz. Extracting by manifest.
1933 silly tarball no local data for is-regexp@https://registry.npmjs.org/is-regexp/-/is-regexp-1.0.0.tgz. Extracting by manifest.
1934 silly tarball no local data for is-regex@https://registry.npmjs.org/is-regex/-/is-regex-1.1.4.tgz. Extracting by manifest.
1935 silly tarball no local data for is-potential-custom-element-name@https://registry.npmjs.org/is-potential-custom-element-name/-/is-potential-custom-element-name-1.0.1.tgz. Extracting by manifest.
1936 silly tarball no local data for is-plain-obj@https://registry.npmjs.org/is-plain-obj/-/is-plain-obj-3.0.0.tgz. Extracting by manifest.
1937 silly tarball no local data for is-path-inside@https://registry.npmjs.org/is-path-inside/-/is-path-inside-3.0.3.tgz. Extracting by manifest.
1938 silly tarball no local data for is-path-cwd@https://registry.npmjs.org/is-path-cwd/-/is-path-cwd-2.2.0.tgz. Extracting by manifest.
1939 silly tarball no local data for is-obj@https://registry.npmjs.org/is-obj/-/is-obj-1.0.1.tgz. Extracting by manifest.
1940 silly tarball no local data for is-number-object@https://registry.npmjs.org/is-number-object/-/is-number-object-1.0.7.tgz. Extracting by manifest.
1941 silly tarball no local data for is-number@https://registry.npmjs.org/is-number/-/is-number-7.0.0.tgz. Extracting by manifest.
1942 silly tarball no local data for is-negative-zero@https://registry.npmjs.org/is-negative-zero/-/is-negative-zero-2.0.2.tgz. Extracting by manifest.
1943 silly tarball no local data for is-module@https://registry.npmjs.org/is-module/-/is-module-1.0.0.tgz. Extracting by manifest.
1944 silly tarball no local data for is-map@https://registry.npmjs.org/is-map/-/is-map-2.0.2.tgz. Extracting by manifest.
1945 silly tarball no local data for is-in-browser@https://registry.npmjs.org/is-in-browser/-/is-in-browser-1.1.3.tgz. Extracting by manifest.
1946 silly tarball no local data for is-glob@https://registry.npmjs.org/is-glob/-/is-glob-4.0.3.tgz. Extracting by manifest.
1947 silly tarball no local data for is-generator-fn@https://registry.npmjs.org/is-generator-fn/-/is-generator-fn-2.1.0.tgz. Extracting by manifest.
1948 silly tarball no local data for is-extglob@https://registry.npmjs.org/is-extglob/-/is-extglob-2.1.1.tgz. Extracting by manifest.
1949 silly tarball no local data for is-docker@https://registry.npmjs.org/is-docker/-/is-docker-2.2.1.tgz. Extracting by manifest.
1950 silly tarball no local data for is-date-object@https://registry.npmjs.org/is-date-object/-/is-date-object-1.0.5.tgz. Extracting by manifest.
1951 silly tarball no local data for is-core-module@https://registry.npmjs.org/is-core-module/-/is-core-module-2.11.0.tgz. Extracting by manifest.
1952 silly tarball no local data for is-callable@https://registry.npmjs.org/is-callable/-/is-callable-1.2.7.tgz. Extracting by manifest.
1953 silly tarball no local data for is-boolean-object@https://registry.npmjs.org/is-boolean-object/-/is-boolean-object-1.1.2.tgz. Extracting by manifest.
1954 silly tarball no local data for is-binary-path@https://registry.npmjs.org/is-binary-path/-/is-binary-path-2.1.0.tgz. Extracting by manifest.
1955 silly tarball no local data for is-bigint@https://registry.npmjs.org/is-bigint/-/is-bigint-1.0.4.tgz. Extracting by manifest.
1956 silly tarball no local data for is-arrayish@https://registry.npmjs.org/is-arrayish/-/is-arrayish-0.2.1.tgz. Extracting by manifest.
1957 silly tarball no local data for is-array-buffer@https://registry.npmjs.org/is-array-buffer/-/is-array-buffer-3.0.2.tgz. Extracting by manifest.
1958 silly tarball no local data for is-arguments@https://registry.npmjs.org/is-arguments/-/is-arguments-1.1.1.tgz. Extracting by manifest.
1959 silly tarball no local data for internal-slot@https://registry.npmjs.org/internal-slot/-/internal-slot-1.0.5.tgz. Extracting by manifest.
1960 silly tarball no local data for ip@https://registry.npmjs.org/ip/-/ip-1.1.5.tgz. Extracting by manifest.
1961 silly tarball no local data for ini@https://registry.npmjs.org/ini/-/ini-1.3.8.tgz. Extracting by manifest.
1962 silly tarball no local data for inflight@https://registry.npmjs.org/inflight/-/inflight-1.0.6.tgz. Extracting by manifest.
1963 silly tarball no local data for indent-string@https://registry.npmjs.org/indent-string/-/indent-string-4.0.0.tgz. Extracting by manifest.
1964 silly tarball no local data for imurmurhash@https://registry.npmjs.org/imurmurhash/-/imurmurhash-0.1.4.tgz. Extracting by manifest.
1965 silly tarball no local data for import-local@https://registry.npmjs.org/import-local/-/import-local-3.1.0.tgz. Extracting by manifest.
1966 silly tarball no local data for immer@https://registry.npmjs.org/immer/-/immer-9.0.19.tgz. Extracting by manifest.
1967 silly tarball no local data for import-fresh@https://registry.npmjs.org/import-fresh/-/import-fresh-3.3.0.tgz. Extracting by manifest.
1968 silly tarball no local data for identity-obj-proxy@https://registry.npmjs.org/identity-obj-proxy/-/identity-obj-proxy-3.0.0.tgz. Extracting by manifest.
1969 silly tarball no local data for ignore@https://registry.npmjs.org/ignore/-/ignore-5.2.0.tgz. Extracting by manifest.
1970 silly tarball no local data for idb@https://registry.npmjs.org/idb/-/idb-6.1.5.tgz. Extracting by manifest.
1971 silly tarball no local data for icss-utils@https://registry.npmjs.org/icss-utils/-/icss-utils-5.1.0.tgz. Extracting by manifest.
1972 silly tarball no local data for hyphenate-style-name@https://registry.npmjs.org/hyphenate-style-name/-/hyphenate-style-name-1.0.4.tgz. Extracting by manifest.
1973 silly tarball no local data for human-signals@https://registry.npmjs.org/human-signals/-/human-signals-2.1.0.tgz. Extracting by manifest.
1974 silly tarball no local data for https-proxy-agent@https://registry.npmjs.org/https-proxy-agent/-/https-proxy-agent-5.0.0.tgz. Extracting by manifest.
1975 silly tarball no local data for http-proxy-middleware@https://registry.npmjs.org/http-proxy-middleware/-/http-proxy-middleware-2.0.2.tgz. Extracting by manifest.
1976 silly tarball no local data for http-proxy-agent@https://registry.npmjs.org/http-proxy-agent/-/http-proxy-agent-4.0.1.tgz. Extracting by manifest.
1977 silly tarball no local data for http-parser-js@https://registry.npmjs.org/http-parser-js/-/http-parser-js-0.5.5.tgz. Extracting by manifest.
1978 silly tarball no local data for http-proxy@https://registry.npmjs.org/http-proxy/-/http-proxy-1.18.1.tgz. Extracting by manifest.
1979 silly tarball no local data for http-deceiver@https://registry.npmjs.org/http-deceiver/-/http-deceiver-1.2.7.tgz. Extracting by manifest.
1980 silly tarball no local data for htmlparser2@https://registry.npmjs.org/htmlparser2/-/htmlparser2-6.1.0.tgz. Extracting by manifest.
1981 silly tarball no local data for html-webpack-plugin@https://registry.npmjs.org/html-webpack-plugin/-/html-webpack-plugin-5.5.0.tgz. Extracting by manifest.
1982 silly tarball no local data for html-minifier-terser@https://registry.npmjs.org/html-minifier-terser/-/html-minifier-terser-6.1.0.tgz. Extracting by manifest.
1983 silly tarball no local data for html-escaper@https://registry.npmjs.org/html-escaper/-/html-escaper-2.0.2.tgz. Extracting by manifest.
1984 silly tarball no local data for html-entities@https://registry.npmjs.org/html-entities/-/html-entities-2.3.2.tgz. Extracting by manifest.
1985 silly tarball no local data for html-encoding-sniffer@https://registry.npmjs.org/html-encoding-sniffer/-/html-encoding-sniffer-2.0.1.tgz. Extracting by manifest.
1986 silly tarball no local data for hpack.js@https://registry.npmjs.org/hpack.js/-/hpack.js-2.1.6.tgz. Extracting by manifest.
1987 silly tarball no local data for hoopy@https://registry.npmjs.org/hoopy/-/hoopy-0.1.4.tgz. Extracting by manifest.
1988 silly tarball no local data for hoist-non-react-statics@https://registry.npmjs.org/hoist-non-react-statics/-/hoist-non-react-statics-3.3.2.tgz. Extracting by manifest.
1989 silly tarball no local data for history@https://registry.npmjs.org/history/-/history-4.10.1.tgz. Extracting by manifest.
1990 silly tarball no local data for he@https://registry.npmjs.org/he/-/he-1.2.0.tgz. Extracting by manifest.
1991 silly tarball no local data for has-tostringtag@https://registry.npmjs.org/has-tostringtag/-/has-tostringtag-1.0.0.tgz. Extracting by manifest.
1992 silly tarball no local data for has-proto@https://registry.npmjs.org/has-proto/-/has-proto-1.0.1.tgz. Extracting by manifest.
1993 silly tarball no local data for has-flag@https://registry.npmjs.org/has-flag/-/has-flag-3.0.0.tgz. Extracting by manifest.
1994 silly tarball no local data for has-bigints@https://registry.npmjs.org/has-bigints/-/has-bigints-1.0.2.tgz. Extracting by manifest.
1995 silly tarball no local data for has@https://registry.npmjs.org/has/-/has-1.0.3.tgz. Extracting by manifest.
1996 silly tarball no local data for harmony-reflect@https://registry.npmjs.org/harmony-reflect/-/harmony-reflect-1.6.1.tgz. Extracting by manifest.
1997 silly tarball no local data for handle-thing@https://registry.npmjs.org/handle-thing/-/handle-thing-2.0.1.tgz. Extracting by manifest.
1998 silly tarball no local data for gzip-size@https://registry.npmjs.org/gzip-size/-/gzip-size-6.0.0.tgz. Extracting by manifest.
1999 silly tarball no local data for grapheme-splitter@https://registry.npmjs.org/grapheme-splitter/-/grapheme-splitter-1.0.4.tgz. Extracting by manifest.
2000 silly tarball no local data for graceful-fs@https://registry.npmjs.org/graceful-fs/-/graceful-fs-4.2.11.tgz. Extracting by manifest.
2001 silly tarball no local data for globby@https://registry.npmjs.org/globby/-/globby-11.1.0.tgz. Extracting by manifest.
2002 silly tarball no local data for globalthis@https://registry.npmjs.org/globalthis/-/globalthis-1.0.3.tgz. Extracting by manifest.
2003 silly tarball no local data for globals@https://registry.npmjs.org/globals/-/globals-11.12.0.tgz. Extracting by manifest.
2004 silly tarball no local data for global-prefix@https://registry.npmjs.org/global-prefix/-/global-prefix-3.0.0.tgz. Extracting by manifest.
2005 silly tarball no local data for global-modules@https://registry.npmjs.org/global-modules/-/global-modules-2.0.0.tgz. Extracting by manifest.
2006 silly tarball no local data for glob-to-regexp@https://registry.npmjs.org/glob-to-regexp/-/glob-to-regexp-0.4.1.tgz. Extracting by manifest.
2007 silly tarball no local data for glob-parent@https://registry.npmjs.org/glob-parent/-/glob-parent-6.0.2.tgz. Extracting by manifest.
2008 silly tarball no local data for glob@https://registry.npmjs.org/glob/-/glob-7.2.0.tgz. Extracting by manifest.
2009 silly tarball no local data for get-symbol-description@https://registry.npmjs.org/get-symbol-description/-/get-symbol-description-1.0.0.tgz. Extracting by manifest.
2010 silly tarball no local data for get-stream@https://registry.npmjs.org/get-stream/-/get-stream-6.0.1.tgz. Extracting by manifest.
2011 silly tarball no local data for get-package-type@https://registry.npmjs.org/get-package-type/-/get-package-type-0.1.0.tgz. Extracting by manifest.
2012 silly tarball no local data for get-own-enumerable-property-symbols@https://registry.npmjs.org/get-own-enumerable-property-symbols/-/get-own-enumerable-property-symbols-3.0.2.tgz. Extracting by manifest.
2013 silly tarball no local data for gensync@https://registry.npmjs.org/gensync/-/gensync-1.0.0-beta.2.tgz. Extracting by manifest.
2014 silly tarball no local data for functions-have-names@https://registry.npmjs.org/functions-have-names/-/functions-have-names-1.2.3.tgz. Extracting by manifest.
2015 silly tarball no local data for functional-red-black-tree@https://registry.npmjs.org/functional-red-black-tree/-/functional-red-black-tree-1.0.1.tgz. Extracting by manifest.
2016 silly tarball no local data for function.prototype.name@https://registry.npmjs.org/function.prototype.name/-/function.prototype.name-1.1.5.tgz. Extracting by manifest.
2017 silly tarball no local data for fs.realpath@https://registry.npmjs.org/fs.realpath/-/fs.realpath-1.0.0.tgz. Extracting by manifest.
2018 silly tarball no local data for fs-monkey@https://registry.npmjs.org/fs-monkey/-/fs-monkey-1.0.5.tgz. Extracting by manifest.
2019 silly tarball no local data for fs-extra@https://registry.npmjs.org/fs-extra/-/fs-extra-10.0.0.tgz. Extracting by manifest.
2020 silly tarball no local data for fraction.js@https://registry.npmjs.org/fraction.js/-/fraction.js-4.1.2.tgz. Extracting by manifest.
2021 silly tarball no local data for form-data@https://registry.npmjs.org/form-data/-/form-data-3.0.1.tgz. Extracting by manifest.
2022 silly tarball no local data for fork-ts-checker-webpack-plugin@https://registry.npmjs.org/fork-ts-checker-webpack-plugin/-/fork-ts-checker-webpack-plugin-6.5.3.tgz. Extracting by manifest.
2023 silly tarball no local data for for-each@https://registry.npmjs.org/for-each/-/for-each-0.3.3.tgz. Extracting by manifest.
2024 silly tarball no local data for follow-redirects@https://registry.npmjs.org/follow-redirects/-/follow-redirects-1.14.8.tgz. Extracting by manifest.
2025 silly tarball no local data for flatted@https://registry.npmjs.org/flatted/-/flatted-3.2.4.tgz. Extracting by manifest.
2026 silly tarball no local data for flat-cache@https://registry.npmjs.org/flat-cache/-/flat-cache-3.0.4.tgz. Extracting by manifest.
2027 silly tarball no local data for find-up@https://registry.npmjs.org/find-up/-/find-up-5.0.0.tgz. Extracting by manifest.
2028 silly tarball no local data for find-root@https://registry.npmjs.org/find-root/-/find-root-1.1.0.tgz. Extracting by manifest.
2029 silly tarball no local data for find-cache-dir@https://registry.npmjs.org/find-cache-dir/-/find-cache-dir-3.3.2.tgz. Extracting by manifest.
2030 silly tarball no local data for fill-range@https://registry.npmjs.org/fill-range/-/fill-range-7.1.1.tgz. Extracting by manifest.
2031 silly tarball no local data for filesize@https://registry.npmjs.org/filesize/-/filesize-8.0.7.tgz. Extracting by manifest.
2032 silly tarball no local data for filelist@https://registry.npmjs.org/filelist/-/filelist-1.0.4.tgz. Extracting by manifest.
2033 silly tarball no local data for file-loader@https://registry.npmjs.org/file-loader/-/file-loader-6.2.0.tgz. Extracting by manifest.
2034 silly tarball no local data for file-entry-cache@https://registry.npmjs.org/file-entry-cache/-/file-entry-cache-6.0.1.tgz. Extracting by manifest.
2035 silly tarball no local data for fb-watchman@https://registry.npmjs.org/fb-watchman/-/fb-watchman-2.0.1.tgz. Extracting by manifest.
2036 silly tarball no local data for faye-websocket@https://registry.npmjs.org/faye-websocket/-/faye-websocket-0.11.4.tgz. Extracting by manifest.
2037 silly tarball no local data for fastq@https://registry.npmjs.org/fastq/-/fastq-1.13.0.tgz. Extracting by manifest.
2038 silly tarball no local data for fast-levenshtein@https://registry.npmjs.org/fast-levenshtein/-/fast-levenshtein-2.0.6.tgz. Extracting by manifest.
2039 silly tarball no local data for fast-json-stable-stringify@https://registry.npmjs.org/fast-json-stable-stringify/-/fast-json-stable-stringify-2.1.0.tgz. Extracting by manifest.
2040 silly tarball no local data for fast-glob@https://registry.npmjs.org/fast-glob/-/fast-glob-3.2.11.tgz. Extracting by manifest.
2041 silly tarball no local data for fast-deep-equal@https://registry.npmjs.org/fast-deep-equal/-/fast-deep-equal-3.1.3.tgz. Extracting by manifest.
2042 silly tarball no local data for express@https://registry.npmjs.org/express/-/express-4.21.0.tgz. Extracting by manifest.
2043 silly tarball no local data for expect@https://registry.npmjs.org/expect/-/expect-27.4.6.tgz. Extracting by manifest.
2044 silly tarball no local data for exit@https://registry.npmjs.org/exit/-/exit-0.1.2.tgz. Extracting by manifest.
2045 silly tarball no local data for execa@https://registry.npmjs.org/execa/-/execa-5.1.1.tgz. Extracting by manifest.
2046 silly tarball no local data for events@https://registry.npmjs.org/events/-/events-3.3.0.tgz. Extracting by manifest.
2047 silly tarball no local data for eventemitter3@https://registry.npmjs.org/eventemitter3/-/eventemitter3-4.0.7.tgz. Extracting by manifest.
2048 silly tarball no local data for esutils@https://registry.npmjs.org/esutils/-/esutils-2.0.3.tgz. Extracting by manifest.
2049 silly tarball no local data for estree-walker@https://registry.npmjs.org/estree-walker/-/estree-walker-1.0.1.tgz. Extracting by manifest.
2050 silly tarball no local data for estraverse@https://registry.npmjs.org/estraverse/-/estraverse-5.3.0.tgz. Extracting by manifest.
2051 silly tarball no local data for esrecurse@https://registry.npmjs.org/esrecurse/-/esrecurse-4.3.0.tgz. Extracting by manifest.
2052 silly tarball no local data for esquery@https://registry.npmjs.org/esquery/-/esquery-1.4.0.tgz. Extracting by manifest.
2053 silly tarball no local data for esprima@https://registry.npmjs.org/esprima/-/esprima-4.0.1.tgz. Extracting by manifest.
2054 silly tarball no local data for espree@https://registry.npmjs.org/espree/-/espree-9.3.0.tgz. Extracting by manifest.
2055 silly tarball no local data for eslint-webpack-plugin@https://registry.npmjs.org/eslint-webpack-plugin/-/eslint-webpack-plugin-3.1.1.tgz. Extracting by manifest.
2056 silly tarball no local data for eslint-visitor-keys@https://registry.npmjs.org/eslint-visitor-keys/-/eslint-visitor-keys-3.3.0.tgz. Extracting by manifest.
2057 silly tarball no local data for eslint-utils@https://registry.npmjs.org/eslint-utils/-/eslint-utils-3.0.0.tgz. Extracting by manifest.
2058 silly tarball no local data for eslint-scope@https://registry.npmjs.org/eslint-scope/-/eslint-scope-7.1.0.tgz. Extracting by manifest.
2059 silly tarball no local data for eslint-plugin-testing-library@https://registry.npmjs.org/eslint-plugin-testing-library/-/eslint-plugin-testing-library-5.10.2.tgz. Extracting by manifest.
2060 silly tarball no local data for eslint-plugin-react-hooks@https://registry.npmjs.org/eslint-plugin-react-hooks/-/eslint-plugin-react-hooks-4.6.0.tgz. Extracting by manifest.
2061 silly tarball no local data for eslint-plugin-react@https://registry.npmjs.org/eslint-plugin-react/-/eslint-plugin-react-7.32.2.tgz. Extracting by manifest.
2062 silly tarball no local data for eslint-plugin-jsx-a11y@https://registry.npmjs.org/eslint-plugin-jsx-a11y/-/eslint-plugin-jsx-a11y-6.7.1.tgz. Extracting by manifest.
2063 silly tarball no local data for eslint-plugin-jest@https://registry.npmjs.org/eslint-plugin-jest/-/eslint-plugin-jest-25.7.0.tgz. Extracting by manifest.
2064 silly tarball no local data for eslint-plugin-import@https://registry.npmjs.org/eslint-plugin-import/-/eslint-plugin-import-2.27.5.tgz. Extracting by manifest.
2065 silly tarball no local data for eslint-plugin-flowtype@https://registry.npmjs.org/eslint-plugin-flowtype/-/eslint-plugin-flowtype-8.0.3.tgz. Extracting by manifest.
2066 silly tarball no local data for eslint-module-utils@https://registry.npmjs.org/eslint-module-utils/-/eslint-module-utils-2.7.4.tgz. Extracting by manifest.
2067 silly tarball no local data for eslint-import-resolver-node@https://registry.npmjs.org/eslint-import-resolver-node/-/eslint-import-resolver-node-0.3.7.tgz. Extracting by manifest.
2068 silly tarball no local data for eslint-config-react-app@https://registry.npmjs.org/eslint-config-react-app/-/eslint-config-react-app-7.0.1.tgz. Extracting by manifest.
2069 silly tarball no local data for eslint@https://registry.npmjs.org/eslint/-/eslint-8.7.0.tgz. Extracting by manifest.
2070 silly tarball no local data for escodegen@https://registry.npmjs.org/escodegen/-/escodegen-2.0.0.tgz. Extracting by manifest.
2071 silly tarball no local data for escape-string-regexp@https://registry.npmjs.org/escape-string-regexp/-/escape-string-regexp-1.0.5.tgz. Extracting by manifest.
2072 silly tarball no local data for escape-html@https://registry.npmjs.org/escape-html/-/escape-html-1.0.3.tgz. Extracting by manifest.
2073 silly tarball no local data for escalade@https://registry.npmjs.org/escalade/-/escalade-3.2.0.tgz. Extracting by manifest.
2074 silly tarball no local data for es-to-primitive@https://registry.npmjs.org/es-to-primitive/-/es-to-primitive-1.2.1.tgz. Extracting by manifest.
2075 silly tarball no local data for es-shim-unscopables@https://registry.npmjs.org/es-shim-unscopables/-/es-shim-unscopables-1.0.0.tgz. Extracting by manifest.
2076 silly tarball no local data for es-set-tostringtag@https://registry.npmjs.org/es-set-tostringtag/-/es-set-tostringtag-2.0.1.tgz. Extracting by manifest.
2077 silly tarball no local data for es-module-lexer@https://registry.npmjs.org/es-module-lexer/-/es-module-lexer-1.5.4.tgz. Extracting by manifest.
2078 silly tarball no local data for es-get-iterator@https://registry.npmjs.org/es-get-iterator/-/es-get-iterator-1.1.3.tgz. Extracting by manifest.
2079 silly tarball no local data for es-abstract@https://registry.npmjs.org/es-abstract/-/es-abstract-1.21.2.tgz. Extracting by manifest.
2080 silly tarball no local data for error-stack-parser@https://registry.npmjs.org/error-stack-parser/-/error-stack-parser-2.0.6.tgz. Extracting by manifest.
2081 silly tarball no local data for error-ex@https://registry.npmjs.org/error-ex/-/error-ex-1.3.2.tgz. Extracting by manifest.
2082 silly tarball no local data for env-cmd@https://registry.npmjs.org/env-cmd/-/env-cmd-10.1.0.tgz. Extracting by manifest.
2083 silly tarball no local data for entities@https://registry.npmjs.org/entities/-/entities-2.2.0.tgz. Extracting by manifest.
2084 silly tarball no local data for enhanced-resolve@https://registry.npmjs.org/enhanced-resolve/-/enhanced-resolve-5.17.1.tgz. Extracting by manifest.
2085 silly tarball no local data for emojis-list@https://registry.npmjs.org/emojis-list/-/emojis-list-3.0.0.tgz. Extracting by manifest.
2086 silly tarball no local data for emoji-regex@https://registry.npmjs.org/emoji-regex/-/emoji-regex-9.2.2.tgz. Extracting by manifest.
2087 silly tarball no local data for emittery@https://registry.npmjs.org/emittery/-/emittery-0.8.1.tgz. Extracting by manifest.
2088 silly tarball no local data for electron-to-chromium@https://registry.npmjs.org/electron-to-chromium/-/electron-to-chromium-1.5.13.tgz. Extracting by manifest.
2089 silly tarball no local data for ejs@https://registry.npmjs.org/ejs/-/ejs-3.1.10.tgz. Extracting by manifest.
2090 silly tarball no local data for duplexer@https://registry.npmjs.org/duplexer/-/duplexer-0.1.2.tgz. Extracting by manifest.
2091 silly tarball no local data for dotenv-expand@https://registry.npmjs.org/dotenv-expand/-/dotenv-expand-5.1.0.tgz. Extracting by manifest.
2092 silly tarball no local data for dotenv@https://registry.npmjs.org/dotenv/-/dotenv-10.0.0.tgz. Extracting by manifest.
2093 silly tarball no local data for dot-case@https://registry.npmjs.org/dot-case/-/dot-case-3.0.4.tgz. Extracting by manifest.
2094 silly tarball no local data for domutils@https://registry.npmjs.org/domutils/-/domutils-2.8.0.tgz. Extracting by manifest.
2095 silly tarball no local data for domhandler@https://registry.npmjs.org/domhandler/-/domhandler-4.3.0.tgz. Extracting by manifest.
2096 silly tarball no local data for domexception@https://registry.npmjs.org/domexception/-/domexception-2.0.1.tgz. Extracting by manifest.
2097 silly tarball no local data for domelementtype@https://registry.npmjs.org/domelementtype/-/domelementtype-2.2.0.tgz. Extracting by manifest.
2098 silly tarball no local data for dom-serializer@https://registry.npmjs.org/dom-serializer/-/dom-serializer-1.3.2.tgz. Extracting by manifest.
2099 silly tarball no local data for dom-helpers@https://registry.npmjs.org/dom-helpers/-/dom-helpers-5.2.1.tgz. Extracting by manifest.
2100 silly tarball no local data for dom-converter@https://registry.npmjs.org/dom-converter/-/dom-converter-0.2.0.tgz. Extracting by manifest.
2101 silly tarball no local data for doctrine@https://registry.npmjs.org/doctrine/-/doctrine-3.0.0.tgz. Extracting by manifest.
2102 silly tarball no local data for dns-txt@https://registry.npmjs.org/dns-txt/-/dns-txt-2.0.2.tgz. Extracting by manifest.
2103 silly tarball no local data for dns-packet@https://registry.npmjs.org/dns-packet/-/dns-packet-1.3.4.tgz. Extracting by manifest.
2104 silly tarball no local data for dns-equal@https://registry.npmjs.org/dns-equal/-/dns-equal-1.0.0.tgz. Extracting by manifest.
2105 silly tarball no local data for dlv@https://registry.npmjs.org/dlv/-/dlv-1.1.3.tgz. Extracting by manifest.
2106 silly tarball no local data for dir-glob@https://registry.npmjs.org/dir-glob/-/dir-glob-3.0.1.tgz. Extracting by manifest.
2107 silly tarball no local data for diff-sequences@https://registry.npmjs.org/diff-sequences/-/diff-sequences-27.4.0.tgz. Extracting by manifest.
2108 silly tarball no local data for didyoumean@https://registry.npmjs.org/didyoumean/-/didyoumean-1.2.2.tgz. Extracting by manifest.
2109 silly tarball no local data for detective@https://registry.npmjs.org/detective/-/detective-5.2.0.tgz. Extracting by manifest.
2110 silly tarball no local data for detect-port-alt@https://registry.npmjs.org/detect-port-alt/-/detect-port-alt-1.1.6.tgz. Extracting by manifest.
2111 silly tarball no local data for detect-node@https://registry.npmjs.org/detect-node/-/detect-node-2.1.0.tgz. Extracting by manifest.
2112 silly tarball no local data for detect-newline@https://registry.npmjs.org/detect-newline/-/detect-newline-3.1.0.tgz. Extracting by manifest.
2113 silly tarball no local data for depd@https://registry.npmjs.org/depd/-/depd-1.1.2.tgz. Extracting by manifest.
2114 silly tarball no local data for delayed-stream@https://registry.npmjs.org/delayed-stream/-/delayed-stream-1.0.0.tgz. Extracting by manifest.
2115 silly tarball no local data for del@https://registry.npmjs.org/del/-/del-6.0.0.tgz. Extracting by manifest.
2116 silly tarball no local data for defined@https://registry.npmjs.org/defined/-/defined-1.0.0.tgz. Extracting by manifest.
2117 silly tarball no local data for define-properties@https://registry.npmjs.org/define-properties/-/define-properties-1.2.0.tgz. Extracting by manifest.
2118 silly tarball no local data for define-lazy-prop@https://registry.npmjs.org/define-lazy-prop/-/define-lazy-prop-2.0.0.tgz. Extracting by manifest.
2119 silly tarball no local data for default-gateway@https://registry.npmjs.org/default-gateway/-/default-gateway-6.0.3.tgz. Extracting by manifest.
2120 silly tarball no local data for deepmerge@https://registry.npmjs.org/deepmerge/-/deepmerge-4.2.2.tgz. Extracting by manifest.
2121 silly tarball no local data for deep-is@https://registry.npmjs.org/deep-is/-/deep-is-0.1.4.tgz. Extracting by manifest.
2122 silly tarball no local data for deep-equal@https://registry.npmjs.org/deep-equal/-/deep-equal-1.1.1.tgz. Extracting by manifest.
2123 silly tarball no local data for dedent@https://registry.npmjs.org/dedent/-/dedent-0.7.0.tgz. Extracting by manifest.
2124 silly tarball no local data for decimal.js@https://registry.npmjs.org/decimal.js/-/decimal.js-10.3.1.tgz. Extracting by manifest.
2125 silly tarball no local data for debug@https://registry.npmjs.org/debug/-/debug-4.3.3.tgz. Extracting by manifest.
2126 silly tarball no local data for data-urls@https://registry.npmjs.org/data-urls/-/data-urls-2.0.0.tgz. Extracting by manifest.
2127 silly tarball no local data for damerau-levenshtein@https://registry.npmjs.org/damerau-levenshtein/-/damerau-levenshtein-1.0.8.tgz. Extracting by manifest.
2128 silly tarball no local data for csstype@https://registry.npmjs.org/csstype/-/csstype-3.0.10.tgz. Extracting by manifest.
2129 silly tarball no local data for cssstyle@https://registry.npmjs.org/cssstyle/-/cssstyle-2.3.0.tgz. Extracting by manifest.
2130 silly tarball no local data for cssom@https://registry.npmjs.org/cssom/-/cssom-0.4.4.tgz. Extracting by manifest.
2131 silly tarball no local data for csso@https://registry.npmjs.org/csso/-/csso-4.2.0.tgz. Extracting by manifest.
2132 silly tarball no local data for cssnano-utils@https://registry.npmjs.org/cssnano-utils/-/cssnano-utils-3.0.1.tgz. Extracting by manifest.
2133 silly tarball no local data for cssnano-preset-default@https://registry.npmjs.org/cssnano-preset-default/-/cssnano-preset-default-5.1.11.tgz. Extracting by manifest.
2134 silly tarball no local data for cssnano@https://registry.npmjs.org/cssnano/-/cssnano-5.0.16.tgz. Extracting by manifest.
2135 silly tarball no local data for cssesc@https://registry.npmjs.org/cssesc/-/cssesc-3.0.0.tgz. Extracting by manifest.
2136 silly tarball no local data for cssdb@https://registry.npmjs.org/cssdb/-/cssdb-5.1.0.tgz. Extracting by manifest.
2137 silly tarball no local data for css-what@https://registry.npmjs.org/css-what/-/css-what-5.1.0.tgz. Extracting by manifest.
2138 silly tarball no local data for css-vendor@https://registry.npmjs.org/css-vendor/-/css-vendor-2.0.8.tgz. Extracting by manifest.
2139 silly tarball no local data for css-tree@https://registry.npmjs.org/css-tree/-/css-tree-1.0.0-alpha.37.tgz. Extracting by manifest.
2140 silly tarball no local data for css-select-base-adapter@https://registry.npmjs.org/css-select-base-adapter/-/css-select-base-adapter-0.1.1.tgz. Extracting by manifest.
2141 silly tarball no local data for css-select@https://registry.npmjs.org/css-select/-/css-select-4.2.1.tgz. Extracting by manifest.
2142 silly tarball no local data for css-prefers-color-scheme@https://registry.npmjs.org/css-prefers-color-scheme/-/css-prefers-color-scheme-6.0.2.tgz. Extracting by manifest.
2143 silly tarball no local data for css-minimizer-webpack-plugin@https://registry.npmjs.org/css-minimizer-webpack-plugin/-/css-minimizer-webpack-plugin-3.4.1.tgz. Extracting by manifest.
2144 silly tarball no local data for css-loader@https://registry.npmjs.org/css-loader/-/css-loader-6.5.1.tgz. Extracting by manifest.
2145 silly tarball no local data for css-has-pseudo@https://registry.npmjs.org/css-has-pseudo/-/css-has-pseudo-3.0.3.tgz. Extracting by manifest.
2146 silly tarball no local data for css-declaration-sorter@https://registry.npmjs.org/css-declaration-sorter/-/css-declaration-sorter-6.1.4.tgz. Extracting by manifest.
2147 silly tarball no local data for css-blank-pseudo@https://registry.npmjs.org/css-blank-pseudo/-/css-blank-pseudo-3.0.2.tgz. Extracting by manifest.
2148 silly tarball no local data for crypto-random-string@https://registry.npmjs.org/crypto-random-string/-/crypto-random-string-2.0.0.tgz. Extracting by manifest.
2149 silly tarball no local data for cross-spawn@https://registry.npmjs.org/cross-spawn/-/cross-spawn-7.0.3.tgz. Extracting by manifest.
2150 silly tarball no local data for cosmiconfig@https://registry.npmjs.org/cosmiconfig/-/cosmiconfig-7.0.1.tgz. Extracting by manifest.
2151 silly tarball no local data for core-util-is@https://registry.npmjs.org/core-util-is/-/core-util-is-1.0.3.tgz. Extracting by manifest.
2152 silly tarball no local data for core-js-pure@https://registry.npmjs.org/core-js-pure/-/core-js-pure-3.20.3.tgz. Extracting by manifest.
2153 silly tarball no local data for core-js-compat@https://registry.npmjs.org/core-js-compat/-/core-js-compat-3.29.1.tgz. Extracting by manifest.
2154 silly tarball no local data for core-js@https://registry.npmjs.org/core-js/-/core-js-3.20.3.tgz. Extracting by manifest.
2155 silly tarball no local data for convert-source-map@https://registry.npmjs.org/convert-source-map/-/convert-source-map-1.8.0.tgz. Extracting by manifest.
2156 silly tarball no local data for connect-history-api-fallback@https://registry.npmjs.org/connect-history-api-fallback/-/connect-history-api-fallback-1.6.0.tgz. Extracting by manifest.
2157 silly tarball no local data for confusing-browser-globals@https://registry.npmjs.org/confusing-browser-globals/-/confusing-browser-globals-1.0.11.tgz. Extracting by manifest.
2158 silly tarball no local data for concat-map@https://registry.npmjs.org/concat-map/-/concat-map-0.0.1.tgz. Extracting by manifest.
2159 silly tarball no local data for compression@https://registry.npmjs.org/compression/-/compression-1.7.4.tgz. Extracting by manifest.
2160 silly tarball no local data for compressible@https://registry.npmjs.org/compressible/-/compressible-2.0.18.tgz. Extracting by manifest.
2161 silly tarball no local data for commondir@https://registry.npmjs.org/commondir/-/commondir-1.0.1.tgz. Extracting by manifest.
2162 silly tarball no local data for common-tags@https://registry.npmjs.org/common-tags/-/common-tags-1.8.2.tgz. Extracting by manifest.
2163 silly tarball no local data for common-path-prefix@https://registry.npmjs.org/common-path-prefix/-/common-path-prefix-3.0.0.tgz. Extracting by manifest.
2164 silly tarball no local data for commander@https://registry.npmjs.org/commander/-/commander-2.20.0.tgz. Extracting by manifest.
2165 silly tarball no local data for combined-stream@https://registry.npmjs.org/combined-stream/-/combined-stream-1.0.8.tgz. Extracting by manifest.
2166 silly tarball no local data for colorette@https://registry.npmjs.org/colorette/-/colorette-2.0.16.tgz. Extracting by manifest.
2167 silly tarball no local data for colord@https://registry.npmjs.org/colord/-/colord-2.9.2.tgz. Extracting by manifest.
2168 silly tarball no local data for color-name@https://registry.npmjs.org/color-name/-/color-name-1.1.3.tgz. Extracting by manifest.
2169 silly tarball no local data for color-convert@https://registry.npmjs.org/color-convert/-/color-convert-1.9.3.tgz. Extracting by manifest.
2170 silly tarball no local data for collect-v8-coverage@https://registry.npmjs.org/collect-v8-coverage/-/collect-v8-coverage-1.0.1.tgz. Extracting by manifest.
2171 silly tarball no local data for coa@https://registry.npmjs.org/coa/-/coa-2.0.2.tgz. Extracting by manifest.
2172 silly tarball no local data for co@https://registry.npmjs.org/co/-/co-4.6.0.tgz. Extracting by manifest.
2173 silly tarball no local data for clsx@https://registry.npmjs.org/clsx/-/clsx-1.1.1.tgz. Extracting by manifest.
2174 silly tarball no local data for clean-stack@https://registry.npmjs.org/clean-stack/-/clean-stack-2.2.0.tgz. Extracting by manifest.
2175 silly tarball no local data for clean-css@https://registry.npmjs.org/clean-css/-/clean-css-5.2.2.tgz. Extracting by manifest.
2176 silly tarball no local data for cjs-module-lexer@https://registry.npmjs.org/cjs-module-lexer/-/cjs-module-lexer-1.2.2.tgz. Extracting by manifest.
2177 silly tarball no local data for ci-info@https://registry.npmjs.org/ci-info/-/ci-info-3.3.0.tgz. Extracting by manifest.
2178 silly tarball no local data for cliui@https://registry.npmjs.org/cliui/-/cliui-7.0.4.tgz. Extracting by manifest.
2179 silly tarball no local data for chrome-trace-event@https://registry.npmjs.org/chrome-trace-event/-/chrome-trace-event-1.0.3.tgz. Extracting by manifest.
2180 silly tarball no local data for chokidar@https://registry.npmjs.org/chokidar/-/chokidar-3.5.3.tgz. Extracting by manifest.
2181 silly tarball no local data for check-types@https://registry.npmjs.org/check-types/-/check-types-11.1.2.tgz. Extracting by manifest.
2182 silly tarball no local data for char-regex@https://registry.npmjs.org/char-regex/-/char-regex-1.0.2.tgz. Extracting by manifest.
2183 silly tarball no local data for chalk@https://registry.npmjs.org/chalk/-/chalk-2.4.2.tgz. Extracting by manifest.
2184 silly tarball no local data for case-sensitive-paths-webpack-plugin@https://registry.npmjs.org/case-sensitive-paths-webpack-plugin/-/case-sensitive-paths-webpack-plugin-2.4.0.tgz. Extracting by manifest.
2185 silly tarball no local data for caniuse-lite@https://registry.npmjs.org/caniuse-lite/-/caniuse-lite-1.0.30001655.tgz. Extracting by manifest.
2186 silly tarball no local data for caniuse-api@https://registry.npmjs.org/caniuse-api/-/caniuse-api-3.0.0.tgz. Extracting by manifest.
2187 silly tarball no local data for camelcase-css@https://registry.npmjs.org/camelcase-css/-/camelcase-css-2.0.1.tgz. Extracting by manifest.
2188 silly tarball no local data for camelcase@https://registry.npmjs.org/camelcase/-/camelcase-6.3.0.tgz. Extracting by manifest.
2189 silly tarball no local data for camel-case@https://registry.npmjs.org/camel-case/-/camel-case-4.1.2.tgz. Extracting by manifest.
2190 silly tarball no local data for callsites@https://registry.npmjs.org/callsites/-/callsites-3.1.0.tgz. Extracting by manifest.
2191 silly tarball no local data for bytes@https://registry.npmjs.org/bytes/-/bytes-3.0.0.tgz. Extracting by manifest.
2192 silly tarball no local data for builtin-modules@https://registry.npmjs.org/builtin-modules/-/builtin-modules-3.2.0.tgz. Extracting by manifest.
2193 silly tarball no local data for buffer-indexof@https://registry.npmjs.org/buffer-indexof/-/buffer-indexof-1.1.1.tgz. Extracting by manifest.
2194 silly tarball no local data for buffer-from@https://registry.npmjs.org/buffer-from/-/buffer-from-1.1.2.tgz. Extracting by manifest.
2195 silly tarball no local data for bser@https://registry.npmjs.org/bser/-/bser-2.1.1.tgz. Extracting by manifest.
2196 silly tarball no local data for browserslist@https://registry.npmjs.org/browserslist/-/browserslist-4.23.3.tgz. Extracting by manifest.
2197 silly tarball no local data for browser-process-hrtime@https://registry.npmjs.org/browser-process-hrtime/-/browser-process-hrtime-1.0.0.tgz. Extracting by manifest.
2198 silly tarball no local data for braces@https://registry.npmjs.org/braces/-/braces-3.0.3.tgz. Extracting by manifest.
2199 silly tarball no local data for brace-expansion@https://registry.npmjs.org/brace-expansion/-/brace-expansion-1.1.11.tgz. Extracting by manifest.
2200 silly tarball no local data for boolbase@https://registry.npmjs.org/boolbase/-/boolbase-1.0.0.tgz. Extracting by manifest.
2201 silly tarball no local data for bonjour@https://registry.npmjs.org/bonjour/-/bonjour-3.5.0.tgz. Extracting by manifest.
2202 silly tarball no local data for bluebird@https://registry.npmjs.org/bluebird/-/bluebird-3.7.2.tgz. Extracting by manifest.
2203 silly tarball no local data for binary-extensions@https://registry.npmjs.org/binary-extensions/-/binary-extensions-2.2.0.tgz. Extracting by manifest.
2204 silly tarball no local data for big.js@https://registry.npmjs.org/big.js/-/big.js-5.2.2.tgz. Extracting by manifest.
2205 silly tarball no local data for bfj@https://registry.npmjs.org/bfj/-/bfj-7.0.2.tgz. Extracting by manifest.
2206 silly tarball no local data for batch@https://registry.npmjs.org/batch/-/batch-0.6.1.tgz. Extracting by manifest.
2207 silly tarball no local data for balanced-match@https://registry.npmjs.org/balanced-match/-/balanced-match-1.0.0.tgz. Extracting by manifest.
2208 silly tarball no local data for babel-preset-react-app@https://registry.npmjs.org/babel-preset-react-app/-/babel-preset-react-app-10.0.1.tgz. Extracting by manifest.
2209 silly tarball no local data for babel-preset-jest@https://registry.npmjs.org/babel-preset-jest/-/babel-preset-jest-27.4.0.tgz. Extracting by manifest.
2210 silly tarball no local data for babel-preset-current-node-syntax@https://registry.npmjs.org/babel-preset-current-node-syntax/-/babel-preset-current-node-syntax-1.0.1.tgz. Extracting by manifest.
2211 silly tarball no local data for babel-plugin-transform-react-remove-prop-types@https://registry.npmjs.org/babel-plugin-transform-react-remove-prop-types/-/babel-plugin-transform-react-remove-prop-types-0.4.24.tgz. Extracting by manifest.
2212 silly tarball no local data for babel-plugin-polyfill-regenerator@https://registry.npmjs.org/babel-plugin-polyfill-regenerator/-/babel-plugin-polyfill-regenerator-0.3.1.tgz. Extracting by manifest.
2213 silly tarball no local data for babel-plugin-polyfill-corejs3@https://registry.npmjs.org/babel-plugin-polyfill-corejs3/-/babel-plugin-polyfill-corejs3-0.5.1.tgz. Extracting by manifest.
2214 silly tarball no local data for babel-plugin-polyfill-corejs2@https://registry.npmjs.org/babel-plugin-polyfill-corejs2/-/babel-plugin-polyfill-corejs2-0.3.3.tgz. Extracting by manifest.
2215 silly tarball no local data for babel-plugin-named-asset-import@https://registry.npmjs.org/babel-plugin-named-asset-import/-/babel-plugin-named-asset-import-0.3.8.tgz. Extracting by manifest.
2216 silly tarball no local data for babel-plugin-macros@https://registry.npmjs.org/babel-plugin-macros/-/babel-plugin-macros-3.1.0.tgz. Extracting by manifest.
2217 silly tarball no local data for babel-plugin-jest-hoist@https://registry.npmjs.org/babel-plugin-jest-hoist/-/babel-plugin-jest-hoist-27.4.0.tgz. Extracting by manifest.
2218 silly tarball no local data for babel-plugin-istanbul@https://registry.npmjs.org/babel-plugin-istanbul/-/babel-plugin-istanbul-6.1.1.tgz. Extracting by manifest.
2219 silly tarball no local data for babel-plugin-dynamic-import-node@https://registry.npmjs.org/babel-plugin-dynamic-import-node/-/babel-plugin-dynamic-import-node-2.3.3.tgz. Extracting by manifest.
2220 silly tarball no local data for babel-loader@https://registry.npmjs.org/babel-loader/-/babel-loader-8.2.3.tgz. Extracting by manifest.
2221 silly tarball no local data for babel-jest@https://registry.npmjs.org/babel-jest/-/babel-jest-27.4.6.tgz. Extracting by manifest.
2222 silly tarball no local data for axobject-query@https://registry.npmjs.org/axobject-query/-/axobject-query-3.1.1.tgz. Extracting by manifest.
2223 silly tarball no local data for axe-core@https://registry.npmjs.org/axe-core/-/axe-core-4.6.3.tgz. Extracting by manifest.
2224 silly tarball no local data for available-typed-arrays@https://registry.npmjs.org/available-typed-arrays/-/available-typed-arrays-1.0.5.tgz. Extracting by manifest.
2225 silly tarball no local data for autoprefixer@https://registry.npmjs.org/autoprefixer/-/autoprefixer-10.4.2.tgz. Extracting by manifest.
2226 silly tarball no local data for at-least-node@https://registry.npmjs.org/at-least-node/-/at-least-node-1.0.0.tgz. Extracting by manifest.
2227 silly tarball no local data for async@https://registry.npmjs.org/async/-/async-2.6.4.tgz. Extracting by manifest.
2228 silly tarball no local data for asynckit@https://registry.npmjs.org/asynckit/-/asynckit-0.4.0.tgz. Extracting by manifest.
2229 silly tarball no local data for ast-types-flow@https://registry.npmjs.org/ast-types-flow/-/ast-types-flow-0.0.7.tgz. Extracting by manifest.
2230 silly tarball no local data for asap@https://registry.npmjs.org/asap/-/asap-2.0.6.tgz. Extracting by manifest.
2231 silly tarball no local data for array.prototype.tosorted@https://registry.npmjs.org/array.prototype.tosorted/-/array.prototype.tosorted-1.1.1.tgz. Extracting by manifest.
2232 silly tarball no local data for array.prototype.flatmap@https://registry.npmjs.org/array.prototype.flatmap/-/array.prototype.flatmap-1.3.1.tgz. Extracting by manifest.
2233 silly tarball no local data for array.prototype.flat@https://registry.npmjs.org/array.prototype.flat/-/array.prototype.flat-1.3.1.tgz. Extracting by manifest.
2234 silly tarball no local data for array-union@https://registry.npmjs.org/array-union/-/array-union-2.1.0.tgz. Extracting by manifest.
2235 silly tarball no local data for array-includes@https://registry.npmjs.org/array-includes/-/array-includes-3.1.6.tgz. Extracting by manifest.
2236 silly tarball no local data for array-flatten@https://registry.npmjs.org/array-flatten/-/array-flatten-2.1.2.tgz. Extracting by manifest.
2237 silly tarball no local data for array-buffer-byte-length@https://registry.npmjs.org/array-buffer-byte-length/-/array-buffer-byte-length-1.0.0.tgz. Extracting by manifest.
2238 silly tarball no local data for aria-query@https://registry.npmjs.org/aria-query/-/aria-query-5.1.3.tgz. Extracting by manifest.
2239 silly tarball no local data for argparse@https://registry.npmjs.org/argparse/-/argparse-1.0.10.tgz. Extracting by manifest.
2240 silly tarball no local data for arg@https://registry.npmjs.org/arg/-/arg-5.0.1.tgz. Extracting by manifest.
2241 silly tarball no local data for anymatch@https://registry.npmjs.org/anymatch/-/anymatch-3.1.2.tgz. Extracting by manifest.
2242 silly tarball no local data for ansi-styles@https://registry.npmjs.org/ansi-styles/-/ansi-styles-3.2.1.tgz. Extracting by manifest.
2243 silly tarball no local data for ansi-html-community@https://registry.npmjs.org/ansi-html-community/-/ansi-html-community-0.0.8.tgz. Extracting by manifest.
2244 silly tarball no local data for ansi-escapes@https://registry.npmjs.org/ansi-escapes/-/ansi-escapes-4.3.2.tgz. Extracting by manifest.
2245 silly tarball no local data for ajv-keywords@https://registry.npmjs.org/ajv-keywords/-/ajv-keywords-3.5.2.tgz. Extracting by manifest.
2246 silly tarball no local data for ajv-formats@https://registry.npmjs.org/ajv-formats/-/ajv-formats-2.1.1.tgz. Extracting by manifest.
2247 silly tarball no local data for ajv@https://registry.npmjs.org/ajv/-/ajv-6.12.6.tgz. Extracting by manifest.
2248 silly tarball no local data for aggregate-error@https://registry.npmjs.org/aggregate-error/-/aggregate-error-3.1.0.tgz. Extracting by manifest.
2249 silly tarball no local data for agent-base@https://registry.npmjs.org/agent-base/-/agent-base-6.0.2.tgz. Extracting by manifest.
2250 silly tarball no local data for adjust-sourcemap-loader@https://registry.npmjs.org/adjust-sourcemap-loader/-/adjust-sourcemap-loader-4.0.0.tgz. Extracting by manifest.
2251 silly tarball no local data for address@https://registry.npmjs.org/address/-/address-1.2.2.tgz. Extracting by manifest.
2252 silly tarball no local data for acorn-walk@https://registry.npmjs.org/acorn-walk/-/acorn-walk-7.2.0.tgz. Extracting by manifest.
2253 silly tarball no local data for acorn-node@https://registry.npmjs.org/acorn-node/-/acorn-node-1.8.2.tgz. Extracting by manifest.
2254 silly tarball no local data for acorn-jsx@https://registry.npmjs.org/acorn-jsx/-/acorn-jsx-5.3.2.tgz. Extracting by manifest.
2255 silly tarball no local data for acorn-import-attributes@https://registry.npmjs.org/acorn-import-attributes/-/acorn-import-attributes-1.9.5.tgz. Extracting by manifest.
2256 silly tarball no local data for acorn-globals@https://registry.npmjs.org/acorn-globals/-/acorn-globals-6.0.0.tgz. Extracting by manifest.
2257 silly tarball no local data for acorn@https://registry.npmjs.org/acorn/-/acorn-8.8.2.tgz. Extracting by manifest.
2258 silly tarball no local data for abab@https://registry.npmjs.org/abab/-/abab-2.0.5.tgz. Extracting by manifest.
2259 silly tarball no local data for @xtuc/long@https://registry.npmjs.org/@xtuc/long/-/long-4.2.2.tgz. Extracting by manifest.
2260 silly tarball no local data for @webassemblyjs/wast-printer@https://registry.npmjs.org/@webassemblyjs/wast-printer/-/wast-printer-1.12.1.tgz. Extracting by manifest.
2261 silly tarball no local data for @xtuc/ieee754@https://registry.npmjs.org/@xtuc/ieee754/-/ieee754-1.2.0.tgz. Extracting by manifest.
2262 silly tarball no local data for @webassemblyjs/wasm-parser@https://registry.npmjs.org/@webassemblyjs/wasm-parser/-/wasm-parser-1.12.1.tgz. Extracting by manifest.
2263 silly tarball no local data for @webassemblyjs/wasm-opt@https://registry.npmjs.org/@webassemblyjs/wasm-opt/-/wasm-opt-1.12.1.tgz. Extracting by manifest.
2264 silly tarball no local data for @webassemblyjs/wasm-gen@https://registry.npmjs.org/@webassemblyjs/wasm-gen/-/wasm-gen-1.12.1.tgz. Extracting by manifest.
2265 silly tarball no local data for @webassemblyjs/wasm-edit@https://registry.npmjs.org/@webassemblyjs/wasm-edit/-/wasm-edit-1.12.1.tgz. Extracting by manifest.
2266 silly tarball no local data for @webassemblyjs/utf8@https://registry.npmjs.org/@webassemblyjs/utf8/-/utf8-1.11.6.tgz. Extracting by manifest.
2267 silly tarball no local data for @webassemblyjs/leb128@https://registry.npmjs.org/@webassemblyjs/leb128/-/leb128-1.11.6.tgz. Extracting by manifest.
2268 silly tarball no local data for @webassemblyjs/ieee754@https://registry.npmjs.org/@webassemblyjs/ieee754/-/ieee754-1.11.6.tgz. Extracting by manifest.
2269 silly tarball no local data for @webassemblyjs/helper-wasm-section@https://registry.npmjs.org/@webassemblyjs/helper-wasm-section/-/helper-wasm-section-1.12.1.tgz. Extracting by manifest.
2270 silly tarball no local data for @webassemblyjs/helper-wasm-bytecode@https://registry.npmjs.org/@webassemblyjs/helper-wasm-bytecode/-/helper-wasm-bytecode-1.11.6.tgz. Extracting by manifest.
2271 silly tarball no local data for @webassemblyjs/helper-numbers@https://registry.npmjs.org/@webassemblyjs/helper-numbers/-/helper-numbers-1.11.6.tgz. Extracting by manifest.
2272 silly tarball no local data for @webassemblyjs/helper-buffer@https://registry.npmjs.org/@webassemblyjs/helper-buffer/-/helper-buffer-1.12.1.tgz. Extracting by manifest.
2273 silly tarball no local data for @webassemblyjs/helper-api-error@https://registry.npmjs.org/@webassemblyjs/helper-api-error/-/helper-api-error-1.11.6.tgz. Extracting by manifest.
2274 silly tarball no local data for @webassemblyjs/floating-point-hex-parser@https://registry.npmjs.org/@webassemblyjs/floating-point-hex-parser/-/floating-point-hex-parser-1.11.6.tgz. Extracting by manifest.
2275 silly tarball no local data for @webassemblyjs/ast@https://registry.npmjs.org/@webassemblyjs/ast/-/ast-1.12.1.tgz. Extracting by manifest.
2276 silly tarball no local data for @typescript-eslint/visitor-keys@https://registry.npmjs.org/@typescript-eslint/visitor-keys/-/visitor-keys-5.55.0.tgz. Extracting by manifest.
2277 silly tarball no local data for @typescript-eslint/utils@https://registry.npmjs.org/@typescript-eslint/utils/-/utils-5.55.0.tgz. Extracting by manifest.
2278 silly tarball no local data for @typescript-eslint/typescript-estree@https://registry.npmjs.org/@typescript-eslint/typescript-estree/-/typescript-estree-5.55.0.tgz. Extracting by manifest.
2279 silly tarball no local data for @typescript-eslint/types@https://registry.npmjs.org/@typescript-eslint/types/-/types-5.55.0.tgz. Extracting by manifest.
2280 silly tarball no local data for @typescript-eslint/type-utils@https://registry.npmjs.org/@typescript-eslint/type-utils/-/type-utils-5.55.0.tgz. Extracting by manifest.
2281 silly tarball no local data for @typescript-eslint/scope-manager@https://registry.npmjs.org/@typescript-eslint/scope-manager/-/scope-manager-5.55.0.tgz. Extracting by manifest.
2282 silly tarball no local data for @typescript-eslint/parser@https://registry.npmjs.org/@typescript-eslint/parser/-/parser-5.55.0.tgz. Extracting by manifest.
2283 silly tarball no local data for @typescript-eslint/experimental-utils@https://registry.npmjs.org/@typescript-eslint/experimental-utils/-/experimental-utils-5.55.0.tgz. Extracting by manifest.
2284 silly tarball no local data for @typescript-eslint/eslint-plugin@https://registry.npmjs.org/@typescript-eslint/eslint-plugin/-/eslint-plugin-5.55.0.tgz. Extracting by manifest.
2285 silly tarball no local data for @types/yargs-parser@https://registry.npmjs.org/@types/yargs-parser/-/yargs-parser-20.2.1.tgz. Extracting by manifest.
2286 silly tarball no local data for @types/yargs@https://registry.npmjs.org/@types/yargs/-/yargs-16.0.4.tgz. Extracting by manifest.
2287 silly tarball no local data for @types/ws@https://registry.npmjs.org/@types/ws/-/ws-8.2.2.tgz. Extracting by manifest.
2288 silly tarball no local data for @types/trusted-types@https://registry.npmjs.org/@types/trusted-types/-/trusted-types-2.0.2.tgz. Extracting by manifest.
2289 silly tarball no local data for @types/stack-utils@https://registry.npmjs.org/@types/stack-utils/-/stack-utils-2.0.1.tgz. Extracting by manifest.
2290 silly tarball no local data for @types/sockjs@https://registry.npmjs.org/@types/sockjs/-/sockjs-0.3.33.tgz. Extracting by manifest.
2291 silly tarball no local data for @types/serve-static@https://registry.npmjs.org/@types/serve-static/-/serve-static-1.13.10.tgz. Extracting by manifest.
2292 silly tarball no local data for @types/serve-index@https://registry.npmjs.org/@types/serve-index/-/serve-index-1.9.1.tgz. Extracting by manifest.
2293 silly tarball no local data for @types/semver@https://registry.npmjs.org/@types/semver/-/semver-7.3.13.tgz. Extracting by manifest.
2294 silly tarball no local data for @types/scheduler@https://registry.npmjs.org/@types/scheduler/-/scheduler-0.16.2.tgz. Extracting by manifest.
2295 silly tarball no local data for @types/retry@https://registry.npmjs.org/@types/retry/-/retry-0.12.1.tgz. Extracting by manifest.
2296 silly tarball no local data for @types/resolve@https://registry.npmjs.org/@types/resolve/-/resolve-1.17.1.tgz. Extracting by manifest.
2297 silly tarball no local data for @types/react-transition-group@https://registry.npmjs.org/@types/react-transition-group/-/react-transition-group-4.4.4.tgz. Extracting by manifest.
2298 silly tarball no local data for @types/react-is@https://registry.npmjs.org/@types/react-is/-/react-is-17.0.3.tgz. Extracting by manifest.
2299 silly tarball no local data for @types/react@https://registry.npmjs.org/@types/react/-/react-17.0.38.tgz. Extracting by manifest.
2300 silly tarball no local data for @types/range-parser@https://registry.npmjs.org/@types/range-parser/-/range-parser-1.2.4.tgz. Extracting by manifest.
2301 silly tarball no local data for @types/qs@https://registry.npmjs.org/@types/qs/-/qs-6.9.7.tgz. Extracting by manifest.
2302 silly tarball no local data for @types/q@https://registry.npmjs.org/@types/q/-/q-1.5.5.tgz. Extracting by manifest.
2303 silly tarball no local data for @types/prop-types@https://registry.npmjs.org/@types/prop-types/-/prop-types-15.7.4.tgz. Extracting by manifest.
2304 silly tarball no local data for @types/prettier@https://registry.npmjs.org/@types/prettier/-/prettier-2.4.3.tgz. Extracting by manifest.
2305 silly tarball no local data for @types/parse-json@https://registry.npmjs.org/@types/parse-json/-/parse-json-4.0.0.tgz. Extracting by manifest.
2306 silly tarball no local data for @types/node@https://registry.npmjs.org/@types/node/-/node-17.0.10.tgz. Extracting by manifest.
2307 silly tarball no local data for @types/mime@https://registry.npmjs.org/@types/mime/-/mime-1.3.2.tgz. Extracting by manifest.
2308 silly tarball no local data for @types/json5@https://registry.npmjs.org/@types/json5/-/json5-0.0.29.tgz. Extracting by manifest.
2309 silly tarball no local data for @types/json-schema@https://registry.npmjs.org/@types/json-schema/-/json-schema-7.0.9.tgz. Extracting by manifest.
2310 silly tarball no local data for @types/istanbul-reports@https://registry.npmjs.org/@types/istanbul-reports/-/istanbul-reports-3.0.1.tgz. Extracting by manifest.
2311 silly tarball no local data for @types/istanbul-lib-report@https://registry.npmjs.org/@types/istanbul-lib-report/-/istanbul-lib-report-3.0.0.tgz. Extracting by manifest.
2312 silly tarball no local data for @types/istanbul-lib-coverage@https://registry.npmjs.org/@types/istanbul-lib-coverage/-/istanbul-lib-coverage-2.0.4.tgz. Extracting by manifest.
2313 silly tarball no local data for @types/http-proxy@https://registry.npmjs.org/@types/http-proxy/-/http-proxy-1.17.8.tgz. Extracting by manifest.
2314 silly tarball no local data for @types/html-minifier-terser@https://registry.npmjs.org/@types/html-minifier-terser/-/html-minifier-terser-6.1.0.tgz. Extracting by manifest.
2315 silly tarball no local data for @types/graceful-fs@https://registry.npmjs.org/@types/graceful-fs/-/graceful-fs-4.1.5.tgz. Extracting by manifest.
2316 silly tarball no local data for @types/express-serve-static-core@https://registry.npmjs.org/@types/express-serve-static-core/-/express-serve-static-core-4.17.28.tgz. Extracting by manifest.
2317 silly tarball no local data for @types/express@https://registry.npmjs.org/@types/express/-/express-4.17.13.tgz. Extracting by manifest.
2318 silly tarball no local data for @types/estree@https://registry.npmjs.org/@types/estree/-/estree-1.0.5.tgz. Extracting by manifest.
2319 silly tarball no local data for @types/eslint@https://registry.npmjs.org/@types/eslint/-/eslint-7.29.0.tgz. Extracting by manifest.
2320 silly tarball no local data for @types/connect-history-api-fallback@https://registry.npmjs.org/@types/connect-history-api-fallback/-/connect-history-api-fallback-1.3.5.tgz. Extracting by manifest.
2321 silly tarball no local data for @types/connect@https://registry.npmjs.org/@types/connect/-/connect-3.4.35.tgz. Extracting by manifest.
2322 silly tarball no local data for @types/bonjour@https://registry.npmjs.org/@types/bonjour/-/bonjour-3.5.10.tgz. Extracting by manifest.
2323 silly tarball no local data for @types/body-parser@https://registry.npmjs.org/@types/body-parser/-/body-parser-1.19.2.tgz. Extracting by manifest.
2324 silly tarball no local data for @types/babel__traverse@https://registry.npmjs.org/@types/babel__traverse/-/babel__traverse-7.14.2.tgz. Extracting by manifest.
2325 silly tarball no local data for @types/babel__template@https://registry.npmjs.org/@types/babel__template/-/babel__template-7.4.1.tgz. Extracting by manifest.
2326 silly tarball no local data for @types/babel__generator@https://registry.npmjs.org/@types/babel__generator/-/babel__generator-7.6.4.tgz. Extracting by manifest.
2327 silly tarball no local data for @types/babel__core@https://registry.npmjs.org/@types/babel__core/-/babel__core-7.1.18.tgz. Extracting by manifest.
2328 silly tarball no local data for @trysound/sax@https://registry.npmjs.org/@trysound/sax/-/sax-0.2.0.tgz. Extracting by manifest.
2329 silly tarball no local data for @tootallnate/once@https://registry.npmjs.org/@tootallnate/once/-/once-1.1.2.tgz. Extracting by manifest.
2330 silly tarball no local data for @svgr/webpack@https://registry.npmjs.org/@svgr/webpack/-/webpack-5.5.0.tgz. Extracting by manifest.
2331 silly tarball no local data for @svgr/plugin-svgo@https://registry.npmjs.org/@svgr/plugin-svgo/-/plugin-svgo-5.5.0.tgz. Extracting by manifest.
2332 silly tarball no local data for @svgr/plugin-jsx@https://registry.npmjs.org/@svgr/plugin-jsx/-/plugin-jsx-5.5.0.tgz. Extracting by manifest.
2333 silly tarball no local data for @svgr/hast-util-to-babel-ast@https://registry.npmjs.org/@svgr/hast-util-to-babel-ast/-/hast-util-to-babel-ast-5.5.0.tgz. Extracting by manifest.
2334 silly tarball no local data for @svgr/core@https://registry.npmjs.org/@svgr/core/-/core-5.5.0.tgz. Extracting by manifest.
2335 silly tarball no local data for @svgr/babel-preset@https://registry.npmjs.org/@svgr/babel-preset/-/babel-preset-5.5.0.tgz. Extracting by manifest.
2336 silly tarball no local data for @svgr/babel-plugin-transform-svg-component@https://registry.npmjs.org/@svgr/babel-plugin-transform-svg-component/-/babel-plugin-transform-svg-component-5.5.0.tgz. Extracting by manifest.
2337 silly tarball no local data for @svgr/babel-plugin-transform-react-native-svg@https://registry.npmjs.org/@svgr/babel-plugin-transform-react-native-svg/-/babel-plugin-transform-react-native-svg-5.4.0.tgz. Extracting by manifest.
2338 silly tarball no local data for @svgr/babel-plugin-svg-em-dimensions@https://registry.npmjs.org/@svgr/babel-plugin-svg-em-dimensions/-/babel-plugin-svg-em-dimensions-5.4.0.tgz. Extracting by manifest.
2339 silly tarball no local data for @svgr/babel-plugin-svg-dynamic-title@https://registry.npmjs.org/@svgr/babel-plugin-svg-dynamic-title/-/babel-plugin-svg-dynamic-title-5.4.0.tgz. Extracting by manifest.
2340 silly tarball no local data for @svgr/babel-plugin-replace-jsx-attribute-value@https://registry.npmjs.org/@svgr/babel-plugin-replace-jsx-attribute-value/-/babel-plugin-replace-jsx-attribute-value-5.0.1.tgz. Extracting by manifest.
2341 silly tarball no local data for @svgr/babel-plugin-remove-jsx-empty-expression@https://registry.npmjs.org/@svgr/babel-plugin-remove-jsx-empty-expression/-/babel-plugin-remove-jsx-empty-expression-5.0.1.tgz. Extracting by manifest.
2342 silly tarball no local data for @svgr/babel-plugin-remove-jsx-attribute@https://registry.npmjs.org/@svgr/babel-plugin-remove-jsx-attribute/-/babel-plugin-remove-jsx-attribute-5.4.0.tgz. Extracting by manifest.
2343 silly tarball no local data for @svgr/babel-plugin-add-jsx-attribute@https://registry.npmjs.org/@svgr/babel-plugin-add-jsx-attribute/-/babel-plugin-add-jsx-attribute-5.4.0.tgz. Extracting by manifest.
2344 silly tarball no local data for @surma/rollup-plugin-off-main-thread@https://registry.npmjs.org/@surma/rollup-plugin-off-main-thread/-/rollup-plugin-off-main-thread-2.2.3.tgz. Extracting by manifest.
2345 silly tarball no local data for @sinonjs/fake-timers@https://registry.npmjs.org/@sinonjs/fake-timers/-/fake-timers-8.1.0.tgz. Extracting by manifest.
2346 silly tarball no local data for @sinonjs/commons@https://registry.npmjs.org/@sinonjs/commons/-/commons-1.8.3.tgz. Extracting by manifest.
2347 silly tarball no local data for @rushstack/eslint-patch@https://registry.npmjs.org/@rushstack/eslint-patch/-/eslint-patch-1.2.0.tgz. Extracting by manifest.
2348 silly tarball no local data for @rollup/pluginutils@https://registry.npmjs.org/@rollup/pluginutils/-/pluginutils-3.1.0.tgz. Extracting by manifest.
2349 silly tarball no local data for @rollup/plugin-replace@https://registry.npmjs.org/@rollup/plugin-replace/-/plugin-replace-2.4.2.tgz. Extracting by manifest.
2350 silly tarball no local data for @rollup/plugin-node-resolve@https://registry.npmjs.org/@rollup/plugin-node-resolve/-/plugin-node-resolve-11.2.1.tgz. Extracting by manifest.
2351 silly tarball no local data for @rollup/plugin-babel@https://registry.npmjs.org/@rollup/plugin-babel/-/plugin-babel-5.3.0.tgz. Extracting by manifest.
2352 silly tarball no local data for @popperjs/core@https://registry.npmjs.org/@popperjs/core/-/core-2.11.2.tgz. Extracting by manifest.
2353 silly tarball no local data for @pmmmwh/react-refresh-webpack-plugin@https://registry.npmjs.org/@pmmmwh/react-refresh-webpack-plugin/-/react-refresh-webpack-plugin-0.5.4.tgz. Extracting by manifest.
2354 silly tarball no local data for @nodelib/fs.walk@https://registry.npmjs.org/@nodelib/fs.walk/-/fs.walk-1.2.8.tgz. Extracting by manifest.
2355 silly tarball no local data for @nodelib/fs.stat@https://registry.npmjs.org/@nodelib/fs.stat/-/fs.stat-2.0.5.tgz. Extracting by manifest.
2356 silly tarball no local data for @nodelib/fs.scandir@https://registry.npmjs.org/@nodelib/fs.scandir/-/fs.scandir-2.1.5.tgz. Extracting by manifest.
2357 silly tarball no local data for @nicolo-ribaudo/eslint-scope-5-internals@https://registry.npmjs.org/@nicolo-ribaudo/eslint-scope-5-internals/-/eslint-scope-5-internals-5.1.1-v1.tgz. Extracting by manifest.
2358 silly tarball no local data for @mui/utils@https://registry.npmjs.org/@mui/utils/-/utils-5.3.0.tgz. Extracting by manifest.
2359 silly tarball no local data for @mui/types@https://registry.npmjs.org/@mui/types/-/types-7.1.0.tgz. Extracting by manifest.
2360 silly tarball no local data for @mui/system@https://registry.npmjs.org/@mui/system/-/system-5.3.0.tgz. Extracting by manifest.
2361 silly tarball no local data for @mui/styles@https://registry.npmjs.org/@mui/styles/-/styles-5.3.0.tgz. Extracting by manifest.
2362 silly tarball no local data for @mui/styled-engine@https://registry.npmjs.org/@mui/styled-engine/-/styled-engine-5.3.0.tgz. Extracting by manifest.
2363 silly tarball no local data for @mui/private-theming@https://registry.npmjs.org/@mui/private-theming/-/private-theming-5.3.0.tgz. Extracting by manifest.
2364 silly tarball no local data for @mui/material@https://registry.npmjs.org/@mui/material/-/material-5.3.1.tgz. Extracting by manifest.
2365 silly tarball no local data for @mui/base@https://registry.npmjs.org/@mui/base/-/base-5.0.0-alpha.66.tgz. Extracting by manifest.
2366 silly tarball no local data for @jridgewell/trace-mapping@https://registry.npmjs.org/@jridgewell/trace-mapping/-/trace-mapping-0.3.25.tgz. Extracting by manifest.
2367 silly tarball no local data for @jridgewell/sourcemap-codec@https://registry.npmjs.org/@jridgewell/sourcemap-codec/-/sourcemap-codec-1.4.14.tgz. Extracting by manifest.
2368 silly tarball no local data for @jridgewell/source-map@https://registry.npmjs.org/@jridgewell/source-map/-/source-map-0.3.6.tgz. Extracting by manifest.
2369 silly tarball no local data for @jridgewell/set-array@https://registry.npmjs.org/@jridgewell/set-array/-/set-array-1.2.1.tgz. Extracting by manifest.
2370 silly tarball no local data for @jridgewell/resolve-uri@https://registry.npmjs.org/@jridgewell/resolve-uri/-/resolve-uri-3.1.0.tgz. Extracting by manifest.
2371 silly tarball no local data for @jridgewell/gen-mapping@https://registry.npmjs.org/@jridgewell/gen-mapping/-/gen-mapping-0.3.5.tgz. Extracting by manifest.
2372 silly tarball no local data for @jest/types@https://registry.npmjs.org/@jest/types/-/types-27.4.2.tgz. Extracting by manifest.
2373 silly tarball no local data for @jest/transform@https://registry.npmjs.org/@jest/transform/-/transform-27.4.6.tgz. Extracting by manifest.
2374 silly tarball no local data for @jest/test-sequencer@https://registry.npmjs.org/@jest/test-sequencer/-/test-sequencer-27.4.6.tgz. Extracting by manifest.
2375 silly tarball no local data for @jest/test-result@https://registry.npmjs.org/@jest/test-result/-/test-result-27.4.6.tgz. Extracting by manifest.
2376 silly tarball no local data for @jest/source-map@https://registry.npmjs.org/@jest/source-map/-/source-map-27.4.0.tgz. Extracting by manifest.
2377 silly tarball no local data for @jest/reporters@https://registry.npmjs.org/@jest/reporters/-/reporters-27.4.6.tgz. Extracting by manifest.
2378 silly tarball no local data for @jest/globals@https://registry.npmjs.org/@jest/globals/-/globals-27.4.6.tgz. Extracting by manifest.
2379 silly tarball no local data for @jest/fake-timers@https://registry.npmjs.org/@jest/fake-timers/-/fake-timers-27.4.6.tgz. Extracting by manifest.
2380 silly tarball no local data for @jest/environment@https://registry.npmjs.org/@jest/environment/-/environment-27.4.6.tgz. Extracting by manifest.
2381 silly tarball no local data for @jest/core@https://registry.npmjs.org/@jest/core/-/core-27.4.7.tgz. Extracting by manifest.
2382 silly tarball no local data for @jest/console@https://registry.npmjs.org/@jest/console/-/console-27.4.6.tgz. Extracting by manifest.
2383 silly tarball no local data for @istanbuljs/schema@https://registry.npmjs.org/@istanbuljs/schema/-/schema-0.1.3.tgz. Extracting by manifest.
2384 silly tarball no local data for @istanbuljs/load-nyc-config@https://registry.npmjs.org/@istanbuljs/load-nyc-config/-/load-nyc-config-1.1.0.tgz. Extracting by manifest.
2385 silly tarball no local data for @humanwhocodes/object-schema@https://registry.npmjs.org/@humanwhocodes/object-schema/-/object-schema-1.2.1.tgz. Extracting by manifest.
2386 silly tarball no local data for @humanwhocodes/config-array@https://registry.npmjs.org/@humanwhocodes/config-array/-/config-array-0.9.2.tgz. Extracting by manifest.
2387 silly tarball no local data for @eslint/eslintrc@https://registry.npmjs.org/@eslint/eslintrc/-/eslintrc-1.0.5.tgz. Extracting by manifest.
2388 silly tarball no local data for @eslint-community/regexpp@https://registry.npmjs.org/@eslint-community/regexpp/-/regexpp-4.4.0.tgz. Extracting by manifest.
2389 silly tarball no local data for @eslint-community/eslint-utils@https://registry.npmjs.org/@eslint-community/eslint-utils/-/eslint-utils-4.2.0.tgz. Extracting by manifest.
2390 silly tarball no local data for @emotion/weak-memoize@https://registry.npmjs.org/@emotion/weak-memoize/-/weak-memoize-0.2.5.tgz. Extracting by manifest.
2391 silly tarball no local data for @emotion/utils@https://registry.npmjs.org/@emotion/utils/-/utils-1.0.0.tgz. Extracting by manifest.
2392 silly tarball no local data for @emotion/unitless@https://registry.npmjs.org/@emotion/unitless/-/unitless-0.7.5.tgz. Extracting by manifest.
2393 silly tarball no local data for @emotion/styled@https://registry.npmjs.org/@emotion/styled/-/styled-11.6.0.tgz. Extracting by manifest.
2394 silly tarball no local data for @emotion/sheet@https://registry.npmjs.org/@emotion/sheet/-/sheet-1.1.0.tgz. Extracting by manifest.
2395 silly tarball no local data for @emotion/serialize@https://registry.npmjs.org/@emotion/serialize/-/serialize-1.0.2.tgz. Extracting by manifest.
2396 silly tarball no local data for @emotion/react@https://registry.npmjs.org/@emotion/react/-/react-11.7.1.tgz. Extracting by manifest.
2397 silly tarball no local data for @emotion/memoize@https://registry.npmjs.org/@emotion/memoize/-/memoize-0.7.5.tgz. Extracting by manifest.
2398 silly tarball no local data for @emotion/is-prop-valid@https://registry.npmjs.org/@emotion/is-prop-valid/-/is-prop-valid-1.1.1.tgz. Extracting by manifest.
2399 silly tarball no local data for @emotion/hash@https://registry.npmjs.org/@emotion/hash/-/hash-0.8.0.tgz. Extracting by manifest.
2400 silly tarball no local data for @emotion/cache@https://registry.npmjs.org/@emotion/cache/-/cache-11.7.1.tgz. Extracting by manifest.
2401 silly tarball no local data for @emotion/babel-plugin@https://registry.npmjs.org/@emotion/babel-plugin/-/babel-plugin-11.7.2.tgz. Extracting by manifest.
2402 silly tarball no local data for @csstools/normalize.css@https://registry.npmjs.org/@csstools/normalize.css/-/normalize.css-12.0.0.tgz. Extracting by manifest.
2403 silly tarball no local data for @bcoe/v8-coverage@https://registry.npmjs.org/@bcoe/v8-coverage/-/v8-coverage-0.2.3.tgz. Extracting by manifest.
2404 silly tarball no local data for @babel/types@https://registry.npmjs.org/@babel/types/-/types-7.21.3.tgz. Extracting by manifest.
2405 silly tarball no local data for @babel/traverse@https://registry.npmjs.org/@babel/traverse/-/traverse-7.21.3.tgz. Extracting by manifest.
2406 silly tarball no local data for @babel/runtime@https://registry.npmjs.org/@babel/runtime/-/runtime-7.21.0.tgz. Extracting by manifest.
2407 silly tarball no local data for @babel/preset-typescript@https://registry.npmjs.org/@babel/preset-typescript/-/preset-typescript-7.21.0.tgz. Extracting by manifest.
2408 silly tarball no local data for @babel/preset-react@https://registry.npmjs.org/@babel/preset-react/-/preset-react-7.16.7.tgz. Extracting by manifest.
2409 silly tarball no local data for @babel/preset-modules@https://registry.npmjs.org/@babel/preset-modules/-/preset-modules-0.1.5.tgz. Extracting by manifest.
2410 silly tarball no local data for @babel/preset-env@https://registry.npmjs.org/@babel/preset-env/-/preset-env-7.16.11.tgz. Extracting by manifest.
2411 silly tarball no local data for @babel/plugin-transform-unicode-regex@https://registry.npmjs.org/@babel/plugin-transform-unicode-regex/-/plugin-transform-unicode-regex-7.16.7.tgz. Extracting by manifest.
2412 silly tarball no local data for @babel/plugin-transform-unicode-escapes@https://registry.npmjs.org/@babel/plugin-transform-unicode-escapes/-/plugin-transform-unicode-escapes-7.16.7.tgz. Extracting by manifest.
2413 silly tarball no local data for @babel/plugin-transform-typescript@https://registry.npmjs.org/@babel/plugin-transform-typescript/-/plugin-transform-typescript-7.21.3.tgz. Extracting by manifest.
2414 silly tarball no local data for @babel/plugin-transform-typeof-symbol@https://registry.npmjs.org/@babel/plugin-transform-typeof-symbol/-/plugin-transform-typeof-symbol-7.16.7.tgz. Extracting by manifest.
2415 silly tarball no local data for @babel/plugin-transform-template-literals@https://registry.npmjs.org/@babel/plugin-transform-template-literals/-/plugin-transform-template-literals-7.16.7.tgz. Extracting by manifest.
2416 silly tarball no local data for @babel/plugin-transform-sticky-regex@https://registry.npmjs.org/@babel/plugin-transform-sticky-regex/-/plugin-transform-sticky-regex-7.16.7.tgz. Extracting by manifest.
2417 silly tarball no local data for @babel/plugin-transform-spread@https://registry.npmjs.org/@babel/plugin-transform-spread/-/plugin-transform-spread-7.16.7.tgz. Extracting by manifest.
2418 silly tarball no local data for @babel/plugin-transform-shorthand-properties@https://registry.npmjs.org/@babel/plugin-transform-shorthand-properties/-/plugin-transform-shorthand-properties-7.16.7.tgz. Extracting by manifest.
2419 silly tarball no local data for @babel/plugin-transform-runtime@https://registry.npmjs.org/@babel/plugin-transform-runtime/-/plugin-transform-runtime-7.21.0.tgz. Extracting by manifest.
2420 silly tarball no local data for @babel/plugin-transform-reserved-words@https://registry.npmjs.org/@babel/plugin-transform-reserved-words/-/plugin-transform-reserved-words-7.16.7.tgz. Extracting by manifest.
2421 silly tarball no local data for @babel/plugin-transform-regenerator@https://registry.npmjs.org/@babel/plugin-transform-regenerator/-/plugin-transform-regenerator-7.16.7.tgz. Extracting by manifest.
2422 silly tarball no local data for @babel/plugin-transform-react-pure-annotations@https://registry.npmjs.org/@babel/plugin-transform-react-pure-annotations/-/plugin-transform-react-pure-annotations-7.16.7.tgz. Extracting by manifest.
2423 silly tarball no local data for @babel/plugin-transform-react-jsx-development@https://registry.npmjs.org/@babel/plugin-transform-react-jsx-development/-/plugin-transform-react-jsx-development-7.16.7.tgz. Extracting by manifest.
2424 silly tarball no local data for @babel/plugin-transform-react-jsx@https://registry.npmjs.org/@babel/plugin-transform-react-jsx/-/plugin-transform-react-jsx-7.16.7.tgz. Extracting by manifest.
2425 silly tarball no local data for @babel/plugin-transform-react-display-name@https://registry.npmjs.org/@babel/plugin-transform-react-display-name/-/plugin-transform-react-display-name-7.16.7.tgz. Extracting by manifest.
2426 silly tarball no local data for @babel/plugin-transform-react-constant-elements@https://registry.npmjs.org/@babel/plugin-transform-react-constant-elements/-/plugin-transform-react-constant-elements-7.16.7.tgz. Extracting by manifest.
2427 silly tarball no local data for @babel/plugin-transform-property-literals@https://registry.npmjs.org/@babel/plugin-transform-property-literals/-/plugin-transform-property-literals-7.16.7.tgz. Extracting by manifest.
2428 silly tarball no local data for @babel/plugin-transform-parameters@https://registry.npmjs.org/@babel/plugin-transform-parameters/-/plugin-transform-parameters-7.16.7.tgz. Extracting by manifest.
2429 silly tarball no local data for @babel/plugin-transform-object-super@https://registry.npmjs.org/@babel/plugin-transform-object-super/-/plugin-transform-object-super-7.16.7.tgz. Extracting by manifest.
2430 silly tarball no local data for @babel/plugin-transform-new-target@https://registry.npmjs.org/@babel/plugin-transform-new-target/-/plugin-transform-new-target-7.16.7.tgz. Extracting by manifest.
2431 silly tarball no local data for @babel/plugin-transform-named-capturing-groups-regex@https://registry.npmjs.org/@babel/plugin-transform-named-capturing-groups-regex/-/plugin-transform-named-capturing-groups-regex-7.16.8.tgz. Extracting by manifest.
2432 silly tarball no local data for @babel/plugin-transform-modules-umd@https://registry.npmjs.org/@babel/plugin-transform-modules-umd/-/plugin-transform-modules-umd-7.16.7.tgz. Extracting by manifest.
2433 silly tarball no local data for @babel/plugin-transform-modules-systemjs@https://registry.npmjs.org/@babel/plugin-transform-modules-systemjs/-/plugin-transform-modules-systemjs-7.16.7.tgz. Extracting by manifest.
2434 silly tarball no local data for @babel/plugin-transform-modules-commonjs@https://registry.npmjs.org/@babel/plugin-transform-modules-commonjs/-/plugin-transform-modules-commonjs-7.16.8.tgz. Extracting by manifest.
2435 silly tarball no local data for @babel/plugin-transform-modules-amd@https://registry.npmjs.org/@babel/plugin-transform-modules-amd/-/plugin-transform-modules-amd-7.16.7.tgz. Extracting by manifest.
2436 silly tarball no local data for @babel/plugin-transform-member-expression-literals@https://registry.npmjs.org/@babel/plugin-transform-member-expression-literals/-/plugin-transform-member-expression-literals-7.16.7.tgz. Extracting by manifest.
2437 silly tarball no local data for @babel/plugin-transform-literals@https://registry.npmjs.org/@babel/plugin-transform-literals/-/plugin-transform-literals-7.16.7.tgz. Extracting by manifest.
2438 silly tarball no local data for @babel/plugin-transform-function-name@https://registry.npmjs.org/@babel/plugin-transform-function-name/-/plugin-transform-function-name-7.16.7.tgz. Extracting by manifest.
2439 silly tarball no local data for @babel/plugin-transform-for-of@https://registry.npmjs.org/@babel/plugin-transform-for-of/-/plugin-transform-for-of-7.16.7.tgz. Extracting by manifest.
2440 silly tarball no local data for @babel/plugin-transform-flow-strip-types@https://registry.npmjs.org/@babel/plugin-transform-flow-strip-types/-/plugin-transform-flow-strip-types-7.21.0.tgz. Extracting by manifest.
2441 silly tarball no local data for @babel/plugin-transform-exponentiation-operator@https://registry.npmjs.org/@babel/plugin-transform-exponentiation-operator/-/plugin-transform-exponentiation-operator-7.16.7.tgz. Extracting by manifest.
2442 silly tarball no local data for @babel/plugin-transform-duplicate-keys@https://registry.npmjs.org/@babel/plugin-transform-duplicate-keys/-/plugin-transform-duplicate-keys-7.16.7.tgz. Extracting by manifest.
2443 silly tarball no local data for @babel/plugin-transform-dotall-regex@https://registry.npmjs.org/@babel/plugin-transform-dotall-regex/-/plugin-transform-dotall-regex-7.16.7.tgz. Extracting by manifest.
2444 silly tarball no local data for @babel/plugin-transform-destructuring@https://registry.npmjs.org/@babel/plugin-transform-destructuring/-/plugin-transform-destructuring-7.16.7.tgz. Extracting by manifest.
2445 silly tarball no local data for @babel/plugin-transform-computed-properties@https://registry.npmjs.org/@babel/plugin-transform-computed-properties/-/plugin-transform-computed-properties-7.16.7.tgz. Extracting by manifest.
2446 silly tarball no local data for @babel/plugin-transform-classes@https://registry.npmjs.org/@babel/plugin-transform-classes/-/plugin-transform-classes-7.16.7.tgz. Extracting by manifest.
2447 silly tarball no local data for @babel/plugin-transform-block-scoping@https://registry.npmjs.org/@babel/plugin-transform-block-scoping/-/plugin-transform-block-scoping-7.16.7.tgz. Extracting by manifest.
2448 silly tarball no local data for @babel/plugin-transform-block-scoped-functions@https://registry.npmjs.org/@babel/plugin-transform-block-scoped-functions/-/plugin-transform-block-scoped-functions-7.16.7.tgz. Extracting by manifest.
2449 silly tarball no local data for @babel/plugin-transform-async-to-generator@https://registry.npmjs.org/@babel/plugin-transform-async-to-generator/-/plugin-transform-async-to-generator-7.16.8.tgz. Extracting by manifest.
2450 silly tarball no local data for @babel/plugin-transform-arrow-functions@https://registry.npmjs.org/@babel/plugin-transform-arrow-functions/-/plugin-transform-arrow-functions-7.16.7.tgz. Extracting by manifest.
2451 silly tarball no local data for @babel/plugin-syntax-typescript@https://registry.npmjs.org/@babel/plugin-syntax-typescript/-/plugin-syntax-typescript-7.20.0.tgz. Extracting by manifest.
2452 silly tarball no local data for @babel/plugin-syntax-top-level-await@https://registry.npmjs.org/@babel/plugin-syntax-top-level-await/-/plugin-syntax-top-level-await-7.14.5.tgz. Extracting by manifest.
2453 silly tarball no local data for @babel/plugin-syntax-private-property-in-object@https://registry.npmjs.org/@babel/plugin-syntax-private-property-in-object/-/plugin-syntax-private-property-in-object-7.14.5.tgz. Extracting by manifest.
2454 silly tarball no local data for @babel/plugin-syntax-optional-chaining@https://registry.npmjs.org/@babel/plugin-syntax-optional-chaining/-/plugin-syntax-optional-chaining-7.8.3.tgz. Extracting by manifest.
2455 silly tarball no local data for @babel/plugin-syntax-optional-catch-binding@https://registry.npmjs.org/@babel/plugin-syntax-optional-catch-binding/-/plugin-syntax-optional-catch-binding-7.8.3.tgz. Extracting by manifest.
2456 silly tarball no local data for @babel/plugin-syntax-object-rest-spread@https://registry.npmjs.org/@babel/plugin-syntax-object-rest-spread/-/plugin-syntax-object-rest-spread-7.8.3.tgz. Extracting by manifest.
2457 silly tarball no local data for @babel/plugin-syntax-numeric-separator@https://registry.npmjs.org/@babel/plugin-syntax-numeric-separator/-/plugin-syntax-numeric-separator-7.10.4.tgz. Extracting by manifest.
2458 silly tarball no local data for @babel/plugin-syntax-nullish-coalescing-operator@https://registry.npmjs.org/@babel/plugin-syntax-nullish-coalescing-operator/-/plugin-syntax-nullish-coalescing-operator-7.8.3.tgz. Extracting by manifest.
2459 silly tarball no local data for @babel/plugin-syntax-logical-assignment-operators@https://registry.npmjs.org/@babel/plugin-syntax-logical-assignment-operators/-/plugin-syntax-logical-assignment-operators-7.10.4.tgz. Extracting by manifest.
2460 silly tarball no local data for @babel/plugin-syntax-jsx@https://registry.npmjs.org/@babel/plugin-syntax-jsx/-/plugin-syntax-jsx-7.16.7.tgz. Extracting by manifest.
2461 silly tarball no local data for @babel/plugin-syntax-json-strings@https://registry.npmjs.org/@babel/plugin-syntax-json-strings/-/plugin-syntax-json-strings-7.8.3.tgz. Extracting by manifest.
2462 silly tarball no local data for @babel/plugin-syntax-import-meta@https://registry.npmjs.org/@babel/plugin-syntax-import-meta/-/plugin-syntax-import-meta-7.10.4.tgz. Extracting by manifest.
2463 silly tarball no local data for @babel/plugin-syntax-flow@https://registry.npmjs.org/@babel/plugin-syntax-flow/-/plugin-syntax-flow-7.18.6.tgz. Extracting by manifest.
2464 silly tarball no local data for @babel/plugin-syntax-export-namespace-from@https://registry.npmjs.org/@babel/plugin-syntax-export-namespace-from/-/plugin-syntax-export-namespace-from-7.8.3.tgz. Extracting by manifest.
2465 silly tarball no local data for @babel/plugin-syntax-dynamic-import@https://registry.npmjs.org/@babel/plugin-syntax-dynamic-import/-/plugin-syntax-dynamic-import-7.8.3.tgz. Extracting by manifest.
2466 silly tarball no local data for @babel/plugin-syntax-decorators@https://registry.npmjs.org/@babel/plugin-syntax-decorators/-/plugin-syntax-decorators-7.21.0.tgz. Extracting by manifest.
2467 silly tarball no local data for @babel/plugin-syntax-class-static-block@https://registry.npmjs.org/@babel/plugin-syntax-class-static-block/-/plugin-syntax-class-static-block-7.14.5.tgz. Extracting by manifest.
2468 silly tarball no local data for @babel/plugin-syntax-class-properties@https://registry.npmjs.org/@babel/plugin-syntax-class-properties/-/plugin-syntax-class-properties-7.12.13.tgz. Extracting by manifest.
2469 silly tarball no local data for @babel/plugin-syntax-bigint@https://registry.npmjs.org/@babel/plugin-syntax-bigint/-/plugin-syntax-bigint-7.8.3.tgz. Extracting by manifest.
2470 silly tarball no local data for @babel/plugin-syntax-async-generators@https://registry.npmjs.org/@babel/plugin-syntax-async-generators/-/plugin-syntax-async-generators-7.8.4.tgz. Extracting by manifest.
2471 silly tarball no local data for @babel/plugin-proposal-unicode-property-regex@https://registry.npmjs.org/@babel/plugin-proposal-unicode-property-regex/-/plugin-proposal-unicode-property-regex-7.16.7.tgz. Extracting by manifest.
2472 silly tarball no local data for @babel/plugin-proposal-private-property-in-object@https://registry.npmjs.org/@babel/plugin-proposal-private-property-in-object/-/plugin-proposal-private-property-in-object-7.16.7.tgz. Extracting by manifest.
2473 silly tarball no local data for @babel/plugin-proposal-private-methods@https://registry.npmjs.org/@babel/plugin-proposal-private-methods/-/plugin-proposal-private-methods-7.16.11.tgz. Extracting by manifest.
2474 silly tarball no local data for @babel/plugin-proposal-optional-chaining@https://registry.npmjs.org/@babel/plugin-proposal-optional-chaining/-/plugin-proposal-optional-chaining-7.16.7.tgz. Extracting by manifest.
2475 silly tarball no local data for @babel/plugin-proposal-optional-catch-binding@https://registry.npmjs.org/@babel/plugin-proposal-optional-catch-binding/-/plugin-proposal-optional-catch-binding-7.16.7.tgz. Extracting by manifest.
2476 silly tarball no local data for @babel/plugin-proposal-object-rest-spread@https://registry.npmjs.org/@babel/plugin-proposal-object-rest-spread/-/plugin-proposal-object-rest-spread-7.16.7.tgz. Extracting by manifest.
2477 silly tarball no local data for @babel/plugin-proposal-numeric-separator@https://registry.npmjs.org/@babel/plugin-proposal-numeric-separator/-/plugin-proposal-numeric-separator-7.16.7.tgz. Extracting by manifest.
2478 silly tarball no local data for @babel/plugin-proposal-nullish-coalescing-operator@https://registry.npmjs.org/@babel/plugin-proposal-nullish-coalescing-operator/-/plugin-proposal-nullish-coalescing-operator-7.16.7.tgz. Extracting by manifest.
2479 silly tarball no local data for @babel/plugin-proposal-logical-assignment-operators@https://registry.npmjs.org/@babel/plugin-proposal-logical-assignment-operators/-/plugin-proposal-logical-assignment-operators-7.16.7.tgz. Extracting by manifest.
2480 silly tarball no local data for @babel/plugin-proposal-json-strings@https://registry.npmjs.org/@babel/plugin-proposal-json-strings/-/plugin-proposal-json-strings-7.16.7.tgz. Extracting by manifest.
2481 silly tarball no local data for @babel/plugin-proposal-export-namespace-from@https://registry.npmjs.org/@babel/plugin-proposal-export-namespace-from/-/plugin-proposal-export-namespace-from-7.16.7.tgz. Extracting by manifest.
2482 silly tarball no local data for @babel/plugin-proposal-dynamic-import@https://registry.npmjs.org/@babel/plugin-proposal-dynamic-import/-/plugin-proposal-dynamic-import-7.16.7.tgz. Extracting by manifest.
2483 silly tarball no local data for @babel/plugin-proposal-decorators@https://registry.npmjs.org/@babel/plugin-proposal-decorators/-/plugin-proposal-decorators-7.21.0.tgz. Extracting by manifest.
2484 silly tarball no local data for @babel/plugin-proposal-class-static-block@https://registry.npmjs.org/@babel/plugin-proposal-class-static-block/-/plugin-proposal-class-static-block-7.16.7.tgz. Extracting by manifest.
2485 silly tarball no local data for @babel/plugin-proposal-class-properties@https://registry.npmjs.org/@babel/plugin-proposal-class-properties/-/plugin-proposal-class-properties-7.16.7.tgz. Extracting by manifest.
2486 silly tarball no local data for @babel/plugin-proposal-async-generator-functions@https://registry.npmjs.org/@babel/plugin-proposal-async-generator-functions/-/plugin-proposal-async-generator-functions-7.16.8.tgz. Extracting by manifest.
2487 silly tarball no local data for @babel/plugin-bugfix-v8-spread-parameters-in-optional-chaining@https://registry.npmjs.org/@babel/plugin-bugfix-v8-spread-parameters-in-optional-chaining/-/plugin-bugfix-v8-spread-parameters-in-optional-chaining-7.16.7.tgz. Extracting by manifest.
2488 silly tarball no local data for @babel/plugin-bugfix-safari-id-destructuring-collision-in-function-expression@https://registry.npmjs.org/@babel/plugin-bugfix-safari-id-destructuring-collision-in-function-expression/-/plugin-bugfix-safari-id-destructuring-collision-in-function-expression-7.16.7.tgz. Extracting by manifest.
2489 silly tarball no local data for @babel/parser@https://registry.npmjs.org/@babel/parser/-/parser-7.21.3.tgz. Extracting by manifest.
2490 silly tarball no local data for @babel/highlight@https://registry.npmjs.org/@babel/highlight/-/highlight-7.18.6.tgz. Extracting by manifest.
2491 silly tarball no local data for @babel/helpers@https://registry.npmjs.org/@babel/helpers/-/helpers-7.16.7.tgz. Extracting by manifest.
2492 silly tarball no local data for @babel/helper-wrap-function@https://registry.npmjs.org/@babel/helper-wrap-function/-/helper-wrap-function-7.16.8.tgz. Extracting by manifest.
2493 silly tarball no local data for @babel/helper-validator-option@https://registry.npmjs.org/@babel/helper-validator-option/-/helper-validator-option-7.21.0.tgz. Extracting by manifest.
2494 silly tarball no local data for @babel/helper-validator-identifier@https://registry.npmjs.org/@babel/helper-validator-identifier/-/helper-validator-identifier-7.19.1.tgz. Extracting by manifest.
2495 silly tarball no local data for @babel/helper-string-parser@https://registry.npmjs.org/@babel/helper-string-parser/-/helper-string-parser-7.19.4.tgz. Extracting by manifest.
2496 silly tarball no local data for @babel/helper-split-export-declaration@https://registry.npmjs.org/@babel/helper-split-export-declaration/-/helper-split-export-declaration-7.18.6.tgz. Extracting by manifest.
2497 silly tarball no local data for @babel/helper-skip-transparent-expression-wrappers@https://registry.npmjs.org/@babel/helper-skip-transparent-expression-wrappers/-/helper-skip-transparent-expression-wrappers-7.20.0.tgz. Extracting by manifest.
2498 silly tarball no local data for @babel/helper-simple-access@https://registry.npmjs.org/@babel/helper-simple-access/-/helper-simple-access-7.16.7.tgz. Extracting by manifest.
2499 silly tarball no local data for @babel/helper-replace-supers@https://registry.npmjs.org/@babel/helper-replace-supers/-/helper-replace-supers-7.20.7.tgz. Extracting by manifest.
2500 silly tarball no local data for @babel/helper-remap-async-to-generator@https://registry.npmjs.org/@babel/helper-remap-async-to-generator/-/helper-remap-async-to-generator-7.16.8.tgz. Extracting by manifest.
2501 silly tarball no local data for @babel/helper-plugin-utils@https://registry.npmjs.org/@babel/helper-plugin-utils/-/helper-plugin-utils-7.20.2.tgz. Extracting by manifest.
2502 silly tarball no local data for @babel/helper-optimise-call-expression@https://registry.npmjs.org/@babel/helper-optimise-call-expression/-/helper-optimise-call-expression-7.18.6.tgz. Extracting by manifest.
2503 silly tarball no local data for @babel/helper-module-transforms@https://registry.npmjs.org/@babel/helper-module-transforms/-/helper-module-transforms-7.16.7.tgz. Extracting by manifest.
2504 silly tarball no local data for @babel/helper-module-imports@https://registry.npmjs.org/@babel/helper-module-imports/-/helper-module-imports-7.18.6.tgz. Extracting by manifest.
2505 silly tarball no local data for @babel/helper-member-expression-to-functions@https://registry.npmjs.org/@babel/helper-member-expression-to-functions/-/helper-member-expression-to-functions-7.21.0.tgz. Extracting by manifest.
2506 silly tarball no local data for @babel/helper-hoist-variables@https://registry.npmjs.org/@babel/helper-hoist-variables/-/helper-hoist-variables-7.18.6.tgz. Extracting by manifest.
2507 silly tarball no local data for @babel/helper-function-name@https://registry.npmjs.org/@babel/helper-function-name/-/helper-function-name-7.21.0.tgz. Extracting by manifest.
2508 silly tarball no local data for @babel/helper-explode-assignable-expression@https://registry.npmjs.org/@babel/helper-explode-assignable-expression/-/helper-explode-assignable-expression-7.16.7.tgz. Extracting by manifest.
2509 silly tarball no local data for @babel/helper-environment-visitor@https://registry.npmjs.org/@babel/helper-environment-visitor/-/helper-environment-visitor-7.18.9.tgz. Extracting by manifest.
2510 silly tarball no local data for @babel/helper-define-polyfill-provider@https://registry.npmjs.org/@babel/helper-define-polyfill-provider/-/helper-define-polyfill-provider-0.3.3.tgz. Extracting by manifest.
2511 silly tarball no local data for @babel/helper-create-regexp-features-plugin@https://registry.npmjs.org/@babel/helper-create-regexp-features-plugin/-/helper-create-regexp-features-plugin-7.16.7.tgz. Extracting by manifest.
2512 silly tarball no local data for @babel/helper-create-class-features-plugin@https://registry.npmjs.org/@babel/helper-create-class-features-plugin/-/helper-create-class-features-plugin-7.21.0.tgz. Extracting by manifest.
2513 silly tarball no local data for @babel/helper-compilation-targets@https://registry.npmjs.org/@babel/helper-compilation-targets/-/helper-compilation-targets-7.20.7.tgz. Extracting by manifest.
2514 silly tarball no local data for @babel/helper-builder-binary-assignment-operator-visitor@https://registry.npmjs.org/@babel/helper-builder-binary-assignment-operator-visitor/-/helper-builder-binary-assignment-operator-visitor-7.16.7.tgz. Extracting by manifest.
2515 silly tarball no local data for @babel/helper-annotate-as-pure@https://registry.npmjs.org/@babel/helper-annotate-as-pure/-/helper-annotate-as-pure-7.18.6.tgz. Extracting by manifest.
2516 silly tarball no local data for @babel/generator@https://registry.npmjs.org/@babel/generator/-/generator-7.21.3.tgz. Extracting by manifest.
2517 silly tarball no local data for @babel/eslint-parser@https://registry.npmjs.org/@babel/eslint-parser/-/eslint-parser-7.21.3.tgz. Extracting by manifest.
2518 silly tarball no local data for @babel/core@https://registry.npmjs.org/@babel/core/-/core-7.16.12.tgz. Extracting by manifest.
2519 silly tarball no local data for @babel/compat-data@https://registry.npmjs.org/@babel/compat-data/-/compat-data-7.21.0.tgz. Extracting by manifest.
2520 silly tarball no local data for @babel/code-frame@https://registry.npmjs.org/@babel/code-frame/-/code-frame-7.18.6.tgz. Extracting by manifest.
2521 silly tarball no local data for jest-config@https://registry.npmjs.org/jest-config/-/jest-config-27.4.7.tgz. Extracting by manifest.
2522 silly tarball no local data for webpack-sources@https://registry.npmjs.org/webpack-sources/-/webpack-sources-1.4.3.tgz. Extracting by manifest.
2523 silly tarball no local data for webidl-conversions@https://registry.npmjs.org/webidl-conversions/-/webidl-conversions-4.0.2.tgz. Extracting by manifest.
2524 silly tarball no local data for source-map@https://registry.npmjs.org/source-map/-/source-map-0.6.1.tgz. Extracting by manifest.
2525 silly tarball no local data for whatwg-url@https://registry.npmjs.org/whatwg-url/-/whatwg-url-7.1.0.tgz. Extracting by manifest.
2526 silly tarball no local data for tr46@https://registry.npmjs.org/tr46/-/tr46-1.0.1.tgz. Extracting by manifest.
2527 silly tarball no local data for source-map@https://registry.npmjs.org/source-map/-/source-map-0.8.0-beta.0.tgz. Extracting by manifest.
2528 silly tarball no local data for json-schema-traverse@https://registry.npmjs.org/json-schema-traverse/-/json-schema-traverse-1.0.0.tgz. Extracting by manifest.
2529 silly tarball no local data for ajv@https://registry.npmjs.org/ajv/-/ajv-8.9.0.tgz. Extracting by manifest.
2530 silly tarball no local data for @apideck/better-ajv-errors@https://registry.npmjs.org/@apideck/better-ajv-errors/-/better-ajv-errors-0.3.2.tgz. Extracting by manifest.
2531 silly tarball no local data for fs-extra@https://registry.npmjs.org/fs-extra/-/fs-extra-9.1.0.tgz. Extracting by manifest.
2532 silly tarball no local data for webpack-sources@https://registry.npmjs.org/webpack-sources/-/webpack-sources-2.3.1.tgz. Extracting by manifest.
2533 silly tarball no local data for source-map@https://registry.npmjs.org/source-map/-/source-map-0.6.1.tgz. Extracting by manifest.
2534 silly tarball no local data for ws@https://registry.npmjs.org/ws/-/ws-8.4.2.tgz. Extracting by manifest.
2535 silly tarball no local data for strip-ansi@https://registry.npmjs.org/strip-ansi/-/strip-ansi-7.0.1.tgz. Extracting by manifest.
2536 silly tarball no local data for schema-utils@https://registry.npmjs.org/schema-utils/-/schema-utils-4.0.0.tgz. Extracting by manifest.
2537 silly tarball no local data for json-schema-traverse@https://registry.npmjs.org/json-schema-traverse/-/json-schema-traverse-1.0.0.tgz. Extracting by manifest.
2538 silly tarball no local data for ipaddr.js@https://registry.npmjs.org/ipaddr.js/-/ipaddr.js-2.0.1.tgz. Extracting by manifest.
2539 silly tarball no local data for ajv-keywords@https://registry.npmjs.org/ajv-keywords/-/ajv-keywords-5.1.0.tgz. Extracting by manifest.
2540 silly tarball no local data for ajv@https://registry.npmjs.org/ajv/-/ajv-8.9.0.tgz. Extracting by manifest.
2541 silly tarball no local data for ansi-regex@https://registry.npmjs.org/ansi-regex/-/ansi-regex-6.0.1.tgz. Extracting by manifest.
2542 silly tarball no local data for schema-utils@https://registry.npmjs.org/schema-utils/-/schema-utils-4.0.0.tgz. Extracting by manifest.
2543 silly tarball no local data for json-schema-traverse@https://registry.npmjs.org/json-schema-traverse/-/json-schema-traverse-1.0.0.tgz. Extracting by manifest.
2544 silly tarball no local data for ajv-keywords@https://registry.npmjs.org/ajv-keywords/-/ajv-keywords-5.1.0.tgz. Extracting by manifest.
2545 silly tarball no local data for ajv@https://registry.npmjs.org/ajv/-/ajv-8.9.0.tgz. Extracting by manifest.
2546 silly tarball no local data for estraverse@https://registry.npmjs.org/estraverse/-/estraverse-4.3.0.tgz. Extracting by manifest.
2547 silly tarball no local data for eslint-scope@https://registry.npmjs.org/eslint-scope/-/eslint-scope-5.1.1.tgz. Extracting by manifest.
2548 silly tarball no local data for source-map@https://registry.npmjs.org/source-map/-/source-map-0.7.3.tgz. Extracting by manifest.
2549 silly tarball no local data for tslib@https://registry.npmjs.org/tslib/-/tslib-1.14.1.tgz. Extracting by manifest.
2550 silly tarball no local data for strip-bom@https://registry.npmjs.org/strip-bom/-/strip-bom-3.0.0.tgz. Extracting by manifest.
2551 silly tarball no local data for json5@https://registry.npmjs.org/json5/-/json5-1.0.2.tgz. Extracting by manifest.
2552 silly tarball no local data for universalify@https://registry.npmjs.org/universalify/-/universalify-0.1.2.tgz. Extracting by manifest.
2553 silly tarball no local data for type-fest@https://registry.npmjs.org/type-fest/-/type-fest-0.16.0.tgz. Extracting by manifest.
2554 silly tarball no local data for nth-check@https://registry.npmjs.org/nth-check/-/nth-check-1.0.2.tgz. Extracting by manifest.
2555 silly tarball no local data for domutils@https://registry.npmjs.org/domutils/-/domutils-1.7.0.tgz. Extracting by manifest.
2556 silly tarball no local data for domelementtype@https://registry.npmjs.org/domelementtype/-/domelementtype-1.3.1.tgz. Extracting by manifest.
2557 silly tarball no local data for css-what@https://registry.npmjs.org/css-what/-/css-what-3.4.2.tgz. Extracting by manifest.
2558 silly tarball no local data for css-select@https://registry.npmjs.org/css-select/-/css-select-2.1.0.tgz. Extracting by manifest.
2559 silly tarball no local data for dom-serializer@https://registry.npmjs.org/dom-serializer/-/dom-serializer-0.2.2.tgz. Extracting by manifest.
2560 silly tarball no local data for escape-string-regexp@https://registry.npmjs.org/escape-string-regexp/-/escape-string-regexp-2.0.0.tgz. Extracting by manifest.
2561 silly tarball no local data for source-map@https://registry.npmjs.org/source-map/-/source-map-0.6.1.tgz. Extracting by manifest.
2562 silly tarball no local data for iconv-lite@https://registry.npmjs.org/iconv-lite/-/iconv-lite-0.6.3.tgz. Extracting by manifest.
2563 silly tarball no local data for setprototypeof@https://registry.npmjs.org/setprototypeof/-/setprototypeof-1.1.0.tgz. Extracting by manifest.
2564 silly tarball no local data for inherits@https://registry.npmjs.org/inherits/-/inherits-2.0.3.tgz. Extracting by manifest.
2565 silly tarball no local data for http-errors@https://registry.npmjs.org/http-errors/-/http-errors-1.6.3.tgz. Extracting by manifest.
2566 silly tarball no local data for serialize-javascript@https://registry.npmjs.org/serialize-javascript/-/serialize-javascript-4.0.0.tgz. Extracting by manifest.
2567 silly tarball no local data for jest-worker@https://registry.npmjs.org/jest-worker/-/jest-worker-26.6.2.tgz. Extracting by manifest.
2568 silly tarball no local data for source-map@https://registry.npmjs.org/source-map/-/source-map-0.6.1.tgz. Extracting by manifest.
2569 silly tarball no local data for postcss@https://registry.npmjs.org/postcss/-/postcss-7.0.39.tgz. Extracting by manifest.
2570 silly tarball no local data for picocolors@https://registry.npmjs.org/picocolors/-/picocolors-0.2.1.tgz. Extracting by manifest.
2571 silly tarball no local data for jsesc@https://registry.npmjs.org/jsesc/-/jsesc-0.5.0.tgz. Extracting by manifest.
2572 silly tarball no local data for path-to-regexp@https://registry.npmjs.org/path-to-regexp/-/path-to-regexp-1.8.0.tgz. Extracting by manifest.
2573 silly tarball no local data for isarray@https://registry.npmjs.org/isarray/-/isarray-0.0.1.tgz. Extracting by manifest.
2574 silly tarball no local data for loader-utils@https://registry.npmjs.org/loader-utils/-/loader-utils-3.2.1.tgz. Extracting by manifest.
2575 silly tarball no local data for escape-string-regexp@https://registry.npmjs.org/escape-string-regexp/-/escape-string-regexp-4.0.0.tgz. Extracting by manifest.
2576 silly tarball no local data for react-is@https://registry.npmjs.org/react-is/-/react-is-17.0.2.tgz. Extracting by manifest.
2577 silly tarball no local data for ansi-styles@https://registry.npmjs.org/ansi-styles/-/ansi-styles-5.2.0.tgz. Extracting by manifest.
2578 silly tarball no local data for svgo@https://registry.npmjs.org/svgo/-/svgo-2.8.0.tgz. Extracting by manifest.
2579 silly tarball no local data for source-map@https://registry.npmjs.org/source-map/-/source-map-0.6.1.tgz. Extracting by manifest.
2580 silly tarball no local data for mdn-data@https://registry.npmjs.org/mdn-data/-/mdn-data-2.0.14.tgz. Extracting by manifest.
2581 silly tarball no local data for css-tree@https://registry.npmjs.org/css-tree/-/css-tree-1.1.3.tgz. Extracting by manifest.
2582 silly tarball no local data for commander@https://registry.npmjs.org/commander/-/commander-7.2.0.tgz. Extracting by manifest.
2583 silly tarball no local data for debug@https://registry.npmjs.org/debug/-/debug-3.2.7.tgz. Extracting by manifest.
2584 silly tarball no local data for path-exists@https://registry.npmjs.org/path-exists/-/path-exists-3.0.0.tgz. Extracting by manifest.
2585 silly tarball no local data for p-locate@https://registry.npmjs.org/p-locate/-/p-locate-3.0.0.tgz. Extracting by manifest.
2586 silly tarball no local data for p-limit@https://registry.npmjs.org/p-limit/-/p-limit-2.3.0.tgz. Extracting by manifest.
2587 silly tarball no local data for locate-path@https://registry.npmjs.org/locate-path/-/locate-path-3.0.0.tgz. Extracting by manifest.
2588 silly tarball no local data for find-up@https://registry.npmjs.org/find-up/-/find-up-3.0.0.tgz. Extracting by manifest.
2589 silly tarball no local data for p-locate@https://registry.npmjs.org/p-locate/-/p-locate-4.1.0.tgz. Extracting by manifest.
2590 silly tarball no local data for locate-path@https://registry.npmjs.org/locate-path/-/locate-path-5.0.0.tgz. Extracting by manifest.
2591 silly tarball no local data for find-up@https://registry.npmjs.org/find-up/-/find-up-4.1.0.tgz. Extracting by manifest.
2592 silly tarball no local data for p-limit@https://registry.npmjs.org/p-limit/-/p-limit-2.3.0.tgz. Extracting by manifest.
2593 silly tarball no local data for schema-utils@https://registry.npmjs.org/schema-utils/-/schema-utils-4.0.0.tgz. Extracting by manifest.
2594 silly tarball no local data for ajv-keywords@https://registry.npmjs.org/ajv-keywords/-/ajv-keywords-5.1.0.tgz. Extracting by manifest.
2595 silly tarball no local data for ajv@https://registry.npmjs.org/ajv/-/ajv-8.9.0.tgz. Extracting by manifest.
2596 silly tarball no local data for json-schema-traverse@https://registry.npmjs.org/json-schema-traverse/-/json-schema-traverse-1.0.0.tgz. Extracting by manifest.
2597 silly tarball no local data for semver@https://registry.npmjs.org/semver/-/semver-6.3.0.tgz. Extracting by manifest.
2598 silly tarball no local data for strip-ansi@https://registry.npmjs.org/strip-ansi/-/strip-ansi-7.0.1.tgz. Extracting by manifest.
2599 silly tarball no local data for slash@https://registry.npmjs.org/slash/-/slash-4.0.0.tgz. Extracting by manifest.
2600 silly tarball no local data for string-length@https://registry.npmjs.org/string-length/-/string-length-5.0.1.tgz. Extracting by manifest.
2601 silly tarball no local data for char-regex@https://registry.npmjs.org/char-regex/-/char-regex-2.0.0.tgz. Extracting by manifest.
2602 silly tarball no local data for ansi-regex@https://registry.npmjs.org/ansi-regex/-/ansi-regex-6.0.1.tgz. Extracting by manifest.
2603 silly tarball no local data for async@https://registry.npmjs.org/async/-/async-3.2.4.tgz. Extracting by manifest.
2604 silly tarball no local data for source-map@https://registry.npmjs.org/source-map/-/source-map-0.6.1.tgz. Extracting by manifest.
2605 silly tarball no local data for semver@https://registry.npmjs.org/semver/-/semver-6.3.0.tgz. Extracting by manifest.
2606 silly tarball no local data for resolve-from@https://registry.npmjs.org/resolve-from/-/resolve-from-4.0.0.tgz. Extracting by manifest.
2607 silly tarball no local data for commander@https://registry.npmjs.org/commander/-/commander-8.3.0.tgz. Extracting by manifest.
2608 silly tarball no local data for string_decoder@https://registry.npmjs.org/string_decoder/-/string_decoder-1.1.1.tgz. Extracting by manifest.
2609 silly tarball no local data for readable-stream@https://registry.npmjs.org/readable-stream/-/readable-stream-2.3.7.tgz. Extracting by manifest.
2610 silly tarball no local data for tapable@https://registry.npmjs.org/tapable/-/tapable-1.1.3.tgz. Extracting by manifest.
2611 silly tarball no local data for schema-utils@https://registry.npmjs.org/schema-utils/-/schema-utils-2.7.0.tgz. Extracting by manifest.
2612 silly tarball no local data for fs-extra@https://registry.npmjs.org/fs-extra/-/fs-extra-9.1.0.tgz. Extracting by manifest.
2613 silly tarball no local data for cosmiconfig@https://registry.npmjs.org/cosmiconfig/-/cosmiconfig-6.0.0.tgz. Extracting by manifest.
2614 silly tarball no local data for minimatch@https://registry.npmjs.org/minimatch/-/minimatch-5.1.6.tgz. Extracting by manifest.
2615 silly tarball no local data for brace-expansion@https://registry.npmjs.org/brace-expansion/-/brace-expansion-2.0.1.tgz. Extracting by manifest.
2616 silly tarball no local data for glob-parent@https://registry.npmjs.org/glob-parent/-/glob-parent-5.1.2.tgz. Extracting by manifest.
2617 silly tarball no local data for eslint-visitor-keys@https://registry.npmjs.org/eslint-visitor-keys/-/eslint-visitor-keys-2.1.0.tgz. Extracting by manifest.
2618 silly tarball no local data for semver@https://registry.npmjs.org/semver/-/semver-6.3.0.tgz. Extracting by manifest.
2619 silly tarball no local data for resolve@https://registry.npmjs.org/resolve/-/resolve-2.0.0-next.4.tgz. Extracting by manifest.
2620 silly tarball no local data for doctrine@https://registry.npmjs.org/doctrine/-/doctrine-2.1.0.tgz. Extracting by manifest.
2621 silly tarball no local data for semver@https://registry.npmjs.org/semver/-/semver-6.3.0.tgz. Extracting by manifest.
2622 silly tarball no local data for semver@https://registry.npmjs.org/semver/-/semver-6.3.0.tgz. Extracting by manifest.
2623 silly tarball no local data for resolve@https://registry.npmjs.org/resolve/-/resolve-1.22.1.tgz. Extracting by manifest.
2624 silly tarball no local data for doctrine@https://registry.npmjs.org/doctrine/-/doctrine-2.1.0.tgz. Extracting by manifest.
2625 silly tarball no local data for debug@https://registry.npmjs.org/debug/-/debug-3.2.7.tgz. Extracting by manifest.
2626 silly tarball no local data for debug@https://registry.npmjs.org/debug/-/debug-3.2.7.tgz. Extracting by manifest.
2627 silly tarball no local data for resolve@https://registry.npmjs.org/resolve/-/resolve-1.22.1.tgz. Extracting by manifest.
2628 silly tarball no local data for debug@https://registry.npmjs.org/debug/-/debug-3.2.7.tgz. Extracting by manifest.
2629 silly tarball no local data for type-fest@https://registry.npmjs.org/type-fest/-/type-fest-0.20.2.tgz. Extracting by manifest.
2630 silly tarball no local data for js-yaml@https://registry.npmjs.org/js-yaml/-/js-yaml-4.1.0.tgz. Extracting by manifest.
2631 silly tarball no local data for globals@https://registry.npmjs.org/globals/-/globals-13.12.0.tgz. Extracting by manifest.
2632 silly tarball no local data for escape-string-regexp@https://registry.npmjs.org/escape-string-regexp/-/escape-string-regexp-4.0.0.tgz. Extracting by manifest.
2633 silly tarball no local data for argparse@https://registry.npmjs.org/argparse/-/argparse-2.0.1.tgz. Extracting by manifest.
2634 silly tarball no local data for type-check@https://registry.npmjs.org/type-check/-/type-check-0.3.2.tgz. Extracting by manifest.
2635 silly tarball no local data for source-map@https://registry.npmjs.org/source-map/-/source-map-0.6.1.tgz. Extracting by manifest.
2636 silly tarball no local data for prelude-ls@https://registry.npmjs.org/prelude-ls/-/prelude-ls-1.1.2.tgz. Extracting by manifest.
2637 silly tarball no local data for optionator@https://registry.npmjs.org/optionator/-/optionator-0.8.3.tgz. Extracting by manifest.
2638 silly tarball no local data for levn@https://registry.npmjs.org/levn/-/levn-0.3.0.tgz. Extracting by manifest.
2639 silly tarball no local data for isarray@https://registry.npmjs.org/isarray/-/isarray-2.0.5.tgz. Extracting by manifest.
2640 silly tarball no local data for commander@https://registry.npmjs.org/commander/-/commander-4.1.1.tgz. Extracting by manifest.
2641 silly tarball no local data for webidl-conversions@https://registry.npmjs.org/webidl-conversions/-/webidl-conversions-5.0.0.tgz. Extracting by manifest.
2642 silly tarball no local data for cssom@https://registry.npmjs.org/cssom/-/cssom-0.3.8.tgz. Extracting by manifest.
2643 silly tarball no local data for source-map@https://registry.npmjs.org/source-map/-/source-map-0.6.1.tgz. Extracting by manifest.
2644 silly tarball no local data for mdn-data@https://registry.npmjs.org/mdn-data/-/mdn-data-2.0.14.tgz. Extracting by manifest.
2645 silly tarball no local data for css-tree@https://registry.npmjs.org/css-tree/-/css-tree-1.1.3.tgz. Extracting by manifest.
2646 silly tarball no local data for source-map@https://registry.npmjs.org/source-map/-/source-map-0.6.1.tgz. Extracting by manifest.
2647 silly tarball no local data for source-map@https://registry.npmjs.org/source-map/-/source-map-0.6.1.tgz. Extracting by manifest.
2648 silly tarball no local data for schema-utils@https://registry.npmjs.org/schema-utils/-/schema-utils-4.0.0.tgz. Extracting by manifest.
2649 silly tarball no local data for json-schema-traverse@https://registry.npmjs.org/json-schema-traverse/-/json-schema-traverse-1.0.0.tgz. Extracting by manifest.
2650 silly tarball no local data for ajv-keywords@https://registry.npmjs.org/ajv-keywords/-/ajv-keywords-5.1.0.tgz. Extracting by manifest.
2651 silly tarball no local data for ajv@https://registry.npmjs.org/ajv/-/ajv-8.9.0.tgz. Extracting by manifest.
2652 silly tarball no local data for which@https://registry.npmjs.org/which/-/which-2.0.2.tgz. Extracting by manifest.
2653 silly tarball no local data for source-map@https://registry.npmjs.org/source-map/-/source-map-0.6.1.tgz. Extracting by manifest.
2654 silly tarball no local data for glob-parent@https://registry.npmjs.org/glob-parent/-/glob-parent-5.1.2.tgz. Extracting by manifest.
2655 silly tarball no local data for semver@https://registry.npmjs.org/semver/-/semver-6.3.0.tgz. Extracting by manifest.
2656 silly tarball no local data for schema-utils@https://registry.npmjs.org/schema-utils/-/schema-utils-2.7.1.tgz. Extracting by manifest.
2657 silly tarball no local data for loader-utils@https://registry.npmjs.org/loader-utils/-/loader-utils-1.4.2.tgz. Extracting by manifest.
2658 silly tarball no local data for json5@https://registry.npmjs.org/json5/-/json5-1.0.2.tgz. Extracting by manifest.
2659 silly tarball no local data for isarray@https://registry.npmjs.org/isarray/-/isarray-2.0.5.tgz. Extracting by manifest.
2660 silly tarball no local data for deep-equal@https://registry.npmjs.org/deep-equal/-/deep-equal-2.2.0.tgz. Extracting by manifest.
2661 silly tarball no local data for isarray@https://registry.npmjs.org/isarray/-/isarray-2.0.5.tgz. Extracting by manifest.
2662 silly tarball no local data for deep-equal@https://registry.npmjs.org/deep-equal/-/deep-equal-2.2.0.tgz. Extracting by manifest.
2663 silly tarball no local data for json-schema-traverse@https://registry.npmjs.org/json-schema-traverse/-/json-schema-traverse-1.0.0.tgz. Extracting by manifest.
2664 silly tarball no local data for ajv@https://registry.npmjs.org/ajv/-/ajv-8.9.0.tgz. Extracting by manifest.
2665 silly tarball no local data for acorn@https://registry.npmjs.org/acorn/-/acorn-7.4.1.tgz. Extracting by manifest.
2666 silly tarball no local data for acorn@https://registry.npmjs.org/acorn/-/acorn-7.4.1.tgz. Extracting by manifest.
2667 silly tarball no local data for semver@https://registry.npmjs.org/semver/-/semver-7.3.8.tgz. Extracting by manifest.
2668 silly tarball no local data for estraverse@https://registry.npmjs.org/estraverse/-/estraverse-4.3.0.tgz. Extracting by manifest.
2669 silly tarball no local data for eslint-scope@https://registry.npmjs.org/eslint-scope/-/eslint-scope-5.1.1.tgz. Extracting by manifest.
2670 silly tarball no local data for semver@https://registry.npmjs.org/semver/-/semver-7.3.8.tgz. Extracting by manifest.
2671 silly tarball no local data for debug@https://registry.npmjs.org/debug/-/debug-4.3.4.tgz. Extracting by manifest.
2672 silly tarball no local data for debug@https://registry.npmjs.org/debug/-/debug-4.3.4.tgz. Extracting by manifest.
2673 silly tarball no local data for debug@https://registry.npmjs.org/debug/-/debug-4.3.4.tgz. Extracting by manifest.
2674 silly tarball no local data for semver@https://registry.npmjs.org/semver/-/semver-7.3.8.tgz. Extracting by manifest.
2675 silly tarball no local data for debug@https://registry.npmjs.org/debug/-/debug-4.3.4.tgz. Extracting by manifest.
2676 silly tarball no local data for @types/estree@https://registry.npmjs.org/@types/estree/-/estree-0.0.39.tgz. Extracting by manifest.
2677 silly tarball no local data for source-map@https://registry.npmjs.org/source-map/-/source-map-0.7.3.tgz. Extracting by manifest.
2678 silly tarball no local data for estraverse@https://registry.npmjs.org/estraverse/-/estraverse-4.3.0.tgz. Extracting by manifest.
2679 silly tarball no local data for eslint-scope@https://registry.npmjs.org/eslint-scope/-/eslint-scope-5.1.1.tgz. Extracting by manifest.
2680 silly tarball no local data for react-is@https://registry.npmjs.org/react-is/-/react-is-17.0.2.tgz. Extracting by manifest.
2681 silly tarball no local data for react-is@https://registry.npmjs.org/react-is/-/react-is-17.0.2.tgz. Extracting by manifest.
2682 silly tarball no local data for react-is@https://registry.npmjs.org/react-is/-/react-is-17.0.2.tgz. Extracting by manifest.
2683 silly tarball no local data for source-map@https://registry.npmjs.org/source-map/-/source-map-0.6.1.tgz. Extracting by manifest.
2684 silly tarball no local data for source-map@https://registry.npmjs.org/source-map/-/source-map-0.6.1.tgz. Extracting by manifest.
2685 silly tarball no local data for source-map@https://registry.npmjs.org/source-map/-/source-map-0.6.1.tgz. Extracting by manifest.
2686 silly tarball no local data for p-locate@https://registry.npmjs.org/p-locate/-/p-locate-4.1.0.tgz. Extracting by manifest.
2687 silly tarball no local data for p-limit@https://registry.npmjs.org/p-limit/-/p-limit-2.3.0.tgz. Extracting by manifest.
2688 silly tarball no local data for find-up@https://registry.npmjs.org/find-up/-/find-up-4.1.0.tgz. Extracting by manifest.
2689 silly tarball no local data for locate-path@https://registry.npmjs.org/locate-path/-/locate-path-5.0.0.tgz. Extracting by manifest.
2690 silly tarball no local data for camelcase@https://registry.npmjs.org/camelcase/-/camelcase-5.3.1.tgz. Extracting by manifest.
2691 silly tarball no local data for type-fest@https://registry.npmjs.org/type-fest/-/type-fest-0.20.2.tgz. Extracting by manifest.
2692 silly tarball no local data for js-yaml@https://registry.npmjs.org/js-yaml/-/js-yaml-4.1.0.tgz. Extracting by manifest.
2693 silly tarball no local data for ignore@https://registry.npmjs.org/ignore/-/ignore-4.0.6.tgz. Extracting by manifest.
2694 silly tarball no local data for globals@https://registry.npmjs.org/globals/-/globals-13.12.0.tgz. Extracting by manifest.
2695 silly tarball no local data for argparse@https://registry.npmjs.org/argparse/-/argparse-2.0.1.tgz. Extracting by manifest.
2696 silly tarball no local data for escape-string-regexp@https://registry.npmjs.org/escape-string-regexp/-/escape-string-regexp-4.0.0.tgz. Extracting by manifest.
2697 silly tarball no local data for cosmiconfig@https://registry.npmjs.org/cosmiconfig/-/cosmiconfig-6.0.0.tgz. Extracting by manifest.
2698 silly tarball no local data for babel-plugin-macros@https://registry.npmjs.org/babel-plugin-macros/-/babel-plugin-macros-2.8.0.tgz. Extracting by manifest.
2699 silly tarball no local data for semver@https://registry.npmjs.org/semver/-/semver-6.3.0.tgz. Extracting by manifest.
2700 silly tarball no local data for semver@https://registry.npmjs.org/semver/-/semver-6.3.0.tgz. Extracting by manifest.
2701 silly tarball no local data for babel-plugin-polyfill-regenerator@https://registry.npmjs.org/babel-plugin-polyfill-regenerator/-/babel-plugin-polyfill-regenerator-0.4.1.tgz. Extracting by manifest.
2702 silly tarball no local data for babel-plugin-polyfill-corejs3@https://registry.npmjs.org/babel-plugin-polyfill-corejs3/-/babel-plugin-polyfill-corejs3-0.6.0.tgz. Extracting by manifest.
2703 silly tarball no local data for semver@https://registry.npmjs.org/semver/-/semver-6.3.0.tgz. Extracting by manifest.
2704 silly tarball no local data for yallist@https://registry.npmjs.org/yallist/-/yallist-3.1.1.tgz. Extracting by manifest.
2705 silly tarball no local data for semver@https://registry.npmjs.org/semver/-/semver-6.3.0.tgz. Extracting by manifest.
2706 silly tarball no local data for lru-cache@https://registry.npmjs.org/lru-cache/-/lru-cache-5.1.1.tgz. Extracting by manifest.
2707 silly tarball no local data for semver@https://registry.npmjs.org/semver/-/semver-6.3.0.tgz. Extracting by manifest.
2708 silly tarball no local data for eslint-visitor-keys@https://registry.npmjs.org/eslint-visitor-keys/-/eslint-visitor-keys-2.1.0.tgz. Extracting by manifest.
2709 silly tarball no local data for semver@https://registry.npmjs.org/semver/-/semver-6.3.0.tgz. Extracting by manifest.
2710 silly tarball no local data for @babel/template@https://registry.npmjs.org/@babel/template/-/template-7.20.7.tgz. Extracting by manifest.
2711 http fetch POST 200 https://registry.npmjs.org/-/npm/v1/security/advisories/bulk 3064ms
2712 silly audit report {
2712 silly audit report   semver: [
2712 silly audit report     {
2712 silly audit report       id: 1112921,
2712 silly audit report       url: 'https://github.com/advisories/GHSA-c2qf-rxjj-qqgw',
2712 silly audit report       title: 'semver vulnerable to Regular Expression Denial of Service',
2712 silly audit report       severity: 'high',
2712 silly audit report       vulnerable_versions: '>=7.0.0 <7.5.2',
2712 silly audit report       cwe: [Array],
2712 silly audit report       cvss: [Object]
2712 silly audit report     },
2712 silly audit report     {
2712 silly audit report       id: 1112922,
2712 silly audit report       url: 'https://github.com/advisories/GHSA-c2qf-rxjj-qqgw',
2712 silly audit report       title: 'semver vulnerable to Regular Expression Denial of Service',
2712 silly audit report       severity: 'high',
2712 silly audit report       vulnerable_versions: '>=6.0.0 <6.3.1',
2712 silly audit report       cwe: [Array],
2712 silly audit report       cvss: [Object]
2712 silly audit report     }
2712 silly audit report   ],
2712 silly audit report   '@babel/helpers': [
2712 silly audit report     {
2712 silly audit report       id: 1104001,
2712 silly audit report       url: 'https://github.com/advisories/GHSA-968p-4wvh-cqc8',
2712 silly audit report       title: 'Babel has inefficient RegExp complexity in generated code with .replace when transpiling named capturing groups',
2712 silly audit report       severity: 'moderate',
2712 silly audit report       vulnerable_versions: '<7.26.10',
2712 silly audit report       cwe: [Array],
2712 silly audit report       cvss: [Object]
2712 silly audit report     }
2712 silly audit report   ],
2712 silly audit report   '@babel/plugin-transform-modules-systemjs': [
2712 silly audit report     {
2712 silly audit report       id: 1117908,
2712 silly audit report       url: 'https://github.com/advisories/GHSA-fv7c-fp4j-7gwp',
2712 silly audit report       title: '@babel/plugin-transform-modules-systemjs generates arbitrary code when compiling malicious input',
2712 silly audit report       severity: 'high',
2712 silly audit report       vulnerable_versions: '>=7.12.0 <=7.29.3',
2712 silly audit report       cwe: [Array],
2712 silly audit report       cvss: [Object]
2712 silly audit report     }
2712 silly audit report   ],
2712 silly audit report   '@babel/runtime': [
2712 silly audit report     {
2712 silly audit report       id: 1104000,
2712 silly audit report       url: 'https://github.com/advisories/GHSA-968p-4wvh-cqc8',
2712 silly audit report       title: 'Babel has inefficient RegExp complexity in generated code with .replace when transpiling named capturing groups',
2712 silly audit report       severity: 'moderate',
2712 silly audit report       vulnerable_versions: '<7.26.10',
2712 silly audit report       cwe: [Array],
2712 silly audit report       cvss: [Object]
2712 silly audit report     }
2712 silly audit report   ],
2712 silly audit report   '@babel/traverse': [
2712 silly audit report     {
2712 silly audit report       id: 1117420,
2712 silly audit report       url: 'https://github.com/advisories/GHSA-67hx-6x53-jw92',
2712 silly audit report       title: 'Babel vulnerable to arbitrary code execution when compiling specifically crafted malicious code',
2712 silly audit report       severity: 'critical',
2712 silly audit report       vulnerable_versions: '<7.23.2',
2712 silly audit report       cwe: [Array],
2712 silly audit report       cvss: [Object]
2712 silly audit report     }
2712 silly audit report   ],
2712 silly audit report   'js-yaml': [
2712 silly audit report     {
2712 silly audit report       id: 1112714,
2712 silly audit report       url: 'https://github.com/advisories/GHSA-mh29-5h37-fv8m',
2712 silly audit report       title: 'js-yaml has prototype pollution in merge (<<)',
2712 silly audit report       severity: 'moderate',
2712 silly audit report       vulnerable_versions: '<3.14.2',
2712 silly audit report       cwe: [Array],
2712 silly audit report       cvss: [Object]
2712 silly audit report     },
2712 silly audit report     {
2712 silly audit report       id: 1112715,
2712 silly audit report       url: 'https://github.com/advisories/GHSA-mh29-5h37-fv8m',
2712 silly audit report       title: 'js-yaml has prototype pollution in merge (<<)',
2712 silly audit report       severity: 'moderate',
2712 silly audit report       vulnerable_versions: '>=4.0.0 <4.1.1',
2712 silly audit report       cwe: [Array],
2712 silly audit report       cvss: [Object]
2712 silly audit report     }
2712 silly audit report   ],
2712 silly audit report   '@tootallnate/once': [
2712 silly audit report     {
2712 silly audit report       id: 1119438,
2712 silly audit report       url: 'https://github.com/advisories/GHSA-vpq2-c234-7xj6',
2712 silly audit report       title: '@tootallnate/once vulnerable to Incorrect Control Flow Scoping',
2712 silly audit report       severity: 'low',
2712 silly audit report       vulnerable_versions: '<2.0.1',
2712 silly audit report       cwe: [Array],
2712 silly audit report       cvss: [Object]
2712 silly audit report     }
2712 silly audit report   ],
2712 silly audit report   ajv: [
2712 silly audit report     {
2712 silly audit report       id: 1113714,
2712 silly audit report       url: 'https://github.com/advisories/GHSA-2g4f-4pwh-qvx6',
2712 silly audit report       title: 'ajv has ReDoS when using `$data` option',
2712 silly audit report       severity: 'moderate',
2712 silly audit report       vulnerable_versions: '<6.14.0',
2712 silly audit report       cwe: [Array],
2712 silly audit report       cvss: [Object]
2712 silly audit report     },
2712 silly audit report     {
2712 silly audit report       id: 1113715,
2712 silly audit report       url: 'https://github.com/advisories/GHSA-2g4f-4pwh-qvx6',
2712 silly audit report       title: 'ajv has ReDoS when using `$data` option',
2712 silly audit report       severity: 'moderate',
2712 silly audit report       vulnerable_versions: '>=7.0.0-alpha.0 <8.18.0',
2712 silly audit report       cwe: [Array],
2712 silly audit report       cvss: [Object]
2712 silly audit report     }
2712 silly audit report   ],
2712 silly audit report   'brace-expansion': [
2712 silly audit report     {
2712 silly audit report       id: 1105443,
2712 silly audit report       url: 'https://github.com/advisories/GHSA-v6h2-p8h4-qcjw',
2712 silly audit report       title: 'brace-expansion Regular Expression Denial of Service vulnerability',
2712 silly audit report       severity: 'low',
2712 silly audit report       vulnerable_versions: '>=1.0.0 <=1.1.11',
2712 silly audit report       cwe: [Array],
2712 silly audit report       cvss: [Object]
2712 silly audit report     },
2712 silly audit report     {
2712 silly audit report       id: 1105444,
2712 silly audit report       url: 'https://github.com/advisories/GHSA-v6h2-p8h4-qcjw',
2712 silly audit report       title: 'brace-expansion Regular Expression Denial of Service vulnerability',
2712 silly audit report       severity: 'low',
2712 silly audit report       vulnerable_versions: '>=2.0.0 <=2.0.1',
2712 silly audit report       cwe: [Array],
2712 silly audit report       cvss: [Object]
2712 silly audit report     },
2712 silly audit report     {
2712 silly audit report       id: 1115540,
2712 silly audit report       url: 'https://github.com/advisories/GHSA-f886-m6hf-6m8v',
2712 silly audit report       title: 'brace-expansion: Zero-step sequence causes process hang and memory exhaustion',
2712 silly audit report       severity: 'moderate',
2712 silly audit report       vulnerable_versions: '<1.1.13',
2712 silly audit report       cwe: [Array],
2712 silly audit report       cvss: [Object]
2712 silly audit report     },
2712 silly audit report     {
2712 silly audit report       id: 1115541,
2712 silly audit report       url: 'https://github.com/advisories/GHSA-f886-m6hf-6m8v',
2712 silly audit report       title: 'brace-expansion: Zero-step sequence causes process hang and memory exhaustion',
2712 silly audit report       severity: 'moderate',
2712 silly audit report       vulnerable_versions: '>=2.0.0 <2.0.3',
2712 silly audit report       cwe: [Array],
2712 silly audit report       cvss: [Object]
2712 silly audit report     }
2712 silly audit report   ],
2712 silly audit report   cookie: [
2712 silly audit report     {
2712 silly audit report       id: 1103907,
2712 silly audit report       url: 'https://github.com/advisories/GHSA-pxg6-pf52-xh8x',
2712 silly audit report       title: 'cookie accepts cookie name, path, and domain with out of bounds characters',
2712 silly audit report       severity: 'low',
2712 silly audit report       vulnerable_versions: '<0.7.0',
2712 silly audit report       cwe: [Array],
2712 silly audit report       cvss: [Object]
2712 silly audit report     }
2712 silly audit report   ],
2712 silly audit report   'cross-spawn': [
2712 silly audit report     {
2712 silly audit report       id: 1104664,
2712 silly audit report       url: 'https://github.com/advisories/GHSA-3xgq-45jj-v275',
2712 silly audit report       title: 'Regular Expression Denial of Service (ReDoS) in cross-spawn',
2712 silly audit report       severity: 'high',
2712 silly audit report       vulnerable_versions: '>=7.0.0 <7.0.5',
2712 silly audit report       cwe: [Array],
2712 silly audit report       cvss: [Object]
2712 silly audit report     }
2712 silly audit report   ],
2712 silly audit report   minimatch: [
2712 silly audit report     {
2712 silly audit report       id: 1113459,
2712 silly audit report       url: 'https://github.com/advisories/GHSA-3ppc-4f35-3m26',
2712 silly audit report       title: 'minimatch has a ReDoS via repeated wildcards with non-matching literal in pattern',
2712 silly audit report       severity: 'high',
2712 silly audit report       vulnerable_versions: '<3.1.3',
2712 silly audit report       cwe: [Array],
2712 silly audit report       cvss: [Object]
2712 silly audit report     },
2712 silly audit report     {
2712 silly audit report       id: 1113461,
2712 silly audit report       url: 'https://github.com/advisories/GHSA-3ppc-4f35-3m26',
2712 silly audit report       title: 'minimatch has a ReDoS via repeated wildcards with non-matching literal in pattern',
2712 silly audit report       severity: 'high',
2712 silly audit report       vulnerable_versions: '>=5.0.0 <5.1.7',
2712 silly audit report       cwe: [Array],
2712 silly audit report       cvss: [Object]
2712 silly audit report     },
2712 silly audit report     {
2712 silly audit report       id: 1113538,
2712 silly audit report       url: 'https://github.com/advisories/GHSA-7r86-cg39-jmmj',
2712 silly audit report       title: 'minimatch has ReDoS: matchOne() combinatorial backtracking via multiple non-adjacent GLOBSTAR segments',
2712 silly audit report       severity: 'high',
2712 silly audit report       vulnerable_versions: '<3.1.3',
2712 silly audit report       cwe: [Array],
2712 silly audit report       cvss: [Object]
2712 silly audit report     },
2712 silly audit report     {
2712 silly audit report       id: 1113540,
2712 silly audit report       url: 'https://github.com/advisories/GHSA-7r86-cg39-jmmj',
2712 silly audit report       title: 'minimatch has ReDoS: matchOne() combinatorial backtracking via multiple non-adjacent GLOBSTAR segments',
2712 silly audit report       severity: 'high',
2712 silly audit report       vulnerable_versions: '>=5.0.0 <5.1.8',
2712 silly audit report       cwe: [Array],
2712 silly audit report       cvss: [Object]
2712 silly audit report     },
2712 silly audit report     {
2712 silly audit report       id: 1113546,
2712 silly audit report       url: 'https://github.com/advisories/GHSA-23c5-xmqv-rm74',
2712 silly audit report       title: 'minimatch ReDoS: nested *() extglobs generate catastrophically backtracking regular expressions',
2712 silly audit report       severity: 'high',
2712 silly audit report       vulnerable_versions: '<3.1.4',
2712 silly audit report       cwe: [Array],
2712 silly audit report       cvss: [Object]
2712 silly audit report     },
2712 silly audit report     {
2712 silly audit report       id: 1113548,
2712 silly audit report       url: 'https://github.com/advisories/GHSA-23c5-xmqv-rm74',
2712 silly audit report       title: 'minimatch ReDoS: nested *() extglobs generate catastrophically backtracking regular expressions',
2712 silly audit report       severity: 'high',
2712 silly audit report       vulnerable_versions: '>=5.0.0 <5.1.8',
2712 silly audit report       cwe: [Array],
2712 silly audit report       cvss: [Object]
2712 silly audit report     }
2712 silly audit report   ],
2712 silly audit report   flatted: [
2712 silly audit report     {
2712 silly audit report       id: 1114526,
2712 silly audit report       url: 'https://github.com/advisories/GHSA-25h7-pfq9-p65f',
2712 silly audit report       title: 'flatted vulnerable to unbounded recursion DoS in parse() revive phase',
2712 silly audit report       severity: 'high',
2712 silly audit report       vulnerable_versions: '<3.4.0',
2712 silly audit report       cwe: [Array],
2712 silly audit report       cvss: [Object]
2712 silly audit report     },
2712 silly audit report     {
2712 silly audit report       id: 1115357,
2712 silly audit report       url: 'https://github.com/advisories/GHSA-rf6f-7fwh-wjgh',
2712 silly audit report       title: 'Prototype Pollution via parse() in NodeJS flatted',
2712 silly audit report       severity: 'high',
2712 silly audit report       vulnerable_versions: '<=3.4.1',
2712 silly audit report       cwe: [Array],
2712 silly audit report       cvss: [Object]
2712 silly audit report     }
2712 silly audit report   ],
2712 silly audit report   'follow-redirects': [
2712 silly audit report     {
2712 silly audit report       id: 1109569,
2712 silly audit report       url: 'https://github.com/advisories/GHSA-jchw-25xp-jwwc',
2712 silly audit report       title: 'Follow Redirects improperly handles URLs in the url.parse() function',
2712 silly audit report       severity: 'moderate',
2712 silly audit report       vulnerable_versions: '<1.15.4',
2712 silly audit report       cwe: [Array],
2712 silly audit report       cvss: [Object]
2712 silly audit report     },
2712 silly audit report     {
2712 silly audit report       id: 1096856,
2712 silly audit report       url: 'https://github.com/advisories/GHSA-cxjh-pqwp-8mfp',
2712 silly audit report       title: "follow-redirects' Proxy-Authorization header kept across hosts",
2712 silly audit report       severity: 'moderate',
2712 silly audit report       vulnerable_versions: '<=1.15.5',
2712 silly audit report       cwe: [Array],
2712 silly audit report       cvss: [Object]
2712 silly audit report     },
2712 silly audit report     {
2712 silly audit report       id: 1116560,
2712 silly audit report       url: 'https://github.com/advisories/GHSA-r4q5-vmmm-2653',
2712 silly audit report       title: 'follow-redirects leaks Custom Authentication Headers to Cross-Domain Redirect Targets',
2712 silly audit report       severity: 'moderate',
2712 silly audit report       vulnerable_versions: '<=1.15.11',
2712 silly audit report       cwe: [Array],
2712 silly audit report       cvss: [Object]
2712 silly audit report     }
2712 silly audit report   ],
2712 silly audit report   'form-data': [
2712 silly audit report     {
2712 silly audit report       id: 1109539,
2712 silly audit report       url: 'https://github.com/advisories/GHSA-fjxv-7rqg-78g4',
2712 silly audit report       title: 'form-data uses unsafe random function in form-data for choosing boundary',
2712 silly audit report       severity: 'critical',
2712 silly audit report       vulnerable_versions: '>=3.0.0 <3.0.4',
2712 silly audit report       cwe: [Array],
2712 silly audit report       cvss: [Object]
2712 silly audit report     }
2712 silly audit report   ],
2712 silly audit report   'http-proxy-middleware': [
2712 silly audit report     {
2712 silly audit report       id: 1100223,
2712 silly audit report       url: 'https://github.com/advisories/GHSA-c7qv-q95q-8v27',
2712 silly audit report       title: 'Denial of service in http-proxy-middleware',
2712 silly audit report       severity: 'high',
2712 silly audit report       vulnerable_versions: '<2.0.7',
2712 silly audit report       cwe: [Array],
2712 silly audit report       cvss: [Object]
2712 silly audit report     },
2712 silly audit report     {
2712 silly audit report       id: 1104105,
2712 silly audit report       url: 'https://github.com/advisories/GHSA-9gqv-wp59-fq42',
2712 silly audit report       title: 'http-proxy-middleware allows fixRequestBody to proceed even if bodyParser has failed',
2712 silly audit report       severity: 'moderate',
2712 silly audit report       vulnerable_versions: '>=1.3.0 <2.0.9',
2712 silly audit report       cwe: [Array],
2712 silly audit report       cvss: [Object]
2712 silly audit report     },
2712 silly audit report     {
2712 silly audit report       id: 1104106,
2712 silly audit report       url: 'https://github.com/advisories/GHSA-4www-5p9h-95mh',
2712 silly audit report       title: 'http-proxy-middleware can call writeBody twice because "else if" is not used',
2712 silly audit report       severity: 'moderate',
2712 silly audit report       vulnerable_versions: '>=1.3.0 <2.0.8',
2712 silly audit report       cwe: [Array],
2712 silly audit report       cvss: [Object]
2712 silly audit report     }
2712 silly audit report   ],
2712 silly audit report   ip: [
2712 silly audit report     {
2712 silly audit report       id: 1101851,
2712 silly audit report       url: 'https://github.com/advisories/GHSA-2p57-rm9w-gvfp',
2712 silly audit report       title: 'ip SSRF improper categorization in isPublic',
2712 silly audit report       severity: 'high',
2712 silly audit report       vulnerable_versions: '<=2.0.1',
2712 silly audit report       cwe: [Array],
2712 silly audit report       cvss: [Object]
2712 silly audit report     },
2712 silly audit report     {
2712 silly audit report       id: 1114831,
2712 silly audit report       url: 'https://github.com/advisories/GHSA-78xj-cgh5-2h22',
2712 silly audit report       title: 'NPM IP package incorrectly identifies some private IP addresses as public',
2712 silly audit report       severity: 'low',
2712 silly audit report       vulnerable_versions: '<1.1.9',
2712 silly audit report       cwe: [Array],
2712 silly audit report       cvss: [Object]
2712 silly audit report     }
2712 silly audit report   ],
2712 silly audit report   lodash: [
2712 silly audit report     {
2712 silly audit report       id: 1112455,
2712 silly audit report       url: 'https://github.com/advisories/GHSA-xxjr-mmjv-4gpg',
2712 silly audit report       title: 'Lodash has Prototype Pollution Vulnerability in `_.unset` and `_.omit` functions',
2712 silly audit report       severity: 'moderate',
2712 silly audit report       vulnerable_versions: '>=4.0.0 <=4.17.22',
2712 silly audit report       cwe: [Array],
2712 silly audit report       cvss: [Object]
2712 silly audit report     },
2712 silly audit report     {
2712 silly audit report       id: 1115806,
2712 silly audit report       url: 'https://github.com/advisories/GHSA-r5fr-rjxr-66jc',
2712 silly audit report       title: 'lodash vulnerable to Code Injection via `_.template` imports key names',
2712 silly audit report       severity: 'high',
2712 silly audit report       vulnerable_versions: '>=4.0.0 <=4.17.23',
2712 silly audit report       cwe: [Array],
2712 silly audit report       cvss: [Object]
2712 silly audit report     },
2712 silly audit report     {
2712 silly audit report       id: 1115810,
2712 silly audit report       url: 'https://github.com/advisories/GHSA-f23m-r3pf-42rh',
2712 silly audit report       title: 'lodash vulnerable to Prototype Pollution via array path bypass in `_.unset` and `_.omit`',
2712 silly audit report       severity: 'moderate',
2712 silly audit report       vulnerable_versions: '<=4.17.23',
2712 silly audit report       cwe: [Array],
2712 silly audit report       cvss: [Object]
2712 silly audit report     }
2712 silly audit report   ],
2712 silly audit report   nanoid: [
2712 silly audit report     {
2712 silly audit report       id: 1109563,
2712 silly audit report       url: 'https://github.com/advisories/GHSA-mwcw-c2x4-8c55',
2712 silly audit report       title: 'Predictable results in nanoid generation when given non-integer values',
2712 silly audit report       severity: 'moderate',
2712 silly audit report       vulnerable_versions: '<3.3.8',
2712 silly audit report       cwe: [Array],
2712 silly audit report       cvss: [Object]
2712 silly audit report     }
2712 silly audit report   ],
2712 silly audit report   'node-forge': [
2712 silly audit report     {
2712 silly audit report       id: 1110996,
2712 silly audit report       url: 'https://github.com/advisories/GHSA-554w-wpv2-vw27',
2712 silly audit report       title: 'node-forge has ASN.1 Unbounded Recursion',
2712 silly audit report       severity: 'high',
2712 silly audit report       vulnerable_versions: '<1.3.2',
2712 silly audit report       cwe: [Array],
2712 silly audit report       cvss: [Object]
2712 silly audit report     },
2712 silly audit report     {
2712 silly audit report       id: 1110998,
2712 silly audit report       url: 'https://github.com/advisories/GHSA-5gfm-wpxj-wjgq',
2712 silly audit report       title: 'node-forge has an Interpretation Conflict vulnerability via its ASN.1 Validator Desynchronization',
2712 silly audit report       severity: 'high',
2712 silly audit report       vulnerable_versions: '<1.3.2',
2712 silly audit report       cwe: [Array],
2712 silly audit report       cvss: [Object]
2712 silly audit report     },
2712 silly audit report     {
2712 silly audit report       id: 1111068,
2712 silly audit report       url: 'https://github.com/advisories/GHSA-65ch-62r8-g69g',
2712 silly audit report       title: 'node-forge is vulnerable to ASN.1 OID Integer Truncation',
2712 silly audit report       severity: 'moderate',
2712 silly audit report       vulnerable_versions: '<1.3.2',
2712 silly audit report       cwe: [Array],
2712 silly audit report       cvss: [Object]
2712 silly audit report     },
2712 silly audit report     {
2712 silly audit report       id: 1115545,
2712 silly audit report       url: 'https://github.com/advisories/GHSA-2328-f5f3-gj25',
2712 silly audit report       title: 'Forge has a basicConstraints bypass in its certificate chain verification (RFC 5280 violation)',
2712 silly audit report       severity: 'high',
2712 silly audit report       vulnerable_versions: '<=1.3.3',
2712 silly audit report       cwe: [Array],
2712 silly audit report       cvss: [Object]
2712 silly audit report     },
2712 silly audit report     {
2712 silly audit report       id: 1115546,
2712 silly audit report       url: 'https://github.com/advisories/GHSA-q67f-28xg-22rw',
2712 silly audit report       title: 'Forge has signature forgery in Ed25519 due to missing S > L check',
2712 silly audit report       severity: 'high',
2712 silly audit report       vulnerable_versions: '<1.4.0',
2712 silly audit report       cwe: [Array],
2712 silly audit report       cvss: [Object]
2712 silly audit report     },
2712 silly audit report     {
2712 silly audit report       id: 1115548,
2712 silly audit report       url: 'https://github.com/advisories/GHSA-5m6q-g25r-mvwx',
2712 silly audit report       title: 'Forge has Denial of Service via Infinite Loop in BigInteger.modInverse() with Zero Input',
2712 silly audit report       severity: 'high',
2712 silly audit report       vulnerable_versions: '<1.4.0',
2712 silly audit report       cwe: [Array],
2712 silly audit report       cvss: [Object]
2712 silly audit report     },
2712 silly audit report     {
2712 silly audit report       id: 1115612,
2712 silly audit report       url: 'https://github.com/advisories/GHSA-ppp5-5v6c-4jwp',
2712 silly audit report       title: 'Forge has signature forgery in RSA-PKCS due to ASN.1 extra field  ',
2712 silly audit report       severity: 'high',
2712 silly audit report       vulnerable_versions: '<1.4.0',
2712 silly audit report       cwe: [Array],
2712 silly audit report       cvss: [Object]
2712 silly audit report     }
2712 silly audit report   ],
2712 silly audit report   'nth-check': [
2712 silly audit report     {
2712 silly audit report       id: 1095141,
2712 silly audit report       url: 'https://github.com/advisories/GHSA-rp65-9cf3-cjxr',
2712 silly audit report       title: 'Inefficient Regular Expression Complexity in nth-check',
2712 silly audit report       severity: 'high',
2712 silly audit report       vulnerable_versions: '<2.0.1',
2712 silly audit report       cwe: [Array],
2712 silly audit report       cvss: [Object]
2712 silly audit report     }
2712 silly audit report   ],
2712 silly audit report   'on-headers': [
2712 silly audit report     {
2712 silly audit report       id: 1106812,
2712 silly audit report       url: 'https://github.com/advisories/GHSA-76c9-3jph-rj3q',
2712 silly audit report       title: 'on-headers is vulnerable to http response header manipulation',
2712 silly audit report       severity: 'low',
2712 silly audit report       vulnerable_versions: '<1.1.0',
2712 silly audit report       cwe: [Array],
2712 silly audit report       cvss: [Object]
2712 silly audit report     }
2712 silly audit report   ],
2712 silly audit report   'path-to-regexp': [
2712 silly audit report     {
2712 silly audit report       id: 1101849,
2712 silly audit report       url: 'https://github.com/advisories/GHSA-9wv6-86v2-598j',
2712 silly audit report       title: 'path-to-regexp outputs backtracking regular expressions',
2712 silly audit report       severity: 'high',
2712 silly audit report       vulnerable_versions: '>=0.2.0 <1.9.0',
2712 silly audit report       cwe: [Array],
2712 silly audit report       cvss: [Object]
2712 silly audit report     },
2712 silly audit report     {
2712 silly audit report       id: 1105199,
2712 silly audit report       url: 'https://github.com/advisories/GHSA-rhx6-c78j-4q9w',
2712 silly audit report       title: 'path-to-regexp contains a ReDoS',
2712 silly audit report       severity: 'high',
2712 silly audit report       vulnerable_versions: '<0.1.12',
2712 silly audit report       cwe: [Array],
2712 silly audit report       cvss: [Object]
2712 silly audit report     },
2712 silly audit report     {
2712 silly audit report       id: 1115527,
2712 silly audit report       url: 'https://github.com/advisories/GHSA-37ch-88jc-xwx2',
2712 silly audit report       title: 'path-to-regexp vulnerable to Regular Expression Denial of Service via multiple route parameters',
2712 silly audit report       severity: 'high',
2712 silly audit report       vulnerable_versions: '<0.1.13',
2712 silly audit report       cwe: [Array],
2712 silly audit report       cvss: [Object]
2712 silly audit report     }
2712 silly audit report   ],
2712 silly audit report   picomatch: [
2712 silly audit report     {
2712 silly audit report       id: 1115549,
2712 silly audit report       url: 'https://github.com/advisories/GHSA-3v7f-55p6-f55p',
2712 silly audit report       title: 'Picomatch: Method Injection in POSIX Character Classes causes incorrect Glob Matching',
2712 silly audit report       severity: 'moderate',
2712 silly audit report       vulnerable_versions: '<2.3.2',
2712 silly audit report       cwe: [Array],
2712 silly audit report       cvss: [Object]
2712 silly audit report     },
2712 silly audit report     {
2712 silly audit report       id: 1115552,
2712 silly audit report       url: 'https://github.com/advisories/GHSA-c2c7-rcm5-vvqj',
2712 silly audit report       title: 'Picomatch has a ReDoS vulnerability via extglob quantifiers',
2712 silly audit report       severity: 'high',
2712 silly audit report       vulnerable_versions: '<2.3.2',
2712 silly audit report       cwe: [Array],
2712 silly audit report       cvss: [Object]
2712 silly audit report     }
2712 silly audit report   ],
2712 silly audit report   postcss: [
2712 silly audit report     {
2712 silly audit report       id: 1109574,
2712 silly audit report       url: 'https://github.com/advisories/GHSA-7fh5-64p2-3v2j',
2712 silly audit report       title: 'PostCSS line return parsing error',
2712 silly audit report       severity: 'moderate',
2712 silly audit report       vulnerable_versions: '<8.4.31',
2712 silly audit report       cwe: [Array],
2712 silly audit report       cvss: [Object]
2712 silly audit report     },
2712 silly audit report     {
2712 silly audit report       id: 1117015,
2712 silly audit report       url: 'https://github.com/advisories/GHSA-qx2v-qp2m-jg93',
2712 silly audit report       title: 'PostCSS has XSS via Unescaped </style> in its CSS Stringify Output',
2712 silly audit report       severity: 'moderate',
2712 silly audit report       vulnerable_versions: '<8.5.10',
2712 silly audit report       cwe: [Array],
2712 silly audit report       cvss: [Object]
2712 silly audit report     }
2712 silly audit report   ],
2712 silly audit report   svgo: [
2712 silly audit report     {
2712 silly audit report       id: 1114152,
2712 silly audit report       url: 'https://github.com/advisories/GHSA-xpqw-6gx7-v673',
2712 silly audit report       title: 'SVGO DoS through entity expansion in DOCTYPE (Billion Laughs)',
2712 silly audit report       severity: 'high',
2712 silly audit report       vulnerable_versions: '>=2.1.0 <2.8.1',
2712 silly audit report       cwe: [Array],
2712 silly audit report       cvss: [Object]
2712 silly audit report     }
2712 silly audit report   ],
2712 silly audit report   qs: [
2712 silly audit report     {
2712 silly audit report       id: 1119502,
2712 silly audit report       url: 'https://github.com/advisories/GHSA-q8mj-m7cp-5q26',
2712 silly audit report       title: 'qs has a remotely triggerable DoS: qs.stringify crashes with TypeError on null/undefined entries in comma-format arrays when encodeValuesOnly is set',
2712 silly audit report       severity: 'moderate',
2712 silly audit report       vulnerable_versions: '>=6.11.1 <=6.15.1',
2712 silly audit report       cwe: [Array],
2712 silly audit report       cvss: [Object]
2712 silly audit report     },
2712 silly audit report     {
2712 silly audit report       id: 1113161,
2712 silly audit report       url: 'https://github.com/advisories/GHSA-w7fw-mjwx-w883',
2712 silly audit report       title: "qs's arrayLimit bypass in comma parsing allows denial of service",
2712 silly audit report       severity: 'low',
2712 silly audit report       vulnerable_versions: '>=6.7.0 <=6.14.1',
2712 silly audit report       cwe: [Array],
2712 silly audit report       cvss: [Object]
2712 silly audit report     },
2712 silly audit report     {
2712 silly audit report       id: 1113719,
2712 silly audit report       url: 'https://github.com/advisories/GHSA-6rw7-vpxm-498p',
2712 silly audit report       title: "qs's arrayLimit bypass in its bracket notation allows DoS via memory exhaustion",
2712 silly audit report       severity: 'moderate',
2712 silly audit report       vulnerable_versions: '<6.14.1',
2712 silly audit report       cwe: [Array],
2712 silly audit report       cvss: [Object]
2712 silly audit report     }
2712 silly audit report   ],
2712 silly audit report   rollup: [
2712 silly audit report     {
2712 silly audit report       id: 1099757,
2712 silly audit report       url: 'https://github.com/advisories/GHSA-gcx4-mw62-g8wm',
2712 silly audit report       title: 'DOM Clobbering Gadget found in rollup bundled scripts that leads to XSS',
2712 silly audit report       severity: 'high',
2712 silly audit report       vulnerable_versions: '<2.79.2',
2712 silly audit report       cwe: [Array],
2712 silly audit report       cvss: [Object]
2712 silly audit report     },
2712 silly audit report     {
2712 silly audit report       id: 1113517,
2712 silly audit report       url: 'https://github.com/advisories/GHSA-mw96-cpmx-2vgc',
2712 silly audit report       title: 'Rollup 4 has Arbitrary File Write via Path Traversal',
2712 silly audit report       severity: 'high',
2712 silly audit report       vulnerable_versions: '<2.80.0',
2712 silly audit report       cwe: [Array],
2712 silly audit report       cvss: [Object]
2712 silly audit report     }
2712 silly audit report   ],
2712 silly audit report   'serialize-javascript': [
2712 silly audit report     {
2712 silly audit report       id: 1119440,
2712 silly audit report       url: 'https://github.com/advisories/GHSA-qj8w-gfj5-8c6v',
2712 silly audit report       title: 'Serialize JavaScript has CPU Exhaustion Denial of Service via crafted array-like objects',
2712 silly audit report       severity: 'moderate',
2712 silly audit report       vulnerable_versions: '>=5.0.0 <7.0.5',
2712 silly audit report       cwe: [Array],
2712 silly audit report       cvss: [Object]
2712 silly audit report     },
2712 silly audit report     {
2712 silly audit report       id: 1113686,
2712 silly audit report       url: 'https://github.com/advisories/GHSA-5c6j-r48x-rmvq',
2712 silly audit report       title: 'Serialize JavaScript is Vulnerable to RCE via RegExp.flags and Date.prototype.toISOString()',
2712 silly audit report       severity: 'high',
2712 silly audit report       vulnerable_versions: '<=7.0.2',
2712 silly audit report       cwe: [Array],
2712 silly audit report       cvss: [Object]
2712 silly audit report     }
2712 silly audit report   ],
2712 silly audit report   'tough-cookie': [
2712 silly audit report     {
2712 silly audit report       id: 1097682,
2712 silly audit report       url: 'https://github.com/advisories/GHSA-72xf-g2v4-qvf3',
2712 silly audit report       title: 'tough-cookie Prototype Pollution vulnerability',
2712 silly audit report       severity: 'moderate',
2712 silly audit report       vulnerable_versions: '<4.1.3',
2712 silly audit report       cwe: [Array],
2712 silly audit report       cvss: [Object]
2712 silly audit report     }
2712 silly audit report   ],
2712 silly audit report   uuid: [
2712 silly audit report     {
2712 silly audit report       id: 1119441,
2712 silly audit report       url: 'https://github.com/advisories/GHSA-w5hq-g745-h8pq',
2712 silly audit report       title: 'uuid: Missing buffer bounds check in v3/v5/v6 when buf is provided',
2712 silly audit report       severity: 'moderate',
2712 silly audit report       vulnerable_versions: '<11.1.1',
2712 silly audit report       cwe: [Array],
2712 silly audit report       cvss: [Object]
2712 silly audit report     }
2712 silly audit report   ],
2712 silly audit report   webpack: [
2712 silly audit report     {
2712 silly audit report       id: 1113041,
2712 silly audit report       url: 'https://github.com/advisories/GHSA-8fgc-7cc6-rx7x',
2712 silly audit report       title: 'webpack buildHttp: allowedUris allow-list bypass via URL userinfo (@) leading to build-time SSRF behavior',
2712 silly audit report       severity: 'low',
2712 silly audit report       vulnerable_versions: '>=5.49.0 <=5.104.0',
2712 silly audit report       cwe: [Array],
2712 silly audit report       cvss: [Object]
2712 silly audit report     },
2712 silly audit report     {
2712 silly audit report       id: 1113042,
2712 silly audit report       url: 'https://github.com/advisories/GHSA-38r7-794h-5758',
2712 silly audit report       title: 'webpack buildHttp HttpUriPlugin allowedUris bypass via HTTP redirects → SSRF + cache persistence',
2712 silly audit report       severity: 'low',
2712 silly audit report       vulnerable_versions: '>=5.49.0 <5.104.0',
2712 silly audit report       cwe: [Array],
2712 silly audit report       cvss: [Object]
2712 silly audit report     }
2712 silly audit report   ],
2712 silly audit report   'webpack-dev-server': [
2712 silly audit report     {
2712 silly audit report       id: 1108429,
2712 silly audit report       url: 'https://github.com/advisories/GHSA-9jgg-88mc-972h',
2712 silly audit report       title: "webpack-dev-server users' source code may be stolen when they access a malicious web site with non-Chromium based browser",
2712 silly audit report       severity: 'moderate',
2712 silly audit report       vulnerable_versions: '<=5.2.0',
2712 silly audit report       cwe: [Array],
2712 silly audit report       cvss: [Object]
2712 silly audit report     },
2712 silly audit report     {
2712 silly audit report       id: 1108430,
2712 silly audit report       url: 'https://github.com/advisories/GHSA-4v9v-hfq4-rm2v',
2712 silly audit report       title: "webpack-dev-server users' source code may be stolen when they access a malicious web site",
2712 silly audit report       severity: 'moderate',
2712 silly audit report       vulnerable_versions: '<=5.2.0',
2712 silly audit report       cwe: [Array],
2712 silly audit report       cvss: [Object]
2712 silly audit report     },
2712 silly audit report     {
2712 silly audit report       id: 1119074,
2712 silly audit report       url: 'https://github.com/advisories/GHSA-79cf-xcqc-c78w',
2712 silly audit report       title: 'webpack-dev-server vulnerable to cross-origin source code exposure on non-HTTPS origins',
2712 silly audit report       severity: 'moderate',
2712 silly audit report       vulnerable_versions: '<=5.2.3',
2712 silly audit report       cwe: [Array],
2712 silly audit report       cvss: [Object]
2712 silly audit report     }
2712 silly audit report   ],
2712 silly audit report   ws: [
2712 silly audit report     {
2712 silly audit report       id: 1118728,
2712 silly audit report       url: 'https://github.com/advisories/GHSA-3h5v-q93c-6h6q',
2712 silly audit report       title: 'ws affected by a DoS when handling a request with many HTTP headers',
2712 silly audit report       severity: 'high',
2712 silly audit report       vulnerable_versions: '>=8.0.0 <8.17.1',
2712 silly audit report       cwe: [Array],
2712 silly audit report       cvss: [Object]
2712 silly audit report     },
2712 silly audit report     {
2712 silly audit report       id: 1118729,
2712 silly audit report       url: 'https://github.com/advisories/GHSA-3h5v-q93c-6h6q',
2712 silly audit report       title: 'ws affected by a DoS when handling a request with many HTTP headers',
2712 silly audit report       severity: 'high',
2712 silly audit report       vulnerable_versions: '>=7.0.0 <7.5.10',
2712 silly audit report       cwe: [Array],
2712 silly audit report       cvss: [Object]
2712 silly audit report     },
2712 silly audit report     {
2712 silly audit report       id: 1119108,
2712 silly audit report       url: 'https://github.com/advisories/GHSA-58qx-3vcg-4xpx',
2712 silly audit report       title: 'ws: Uninitialized memory disclosure',
2712 silly audit report       severity: 'moderate',
2712 silly audit report       vulnerable_versions: '>=8.0.0 <8.20.1',
2712 silly audit report       cwe: [Array],
2712 silly audit report       cvss: [Object]
2712 silly audit report     }
2712 silly audit report   ],
2712 silly audit report   'word-wrap': [
2712 silly audit report     {
2712 silly audit report       id: 1102444,
2712 silly audit report       url: 'https://github.com/advisories/GHSA-j8xg-fqg3-53r7',
2712 silly audit report       title: 'word-wrap vulnerable to Regular Expression Denial of Service',
2712 silly audit report       severity: 'moderate',
2712 silly audit report       vulnerable_versions: '<1.2.4',
2712 silly audit report       cwe: [Array],
2712 silly audit report       cvss: [Object]
2712 silly audit report     }
2712 silly audit report   ],
2712 silly audit report   yaml: [
2712 silly audit report     {
2712 silly audit report       id: 1115555,
2712 silly audit report       url: 'https://github.com/advisories/GHSA-48c2-rrv3-qjmp',
2712 silly audit report       title: 'yaml is vulnerable to Stack Overflow via deeply nested YAML collections',
2712 silly audit report       severity: 'moderate',
2712 silly audit report       vulnerable_versions: '>=1.0.0 <1.10.3',
2712 silly audit report       cwe: [Array],
2712 silly audit report       cvss: [Object]
2712 silly audit report     }
2712 silly audit report   ]
2712 silly audit report }
2713 silly packumentCache corgi:https://registry.npmjs.org/semver cache-miss
2714 silly packumentCache corgi:https://registry.npmjs.org/@babel%2fhelpers cache-miss
2715 silly packumentCache corgi:https://registry.npmjs.org/@babel%2fplugin-transform-modules-systemjs cache-miss
2716 silly packumentCache corgi:https://registry.npmjs.org/@babel%2fruntime cache-miss
2717 silly packumentCache corgi:https://registry.npmjs.org/@babel%2ftraverse cache-miss
2718 silly packumentCache corgi:https://registry.npmjs.org/js-yaml cache-miss
2719 silly packumentCache corgi:https://registry.npmjs.org/@tootallnate%2fonce cache-miss
2720 silly packumentCache corgi:https://registry.npmjs.org/ajv cache-miss
2721 silly packumentCache corgi:https://registry.npmjs.org/brace-expansion cache-miss
2722 silly packumentCache corgi:https://registry.npmjs.org/cookie cache-miss
2723 silly packumentCache corgi:https://registry.npmjs.org/cross-spawn cache-miss
2724 silly packumentCache corgi:https://registry.npmjs.org/minimatch cache-miss
2725 silly packumentCache corgi:https://registry.npmjs.org/flatted cache-miss
2726 silly packumentCache corgi:https://registry.npmjs.org/follow-redirects cache-miss
2727 silly packumentCache corgi:https://registry.npmjs.org/form-data cache-miss
2728 silly packumentCache corgi:https://registry.npmjs.org/http-proxy-middleware cache-miss
2729 silly packumentCache corgi:https://registry.npmjs.org/ip cache-miss
2730 silly packumentCache corgi:https://registry.npmjs.org/lodash cache-miss
2731 silly packumentCache corgi:https://registry.npmjs.org/nanoid cache-miss
2732 silly packumentCache corgi:https://registry.npmjs.org/node-forge cache-miss
2733 silly packumentCache corgi:https://registry.npmjs.org/nth-check cache-miss
2734 silly packumentCache corgi:https://registry.npmjs.org/on-headers cache-miss
2735 silly packumentCache corgi:https://registry.npmjs.org/path-to-regexp cache-miss
2736 silly packumentCache corgi:https://registry.npmjs.org/picomatch cache-miss
2737 silly packumentCache corgi:https://registry.npmjs.org/postcss cache-miss
2738 silly packumentCache corgi:https://registry.npmjs.org/svgo cache-miss
2739 silly packumentCache corgi:https://registry.npmjs.org/qs cache-miss
2740 silly packumentCache corgi:https://registry.npmjs.org/rollup cache-miss
2741 silly packumentCache corgi:https://registry.npmjs.org/serialize-javascript cache-miss
2742 silly packumentCache corgi:https://registry.npmjs.org/tough-cookie cache-miss
2743 silly packumentCache corgi:https://registry.npmjs.org/uuid cache-miss
2744 silly packumentCache corgi:https://registry.npmjs.org/webpack cache-miss
2745 silly packumentCache corgi:https://registry.npmjs.org/webpack-dev-server cache-miss
2746 silly packumentCache corgi:https://registry.npmjs.org/ws cache-miss
2747 silly packumentCache corgi:https://registry.npmjs.org/word-wrap cache-miss
2748 silly packumentCache corgi:https://registry.npmjs.org/yaml cache-miss
2749 http fetch GET 200 https://registry.npmjs.org/yallist/-/yallist-4.0.0.tgz 2991ms (cache miss)
2750 http fetch GET 200 https://registry.npmjs.org/xtend/-/xtend-4.0.2.tgz 3073ms (cache miss)
2751 http cache https://registry.npmjs.org/path-to-regexp 1051ms (cache hit)
2752 silly packumentCache corgi:https://registry.npmjs.org/path-to-regexp set size:66575 disposed:false
2753 http cache https://registry.npmjs.org/qs 1056ms (cache hit)
2754 silly packumentCache corgi:https://registry.npmjs.org/qs set size:146581 disposed:false
2755 http cache https://registry.npmjs.org/cookie 1069ms (cache hit)
2756 silly packumentCache corgi:https://registry.npmjs.org/cookie set size:23677 disposed:false
2757 http fetch GET 200 https://registry.npmjs.org/yocto-queue/-/yocto-queue-0.1.0.tgz 3132ms (cache miss)
2758 http fetch GET 200 https://registry.npmjs.org/wrappy/-/wrappy-1.0.2.tgz 3121ms (cache miss)
2759 http cache https://registry.npmjs.org/lodash 1068ms (cache hit)
2760 silly packumentCache corgi:https://registry.npmjs.org/lodash set size:69555 disposed:false
2761 http fetch GET 200 https://registry.npmjs.org/walker/-/walker-1.0.8.tgz 3109ms (cache miss)
2762 http fetch GET 200 https://registry.npmjs.org/which-collection/-/which-collection-1.0.1.tgz 3158ms (cache miss)
2763 http fetch GET 200 https://registry.npmjs.org/which/-/which-1.3.1.tgz 3158ms (cache miss)
2764 http fetch GET 200 https://registry.npmjs.org/v8-compile-cache/-/v8-compile-cache-2.3.0.tgz 3148ms (cache miss)
2765 http fetch GET 200 https://registry.npmjs.org/value-equal/-/value-equal-1.0.1.tgz 3191ms (cache miss)
2766 http fetch GET 200 https://registry.npmjs.org/write-file-atomic/-/write-file-atomic-3.0.3.tgz 3260ms (cache miss)
2767 http fetch GET 200 https://registry.npmjs.org/word-wrap/-/word-wrap-1.2.3.tgz 3251ms (cache miss)
2768 http fetch GET 200 https://registry.npmjs.org/whatwg-mimetype/-/whatwg-mimetype-2.3.0.tgz 3249ms (cache miss)
2769 http fetch GET 200 https://registry.npmjs.org/whatwg-fetch/-/whatwg-fetch-3.6.2.tgz 3250ms (cache miss)
2770 http fetch GET 200 https://registry.npmjs.org/xml-name-validator/-/xml-name-validator-3.0.0.tgz 3310ms (cache miss)
2771 http fetch GET 200 https://registry.npmjs.org/workbox-sw/-/workbox-sw-6.4.2.tgz 3306ms (cache miss)
2772 http fetch GET 200 https://registry.npmjs.org/unquote/-/unquote-1.1.1.tgz 3284ms (cache miss)
2773 http fetch GET 200 https://registry.npmjs.org/unique-string/-/unique-string-2.0.0.tgz 3284ms (cache miss)
2774 http fetch GET 200 https://registry.npmjs.org/typedarray-to-buffer/-/typedarray-to-buffer-3.1.5.tgz 3280ms (cache miss)
2775 http fetch GET 200 https://registry.npmjs.org/whatwg-encoding/-/whatwg-encoding-1.0.5.tgz 3379ms (cache miss)
2776 http fetch GET 200 https://registry.npmjs.org/wbuf/-/wbuf-1.7.3.tgz 3376ms (cache miss)
2777 http fetch GET 200 https://registry.npmjs.org/w3c-xmlserializer/-/w3c-xmlserializer-2.0.0.tgz 3374ms (cache miss)
2778 http fetch GET 200 https://registry.npmjs.org/unicode-match-property-value-ecmascript/-/unicode-match-property-value-ecmascript-2.0.0.tgz 3366ms (cache miss)
2779 http fetch GET 200 https://registry.npmjs.org/webidl-conversions/-/webidl-conversions-6.1.0.tgz 3418ms (cache miss)
2780 http fetch GET 200 https://registry.npmjs.org/util.promisify/-/util.promisify-1.0.1.tgz 3414ms (cache miss)
2781 http fetch GET 200 https://registry.npmjs.org/universalify/-/universalify-2.0.0.tgz 3411ms (cache miss)
2782 http fetch GET 200 https://registry.npmjs.org/unicode-property-aliases-ecmascript/-/unicode-property-aliases-ecmascript-2.0.0.tgz 3410ms (cache miss)
2783 http fetch GET 200 https://registry.npmjs.org/unicode-match-property-ecmascript/-/unicode-match-property-ecmascript-2.0.0.tgz 3410ms (cache miss)
2784 http fetch GET 200 https://registry.npmjs.org/unicode-canonical-property-names-ecmascript/-/unicode-canonical-property-names-ecmascript-2.0.0.tgz 3409ms (cache miss)
2785 http fetch GET 200 https://registry.npmjs.org/w3c-hr-time/-/w3c-hr-time-1.0.2.tgz 3466ms (cache miss)
2786 http fetch GET 200 https://registry.npmjs.org/util-deprecate/-/util-deprecate-1.0.2.tgz 3462ms (cache miss)
2787 http fetch GET 200 https://registry.npmjs.org/update-browserslist-db/-/update-browserslist-db-1.1.0.tgz 3462ms (cache miss)
2788 http fetch GET 200 https://registry.npmjs.org/typed-array-length/-/typed-array-length-1.0.4.tgz 3454ms (cache miss)
2789 http fetch GET 200 https://registry.npmjs.org/to-fast-properties/-/to-fast-properties-2.0.0.tgz 3448ms (cache miss)
2790 http fetch GET 200 https://registry.npmjs.org/unbox-primitive/-/unbox-primitive-1.0.2.tgz 3497ms (cache miss)
2791 http fetch GET 200 https://registry.npmjs.org/symbol-tree/-/symbol-tree-3.2.4.tgz 3482ms (cache miss)
2792 http fetch GET 200 https://registry.npmjs.org/terminal-link/-/terminal-link-2.1.1.tgz 3485ms (cache miss)
2793 http fetch GET 200 https://registry.npmjs.org/tempy/-/tempy-0.6.0.tgz 3486ms (cache miss)
2794 http fetch GET 200 https://registry.npmjs.org/upath/-/upath-1.2.0.tgz 3550ms (cache miss)
2795 http fetch GET 200 https://registry.npmjs.org/type-check/-/type-check-0.4.0.tgz 3540ms (cache miss)
2796 http fetch GET 200 https://registry.npmjs.org/tmpl/-/tmpl-1.0.5.tgz 3536ms (cache miss)
2797 http fetch GET 200 https://registry.npmjs.org/thunky/-/thunky-1.1.0.tgz 3535ms (cache miss)
2798 http fetch GET 200 https://registry.npmjs.org/test-exclude/-/test-exclude-6.0.0.tgz 3533ms (cache miss)
2799 http fetch GET 200 https://registry.npmjs.org/temp-dir/-/temp-dir-2.0.0.tgz 3532ms (cache miss)
2800 http fetch GET 200 https://registry.npmjs.org/supports-hyperlinks/-/supports-hyperlinks-2.2.0.tgz 3529ms (cache miss)
2801 http fetch GET 200 https://registry.npmjs.org/supports-color/-/supports-color-5.5.0.tgz 3529ms (cache miss)
2802 http fetch GET 200 https://registry.npmjs.org/stringify-object/-/stringify-object-3.3.0.tgz 3526ms (cache miss)
2803 http fetch GET 200 https://registry.npmjs.org/type-detect/-/type-detect-4.0.8.tgz 3577ms (cache miss)
2804 http fetch GET 200 https://registry.npmjs.org/which-boxed-primitive/-/which-boxed-primitive-1.0.2.tgz 3606ms (cache miss)
2805 http fetch GET 200 https://registry.npmjs.org/tslib/-/tslib-2.3.1.tgz 3581ms (cache miss)
2806 http fetch GET 200 https://registry.npmjs.org/timsort/-/timsort-0.3.0.tgz 3577ms (cache miss)
2807 http fetch GET 200 https://registry.npmjs.org/throat/-/throat-6.0.1.tgz 3577ms (cache miss)
2808 http fetch GET 200 https://registry.npmjs.org/supports-preserve-symlinks-flag/-/supports-preserve-symlinks-flag-1.0.0.tgz 3571ms (cache miss)
2809 http fetch GET 200 https://registry.npmjs.org/strip-bom/-/strip-bom-4.0.0.tgz 3567ms (cache miss)
2810 http fetch GET 200 https://registry.npmjs.org/strip-final-newline/-/strip-final-newline-2.0.0.tgz 3569ms (cache miss)
2811 http fetch GET 200 https://registry.npmjs.org/strip-json-comments/-/strip-json-comments-3.1.1.tgz 3614ms (cache miss)
2812 http fetch GET 200 https://registry.npmjs.org/string-length/-/string-length-4.0.2.tgz 3609ms (cache miss)
2813 http fetch GET 200 https://registry.npmjs.org/stackframe/-/stackframe-1.2.0.tgz 3607ms (cache miss)
2814 http fetch GET 200 https://registry.npmjs.org/string-natural-compare/-/string-natural-compare-3.0.1.tgz 3610ms (cache miss)
2815 http fetch GET 200 https://registry.npmjs.org/slash/-/slash-3.0.0.tgz 3600ms (cache miss)
2816 http fetch GET 200 https://registry.npmjs.org/source-list-map/-/source-list-map-2.0.1.tgz 3601ms (cache miss)
2817 http fetch GET 200 https://registry.npmjs.org/which-typed-array/-/which-typed-array-1.1.9.tgz 3699ms (cache miss)
2818 http fetch GET 200 https://registry.npmjs.org/statuses/-/statuses-1.5.0.tgz 3648ms (cache miss)
2819 http fetch GET 200 https://registry.npmjs.org/stop-iteration-iterator/-/stop-iteration-iterator-1.0.0.tgz 3649ms (cache miss)
2820 http fetch GET 200 https://registry.npmjs.org/source-map-url/-/source-map-url-0.4.1.tgz 3643ms (cache miss)
2821 warn deprecated source-map-url@0.4.1: See https://github.com/lydell/source-map-url#deprecated
2822 http fetch GET 200 https://registry.npmjs.org/tryer/-/tryer-1.0.1.tgz 3714ms (cache miss)
2823 http fetch GET 200 https://registry.npmjs.org/tiny-warning/-/tiny-warning-1.0.3.tgz 3712ms (cache miss)
2824 http fetch GET 200 https://registry.npmjs.org/svg-parser/-/svg-parser-2.0.4.tgz 3705ms (cache miss)
2825 http fetch GET 200 https://registry.npmjs.org/stack-utils/-/stack-utils-2.0.5.tgz 3692ms (cache miss)
2826 http fetch GET 200 https://registry.npmjs.org/source-map-support/-/source-map-support-0.5.21.tgz 3689ms (cache miss)
2827 http fetch GET 200 https://registry.npmjs.org/signal-exit/-/signal-exit-3.0.6.tgz 3684ms (cache miss)
2828 http fetch GET 200 https://registry.npmjs.org/select-hose/-/select-hose-2.0.0.tgz 3681ms (cache miss)
2829 http fetch GET 200 https://registry.npmjs.org/sanitize.css/-/sanitize.css-13.0.0.tgz 3679ms (cache miss)
2830 http fetch GET 200 https://registry.npmjs.org/to-regex-range/-/to-regex-range-5.0.1.tgz 3752ms (cache miss)
2831 http fetch GET 200 https://registry.npmjs.org/strip-comments/-/strip-comments-2.0.1.tgz 3740ms (cache miss)
2832 http fetch GET 200 https://registry.npmjs.org/string_decoder/-/string_decoder-1.3.0.tgz 3735ms (cache miss)
2833 http fetch GET 200 https://registry.npmjs.org/stable/-/stable-0.1.8.tgz 3733ms (cache miss)
2834 http fetch GET 200 https://registry.npmjs.org/shebang-regex/-/shebang-regex-3.0.0.tgz 3723ms (cache miss)
2835 http fetch GET 200 https://registry.npmjs.org/shebang-command/-/shebang-command-2.0.0.tgz 3724ms (cache miss)
2836 http fetch GET 200 https://registry.npmjs.org/sisteransi/-/sisteransi-1.0.5.tgz 3727ms (cache miss)
2837 http fetch GET 200 https://registry.npmjs.org/safe-buffer/-/safe-buffer-5.1.2.tgz 3716ms (cache miss)
2838 http fetch GET 200 https://registry.npmjs.org/run-parallel/-/run-parallel-1.2.0.tgz 3716ms (cache miss)
2839 http fetch GET 200 https://registry.npmjs.org/tiny-invariant/-/tiny-invariant-1.2.0.tgz 3794ms (cache miss)
2840 http fetch GET 200 https://registry.npmjs.org/sass-loader/-/sass-loader-12.4.0.tgz 3758ms (cache miss)
2841 http fetch GET 200 https://registry.npmjs.org/rollup-plugin-terser/-/rollup-plugin-terser-7.0.2.tgz 3755ms (cache miss)
2842 http fetch GET 200 https://registry.npmjs.org/resolve-cwd/-/resolve-cwd-3.0.0.tgz 3751ms (cache miss)
2843 http fetch GET 200 https://registry.npmjs.org/selfsigned/-/selfsigned-2.0.0.tgz 3832ms (cache miss)
2844 http fetch GET 200 https://registry.npmjs.org/require-from-string/-/require-from-string-2.0.2.tgz 3820ms (cache miss)
2845 http fetch GET 200 https://registry.npmjs.org/string.prototype.trimend/-/string.prototype.trimend-1.0.6.tgz 3897ms (cache miss)
2846 http fetch GET 200 https://registry.npmjs.org/sourcemap-codec/-/sourcemap-codec-1.4.8.tgz 3890ms (cache miss)
2847 http fetch GET 200 https://registry.npmjs.org/serialize-javascript/-/serialize-javascript-6.0.2.tgz 3880ms (cache miss)
2848 http fetch GET 200 https://registry.npmjs.org/safe-regex-test/-/safe-regex-test-1.0.0.tgz 3875ms (cache miss)
2849 http fetch GET 200 https://registry.npmjs.org/rimraf/-/rimraf-3.0.2.tgz 3872ms (cache miss)
2850 http fetch GET 200 https://registry.npmjs.org/reusify/-/reusify-1.0.4.tgz 3872ms (cache miss)
2851 http fetch GET 200 https://registry.npmjs.org/resolve.exports/-/resolve.exports-1.1.0.tgz 3871ms (cache miss)
2852 http fetch GET 200 https://registry.npmjs.org/requires-port/-/requires-port-1.0.0.tgz 3868ms (cache miss)
2853 http fetch GET 200 https://registry.npmjs.org/sax/-/sax-1.2.4.tgz 3914ms (cache miss)
2854 http fetch GET 200 https://registry.npmjs.org/saxes/-/saxes-5.0.1.tgz 3916ms (cache miss)
2855 http fetch GET 200 https://registry.npmjs.org/regjsgen/-/regjsgen-0.5.2.tgz 3902ms (cache miss)
2856 http fetch GET 200 https://registry.npmjs.org/regexpu-core/-/regexpu-core-4.8.0.tgz 3902ms (cache miss)
2857 http fetch GET 200 https://registry.npmjs.org/regenerate/-/regenerate-1.4.2.tgz 3899ms (cache miss)
2858 http fetch GET 200 https://registry.npmjs.org/string.prototype.trimstart/-/string.prototype.trimstart-1.0.6.tgz 3976ms (cache miss)
2859 http fetch GET 200 https://registry.npmjs.org/retry/-/retry-0.13.1.tgz 3948ms (cache miss)
2860 http fetch GET 200 https://registry.npmjs.org/resolve-pathname/-/resolve-pathname-3.0.0.tgz 3947ms (cache miss)
2861 http fetch GET 200 https://registry.npmjs.org/resolve-from/-/resolve-from-5.0.0.tgz 3946ms (cache miss)
2862 http fetch GET 200 https://registry.npmjs.org/regex-parser/-/regex-parser-2.2.11.tgz 3940ms (cache miss)
2863 http fetch GET 200 https://registry.npmjs.org/recursive-readdir/-/recursive-readdir-2.2.3.tgz 3938ms (cache miss)
2864 http fetch GET 200 https://registry.npmjs.org/readdirp/-/readdirp-3.6.0.tgz 3937ms (cache miss)
2865 http fetch GET 200 https://registry.npmjs.org/source-map-loader/-/source-map-loader-3.0.1.tgz 4004ms (cache miss)
2866 http fetch GET 200 https://registry.npmjs.org/queue-microtask/-/queue-microtask-1.2.3.tgz 3964ms (cache miss)
2867 http fetch GET 200 https://registry.npmjs.org/regenerator-runtime/-/regenerator-runtime-0.13.11.tgz 4014ms (cache miss)
2868 http fetch GET 200 https://registry.npmjs.org/react-app-polyfill/-/react-app-polyfill-3.0.0.tgz 4006ms (cache miss)
2869 http fetch GET 200 https://registry.npmjs.org/randombytes/-/randombytes-2.1.0.tgz 4005ms (cache miss)
2870 http fetch GET 200 https://registry.npmjs.org/postcss-value-parser/-/postcss-value-parser-4.2.0.tgz 3995ms (cache miss)
2871 http fetch GET 200 https://registry.npmjs.org/string.prototype.trim/-/string.prototype.trim-1.2.7.tgz 4093ms (cache miss)
2872 http fetch GET 200 https://registry.npmjs.org/regjsparser/-/regjsparser-0.7.0.tgz 4058ms (cache miss)
2873 http fetch GET 200 https://registry.npmjs.org/v8-to-istanbul/-/v8-to-istanbul-8.1.1.tgz 4176ms (cache miss)
2874 http fetch GET 200 https://registry.npmjs.org/utila/-/utila-0.4.0.tgz 4175ms (cache miss)
2875 http fetch GET 200 https://registry.npmjs.org/string.prototype.matchall/-/string.prototype.matchall-4.0.8.tgz 4140ms (cache miss)
2876 http fetch GET 200 https://registry.npmjs.org/react-is/-/react-is-16.13.1.tgz 4095ms (cache miss)
2877 http fetch GET 200 https://registry.npmjs.org/raf/-/raf-3.4.1.tgz 4089ms (cache miss)
2878 http fetch GET 200 https://registry.npmjs.org/quick-lru/-/quick-lru-5.1.1.tgz 4090ms (cache miss)
2879 http fetch GET 200 https://registry.npmjs.org/process-nextick-args/-/process-nextick-args-2.0.1.tgz 4085ms (cache miss)
2880 http fetch GET 200 https://registry.npmjs.org/punycode/-/punycode-2.1.1.tgz 4089ms (cache miss)
2881 http fetch GET 200 https://registry.npmjs.org/postcss-unique-selectors/-/postcss-unique-selectors-5.0.3.tgz 4082ms (cache miss)
2882 http fetch GET 200 https://registry.npmjs.org/postcss-svgo/-/postcss-svgo-5.0.3.tgz 4082ms (cache miss)
2883 http fetch GET 200 https://registry.npmjs.org/pretty-bytes/-/pretty-bytes-5.6.0.tgz 4085ms (cache miss)
2884 http fetch GET 200 https://registry.npmjs.org/postcss-normalize-whitespace/-/postcss-normalize-whitespace-5.0.3.tgz 4075ms (cache miss)
2885 http fetch GET 200 https://registry.npmjs.org/postcss-normalize-timing-functions/-/postcss-normalize-timing-functions-5.0.2.tgz 4074ms (cache miss)
2886 http fetch GET 200 https://registry.npmjs.org/postcss-normalize-unicode/-/postcss-normalize-unicode-5.0.3.tgz 4075ms (cache miss)
2887 http fetch GET 200 https://registry.npmjs.org/terser-webpack-plugin/-/terser-webpack-plugin-5.3.10.tgz 4197ms (cache miss)
2888 http fetch GET 200 https://registry.npmjs.org/postcss-reduce-transforms/-/postcss-reduce-transforms-5.0.3.tgz 4123ms (cache miss)
2889 http fetch GET 200 https://registry.npmjs.org/postcss-replace-overflow-wrap/-/postcss-replace-overflow-wrap-4.0.0.tgz 4123ms (cache miss)
2890 http fetch GET 200 https://registry.npmjs.org/postcss-pseudo-class-any-link/-/postcss-pseudo-class-any-link-7.0.2.tgz 4122ms (cache miss)
2891 http fetch GET 200 https://registry.npmjs.org/postcss-overflow-shorthand/-/postcss-overflow-shorthand-3.0.2.tgz 4121ms (cache miss)
2892 http fetch GET 200 https://registry.npmjs.org/postcss-normalize-positions/-/postcss-normalize-positions-5.0.3.tgz 4115ms (cache miss)
2893 http fetch GET 200 https://registry.npmjs.org/postcss-normalize-display-values/-/postcss-normalize-display-values-5.0.2.tgz 4116ms (cache miss)
2894 http fetch GET 200 https://registry.npmjs.org/postcss-normalize-charset/-/postcss-normalize-charset-5.0.2.tgz 4115ms (cache miss)
2895 http fetch GET 200 https://registry.npmjs.org/tr46/-/tr46-2.1.0.tgz 4247ms (cache miss)
2896 http fetch GET 200 https://registry.npmjs.org/prelude-ls/-/prelude-ls-1.2.1.tgz 4168ms (cache miss)
2897 http fetch GET 200 https://registry.npmjs.org/postcss-reduce-initial/-/postcss-reduce-initial-5.0.2.tgz 4163ms (cache miss)
2898 http fetch GET 200 https://registry.npmjs.org/postcss-page-break/-/postcss-page-break-3.0.4.tgz 4161ms (cache miss)
2899 http fetch GET 200 https://registry.npmjs.org/postcss-normalize-url/-/postcss-normalize-url-5.0.4.tgz 4159ms (cache miss)
2900 http fetch GET 200 https://registry.npmjs.org/postcss-normalize-string/-/postcss-normalize-string-5.0.3.tgz 4158ms (cache miss)
2901 http fetch GET 200 https://registry.npmjs.org/postcss-normalize/-/postcss-normalize-10.0.1.tgz 4155ms (cache miss)
2902 http fetch GET 200 https://registry.npmjs.org/postcss-nested/-/postcss-nested-5.0.6.tgz 4154ms (cache miss)
2903 http fetch GET 200 https://registry.npmjs.org/postcss-modules-scope/-/postcss-modules-scope-3.0.0.tgz 4153ms (cache miss)
2904 http fetch GET 200 https://registry.npmjs.org/postcss-modules-local-by-default/-/postcss-modules-local-by-default-4.0.0.tgz 4153ms (cache miss)
2905 http fetch GET 200 https://registry.npmjs.org/postcss-minify-gradients/-/postcss-minify-gradients-5.0.5.tgz 4151ms (cache miss)
2906 http fetch GET 200 https://registry.npmjs.org/react-refresh/-/react-refresh-0.11.0.tgz 4220ms (cache miss)
2907 http fetch GET 200 https://registry.npmjs.org/q/-/q-1.5.1.tgz 4213ms (cache miss)
2908 http fetch GET 200 https://registry.npmjs.org/postcss-selector-not/-/postcss-selector-not-5.0.0.tgz 4205ms (cache miss)
2909 http fetch GET 200 https://registry.npmjs.org/postcss-normalize-repeat-style/-/postcss-normalize-repeat-style-5.0.3.tgz 4195ms (cache miss)
2910 http fetch GET 200 https://registry.npmjs.org/postcss-merge-longhand/-/postcss-merge-longhand-5.0.5.tgz 4186ms (cache miss)
2911 http fetch GET 200 https://registry.npmjs.org/postcss-load-config/-/postcss-load-config-3.1.1.tgz 4182ms (cache miss)
2912 http fetch GET 200 https://registry.npmjs.org/postcss-place/-/postcss-place-7.0.3.tgz 4246ms (cache miss)
2913 http fetch GET 200 https://registry.npmjs.org/postcss-media-minmax/-/postcss-media-minmax-5.0.0.tgz 4231ms (cache miss)
2914 http fetch GET 200 https://registry.npmjs.org/postcss-minify-font-values/-/postcss-minify-font-values-5.0.3.tgz 4234ms (cache miss)
2915 http fetch GET 200 https://registry.npmjs.org/postcss-image-set-function/-/postcss-image-set-function-4.0.4.tgz 4225ms (cache miss)
2916 http fetch GET 200 https://registry.npmjs.org/postcss-gap-properties/-/postcss-gap-properties-3.0.2.tgz 4225ms (cache miss)
2917 http fetch GET 200 https://registry.npmjs.org/postcss-font-variant/-/postcss-font-variant-5.0.0.tgz 4225ms (cache miss)
2918 http fetch GET 200 https://registry.npmjs.org/postcss-focus-within/-/postcss-focus-within-5.0.3.tgz 4224ms (cache miss)
2919 http fetch GET 200 https://registry.npmjs.org/postcss-focus-visible/-/postcss-focus-visible-6.0.3.tgz 4223ms (cache miss)
2920 http fetch GET 200 https://registry.npmjs.org/text-table/-/text-table-0.2.0.tgz 4400ms (cache miss)
2921 http fetch GET 200 https://registry.npmjs.org/postcss-modules-values/-/postcss-modules-values-4.0.0.tgz 4311ms (cache miss)
2922 http fetch GET 200 https://registry.npmjs.org/postcss-modules-extract-imports/-/postcss-modules-extract-imports-3.0.0.tgz 4309ms (cache miss)
2923 http fetch GET 200 https://registry.npmjs.org/postcss-merge-rules/-/postcss-merge-rules-5.0.5.tgz 4306ms (cache miss)
2924 http fetch GET 200 https://registry.npmjs.org/postcss-js/-/postcss-js-4.0.0.tgz 4299ms (cache miss)
2925 http fetch GET 200 https://registry.npmjs.org/postcss-env-function/-/postcss-env-function-4.0.4.tgz 4293ms (cache miss)
2926 http fetch GET 200 https://registry.npmjs.org/postcss-double-position-gradients/-/postcss-double-position-gradients-3.0.4.tgz 4294ms (cache miss)
2927 http fetch GET 200 https://registry.npmjs.org/postcss-discard-comments/-/postcss-discard-comments-5.0.2.tgz 4291ms (cache miss)
2928 http fetch GET 200 https://registry.npmjs.org/websocket-extensions/-/websocket-extensions-0.1.4.tgz 4471ms (cache miss)
2929 http fetch GET 200 https://registry.npmjs.org/webpack-manifest-plugin/-/webpack-manifest-plugin-4.1.1.tgz 4470ms (cache miss)
2930 http fetch GET 200 https://registry.npmjs.org/prop-types/-/prop-types-15.8.1.tgz 4371ms (cache miss)
2931 http fetch GET 200 https://registry.npmjs.org/postcss-minify-params/-/postcss-minify-params-5.0.4.tgz 4347ms (cache miss)
2932 http fetch GET 200 https://registry.npmjs.org/postcss-dir-pseudo-class/-/postcss-dir-pseudo-class-6.0.3.tgz 4330ms (cache miss)
2933 http fetch GET 200 https://registry.npmjs.org/postcss-custom-properties/-/postcss-custom-properties-12.1.3.tgz 4328ms (cache miss)
2934 http fetch GET 200 https://registry.npmjs.org/postcss-color-rebeccapurple/-/postcss-color-rebeccapurple-7.0.2.tgz 4327ms (cache miss)
2935 http fetch GET 200 https://registry.npmjs.org/watchpack/-/watchpack-2.4.2.tgz 4505ms (cache miss)
2936 http fetch GET 200 https://registry.npmjs.org/regexp.prototype.flags/-/regexp.prototype.flags-1.4.3.tgz 4429ms (cache miss)
2937 http fetch GET 200 https://registry.npmjs.org/postcss-logical/-/postcss-logical-5.0.3.tgz 4382ms (cache miss)
2938 http fetch GET 200 https://registry.npmjs.org/postcss-minify-selectors/-/postcss-minify-selectors-5.1.2.tgz 4387ms (cache miss)
2939 http fetch GET 200 https://registry.npmjs.org/postcss-initial/-/postcss-initial-4.0.1.tgz 4377ms (cache miss)
2940 http fetch GET 200 https://registry.npmjs.org/postcss-flexbugs-fixes/-/postcss-flexbugs-fixes-5.0.2.tgz 4373ms (cache miss)
2941 http fetch GET 200 https://registry.npmjs.org/postcss-discard-overridden/-/postcss-discard-overridden-5.0.3.tgz 4371ms (cache miss)
2942 http fetch GET 200 https://registry.npmjs.org/postcss-custom-media/-/postcss-custom-media-8.0.0.tgz 4368ms (cache miss)
2943 http fetch GET 200 https://registry.npmjs.org/postcss-attribute-case-insensitive/-/postcss-attribute-case-insensitive-5.0.0.tgz 4364ms (cache miss)
2944 http fetch GET 200 https://registry.npmjs.org/postcss-discard-duplicates/-/postcss-discard-duplicates-5.0.2.tgz 4414ms (cache miss)
2945 http fetch GET 200 https://registry.npmjs.org/postcss-convert-values/-/postcss-convert-values-5.0.3.tgz 4410ms (cache miss)
2946 http fetch GET 200 https://registry.npmjs.org/postcss-colormin/-/postcss-colormin-5.2.4.tgz 4410ms (cache miss)
2947 http fetch GET 200 https://registry.npmjs.org/path-type/-/path-type-4.0.0.tgz 4402ms (cache miss)
2948 http fetch GET 200 https://registry.npmjs.org/picocolors/-/picocolors-1.0.1.tgz 4404ms (cache miss)
2949 http fetch GET 200 https://registry.npmjs.org/path-parse/-/path-parse-1.0.7.tgz 4402ms (cache miss)
2950 http fetch GET 200 https://registry.npmjs.org/path-key/-/path-key-3.1.1.tgz 4403ms (cache miss)
2951 http fetch GET 200 https://registry.npmjs.org/workbox-webpack-plugin/-/workbox-webpack-plugin-6.4.2.tgz 4609ms (cache miss)
2952 http fetch GET 200 https://registry.npmjs.org/postcss-preset-env/-/postcss-preset-env-7.2.3.tgz 4488ms (cache miss)
2953 http fetch GET 200 https://registry.npmjs.org/postcss-discard-empty/-/postcss-discard-empty-5.0.2.tgz 4457ms (cache miss)
2954 http fetch GET 200 https://registry.npmjs.org/postcss-custom-selectors/-/postcss-custom-selectors-6.0.0.tgz 4456ms (cache miss)
2955 http fetch GET 200 https://registry.npmjs.org/postcss-color-hex-alpha/-/postcss-color-hex-alpha-8.0.2.tgz 4452ms (cache miss)
2956 http fetch GET 200 https://registry.npmjs.org/postcss-browser-comments/-/postcss-browser-comments-4.0.0.tgz 4451ms (cache miss)
2957 http fetch GET 200 https://registry.npmjs.org/pkg-up/-/pkg-up-3.1.0.tgz 4449ms (cache miss)
2958 http fetch GET 200 https://registry.npmjs.org/portfinder/-/portfinder-1.0.28.tgz 4450ms (cache miss)
2959 http fetch GET 200 https://registry.npmjs.org/path-exists/-/path-exists-4.0.0.tgz 4444ms (cache miss)
2960 http fetch GET 200 https://registry.npmjs.org/parent-module/-/parent-module-1.0.1.tgz 4442ms (cache miss)
2961 http fetch GET 200 https://registry.npmjs.org/param-case/-/param-case-3.0.4.tgz 4442ms (cache miss)
2962 http fetch GET 200 https://registry.npmjs.org/pkg-dir/-/pkg-dir-4.2.0.tgz 4489ms (cache miss)
2963 http fetch GET 200 https://registry.npmjs.org/pirates/-/pirates-4.0.5.tgz 4490ms (cache miss)
2964 http fetch GET 200 https://registry.npmjs.org/p-map/-/p-map-4.0.0.tgz 4480ms (cache miss)
2965 http fetch GET 200 https://registry.npmjs.org/onetime/-/onetime-5.1.2.tgz 4478ms (cache miss)
2966 http fetch GET 200 https://registry.npmjs.org/sprintf-js/-/sprintf-js-1.0.3.tgz 4632ms (cache miss)
2967 http fetch GET 200 https://registry.npmjs.org/path-is-absolute/-/path-is-absolute-1.0.1.tgz 4525ms (cache miss)
2968 http fetch GET 200 https://registry.npmjs.org/parse-json/-/parse-json-5.2.0.tgz 4523ms (cache miss)
2969 http fetch GET 200 https://registry.npmjs.org/pascal-case/-/pascal-case-3.1.2.tgz 4525ms (cache miss)
2970 http fetch GET 200 https://registry.npmjs.org/open/-/open-8.4.0.tgz 4519ms (cache miss)
2971 http fetch GET 200 https://registry.npmjs.org/obuf/-/obuf-1.1.2.tgz 4516ms (cache miss)
2972 http fetch GET 200 https://registry.npmjs.org/object.hasown/-/object.hasown-1.1.2.tgz 4516ms (cache miss)
2973 http fetch GET 200 https://registry.npmjs.org/tough-cookie/-/tough-cookie-4.0.0.tgz 4703ms (cache miss)
2974 http fetch GET 200 https://registry.npmjs.org/performance-now/-/performance-now-2.1.0.tgz 4577ms (cache miss)
2975 http fetch GET 200 https://registry.npmjs.org/p-retry/-/p-retry-4.6.1.tgz 4571ms (cache miss)
2976 http fetch GET 200 https://registry.npmjs.org/p-try/-/p-try-2.2.0.tgz 4572ms (cache miss)
2977 http fetch GET 200 https://registry.npmjs.org/p-limit/-/p-limit-3.1.0.tgz 4570ms (cache miss)
2978 http fetch GET 200 https://registry.npmjs.org/object-is/-/object-is-1.1.5.tgz 4563ms (cache miss)
2979 http fetch GET 200 https://registry.npmjs.org/nth-check/-/nth-check-2.0.1.tgz 4561ms (cache miss)
2980 http fetch GET 200 https://registry.npmjs.org/npm-run-path/-/npm-run-path-4.0.1.tgz 4561ms (cache miss)
2981 http fetch GET 200 https://registry.npmjs.org/whatwg-url/-/whatwg-url-8.7.0.tgz 4780ms (cache miss)
2982 http fetch GET 200 https://registry.npmjs.org/postcss-lab-function/-/postcss-lab-function-4.0.3.tgz 4643ms (cache miss)
2983 http fetch GET 200 https://registry.npmjs.org/postcss-color-functional-notation/-/postcss-color-functional-notation-4.2.1.tgz 4628ms (cache miss)
2984 http fetch GET 200 https://registry.npmjs.org/once/-/once-1.4.0.tgz 4609ms (cache miss)
2985 http fetch GET 200 https://registry.npmjs.org/object.values/-/object.values-1.1.6.tgz 4607ms (cache miss)
2986 http fetch GET 200 https://registry.npmjs.org/on-headers/-/on-headers-1.0.2.tgz 4610ms (cache miss)
2987 http fetch GET 200 https://registry.npmjs.org/object-hash/-/object-hash-2.2.0.tgz 4604ms (cache miss)
2988 http fetch GET 200 https://registry.npmjs.org/normalize-path/-/normalize-path-3.0.0.tgz 4601ms (cache miss)
2989 http fetch GET 200 https://registry.npmjs.org/node-int64/-/node-int64-0.4.0.tgz 4601ms (cache miss)
2990 http fetch GET 200 https://registry.npmjs.org/no-case/-/no-case-3.0.4.tgz 4600ms (cache miss)
2991 http fetch GET 200 https://registry.npmjs.org/p-locate/-/p-locate-5.0.0.tgz 4649ms (cache miss)
2992 http fetch GET 200 https://registry.npmjs.org/optionator/-/optionator-0.9.1.tgz 4648ms (cache miss)
2993 http fetch GET 200 https://registry.npmjs.org/object-keys/-/object-keys-1.1.1.tgz 4640ms (cache miss)
2994 http fetch GET 200 https://registry.npmjs.org/ms/-/ms-2.1.2.tgz 4630ms (cache miss)
2995 http fetch GET 200 https://registry.npmjs.org/postcss-loader/-/postcss-loader-6.2.1.tgz 4722ms (cache miss)
2996 http fetch GET 200 https://registry.npmjs.org/normalize-url/-/normalize-url-6.1.0.tgz 4675ms (cache miss)
2997 http fetch GET 200 https://registry.npmjs.org/normalize-range/-/normalize-range-0.1.2.tgz 4675ms (cache miss)
2998 http fetch GET 200 https://registry.npmjs.org/node-releases/-/node-releases-2.0.18.tgz 4674ms (cache miss)
2999 http fetch GET 200 https://registry.npmjs.org/mkdirp/-/mkdirp-0.5.5.tgz 4668ms (cache miss)
3000 http fetch GET 200 https://registry.npmjs.org/minimatch/-/minimatch-3.1.2.tgz 4668ms (cache miss)
3001 http fetch GET 200 https://registry.npmjs.org/mimic-fn/-/mimic-fn-2.1.0.tgz 4665ms (cache miss)
3002 http fetch GET 200 https://registry.npmjs.org/mini-create-react-context/-/mini-create-react-context-0.4.1.tgz 4666ms (cache miss)
3003 http fetch GET 200 https://registry.npmjs.org/object.entries/-/object.entries-1.1.6.tgz 4749ms (cache miss)
3004 http fetch GET 200 https://registry.npmjs.org/natural-compare-lite/-/natural-compare-lite-1.4.0.tgz 4739ms (cache miss)
3005 http fetch GET 200 https://registry.npmjs.org/multicast-dns-service-types/-/multicast-dns-service-types-1.1.0.tgz 4738ms (cache miss)
3006 http fetch GET 200 https://registry.npmjs.org/multicast-dns/-/multicast-dns-6.2.3.tgz 4737ms (cache miss)
3007 http fetch GET 200 https://registry.npmjs.org/mime-types/-/mime-types-2.1.34.tgz 4733ms (cache miss)
3008 http fetch GET 200 https://registry.npmjs.org/merge2/-/merge2-1.4.1.tgz 4731ms (cache miss)
3009 http fetch GET 200 https://registry.npmjs.org/workbox-cacheable-response/-/workbox-cacheable-response-6.4.2.tgz 4969ms (cache miss)
3010 http fetch GET 200 https://registry.npmjs.org/spdy/-/spdy-4.0.2.tgz 4909ms (cache miss)
3011 http fetch GET 200 https://registry.npmjs.org/minimalistic-assert/-/minimalistic-assert-1.0.1.tgz 4774ms (cache miss)
3012 http fetch GET 200 https://registry.npmjs.org/loose-envify/-/loose-envify-1.4.0.tgz 4763ms (cache miss)
3013 http fetch GET 200 https://registry.npmjs.org/lower-case/-/lower-case-2.0.2.tgz 4765ms (cache miss)
3014 http fetch GET 200 https://registry.npmjs.org/lru-cache/-/lru-cache-6.0.0.tgz 4766ms (cache miss)
3015 http fetch GET 200 https://registry.npmjs.org/micromatch/-/micromatch-4.0.8.tgz 4772ms (cache miss)
3016 http fetch GET 200 https://registry.npmjs.org/nwsapi/-/nwsapi-2.2.0.tgz 4824ms (cache miss)
3017 http fetch GET 200 https://registry.npmjs.org/natural-compare/-/natural-compare-1.4.0.tgz 4817ms (cache miss)
3018 http fetch GET 200 https://registry.npmjs.org/make-dir/-/make-dir-3.1.0.tgz 4805ms (cache miss)
3019 http fetch GET 200 https://registry.npmjs.org/merge-stream/-/merge-stream-2.0.0.tgz 4809ms (cache miss)
3020 http fetch GET 200 https://registry.npmjs.org/locate-path/-/locate-path-6.0.0.tgz 4800ms (cache miss)
3021 http fetch GET 200 https://registry.npmjs.org/lilconfig/-/lilconfig-2.0.4.tgz 4819ms (cache miss)
3022 http fetch GET 200 https://registry.npmjs.org/lines-and-columns/-/lines-and-columns-1.2.4.tgz 4821ms (cache miss)
3023 http fetch GET 200 https://registry.npmjs.org/picomatch/-/picomatch-2.3.1.tgz 4891ms (cache miss)
3024 http fetch GET 200 https://registry.npmjs.org/makeerror/-/makeerror-1.0.12.tgz 4851ms (cache miss)
3025 http fetch GET 200 https://registry.npmjs.org/lodash.merge/-/lodash.merge-4.6.2.tgz 4865ms (cache miss)
3026 http fetch GET 200 https://registry.npmjs.org/leven/-/leven-3.1.0.tgz 4861ms (cache miss)
3027 http fetch GET 200 https://registry.npmjs.org/klona/-/klona-2.0.5.tgz 4859ms (cache miss)
3028 http fetch GET 200 https://registry.npmjs.org/kind-of/-/kind-of-6.0.3.tgz 4860ms (cache miss)
3029 http fetch GET 200 https://registry.npmjs.org/yargs-parser/-/yargs-parser-20.2.9.tgz 5115ms (cache miss)
3030 http fetch GET 200 https://registry.npmjs.org/regexpp/-/regexpp-3.2.0.tgz 5009ms (cache miss)
3031 http fetch GET 200 https://registry.npmjs.org/lodash.sortby/-/lodash.sortby-4.7.0.tgz 4916ms (cache miss)
3032 http fetch GET 200 https://registry.npmjs.org/lodash.debounce/-/lodash.debounce-4.0.8.tgz 4915ms (cache miss)
3033 http fetch GET 200 https://registry.npmjs.org/jss-plugin-nested/-/jss-plugin-nested-10.9.0.tgz 4905ms (cache miss)
3034 http fetch GET 200 https://registry.npmjs.org/react-error-overlay/-/react-error-overlay-6.0.11.tgz 5045ms (cache miss)
3035 http fetch GET 200 https://registry.npmjs.org/lodash.uniq/-/lodash.uniq-4.5.0.tgz 4938ms (cache miss)
3036 http fetch GET 200 https://registry.npmjs.org/levn/-/levn-0.4.1.tgz 4957ms (cache miss)
3037 http fetch GET 200 https://registry.npmjs.org/kleur/-/kleur-3.0.3.tgz 4956ms (cache miss)
3038 http fetch GET 200 https://registry.npmjs.org/jsonfile/-/jsonfile-6.1.0.tgz 4949ms (cache miss)
3039 http fetch GET 200 https://registry.npmjs.org/postcss-nesting/-/postcss-nesting-10.1.2.tgz 5066ms (cache miss)
3040 http fetch GET 200 https://registry.npmjs.org/object.fromentries/-/object.fromentries-2.0.6.tgz 5014ms (cache miss)
3041 http fetch GET 200 https://registry.npmjs.org/mime-db/-/mime-db-1.51.0.tgz 4996ms (cache miss)
3042 http fetch GET 200 https://registry.npmjs.org/lodash.memoize/-/lodash.memoize-4.1.2.tgz 5016ms (cache miss)
3043 http fetch GET 200 https://registry.npmjs.org/loader-runner/-/loader-runner-4.2.0.tgz 5014ms (cache miss)
3044 http fetch GET 200 https://registry.npmjs.org/json-parse-even-better-errors/-/json-parse-even-better-errors-2.3.1.tgz 4999ms (cache miss)
3045 http fetch GET 200 https://registry.npmjs.org/jest-watcher/-/jest-watcher-27.4.6.tgz 4996ms (cache miss)
3046 http fetch GET 200 https://registry.npmjs.org/jest-watch-typeahead/-/jest-watch-typeahead-1.0.0.tgz 4996ms (cache miss)
3047 http fetch GET 200 https://registry.npmjs.org/stylis/-/stylis-4.0.13.tgz 5199ms (cache miss)
3048 http fetch GET 200 https://registry.npmjs.org/jsonpointer/-/jsonpointer-5.0.0.tgz 5061ms (cache miss)
3049 http fetch GET 200 https://registry.npmjs.org/json-stable-stringify-without-jsonify/-/json-stable-stringify-without-jsonify-1.0.1.tgz 5061ms (cache miss)
3050 http fetch GET 200 https://registry.npmjs.org/jest-validate/-/jest-validate-27.4.6.tgz 5055ms (cache miss)
3051 http fetch GET 200 https://registry.npmjs.org/jest-serializer/-/jest-serializer-27.4.0.tgz 5054ms (cache miss)
3052 http fetch GET 200 https://registry.npmjs.org/jest-runner/-/jest-runner-27.4.6.tgz 5054ms (cache miss)
3053 http fetch GET 200 https://registry.npmjs.org/jest-resolve-dependencies/-/jest-resolve-dependencies-27.4.6.tgz 5053ms (cache miss)
3054 http fetch GET 200 https://registry.npmjs.org/json-schema-traverse/-/json-schema-traverse-0.4.1.tgz 5107ms (cache miss)
3055 http fetch GET 200 https://registry.npmjs.org/json-schema/-/json-schema-0.4.0.tgz 5107ms (cache miss)
3056 http fetch GET 200 https://registry.npmjs.org/jsesc/-/jsesc-2.5.2.tgz 5106ms (cache miss)
3057 http fetch GET 200 https://registry.npmjs.org/jest-regex-util/-/jest-regex-util-27.4.0.tgz 5098ms (cache miss)
3058 http fetch GET 200 https://registry.npmjs.org/jest-pnp-resolver/-/jest-pnp-resolver-1.2.2.tgz 5099ms (cache miss)
3059 http fetch GET 200 https://registry.npmjs.org/jest-message-util/-/jest-message-util-27.4.6.tgz 5098ms (cache miss)
3060 http fetch GET 200 https://registry.npmjs.org/object.getownpropertydescriptors/-/object.getownpropertydescriptors-2.1.3.tgz 5175ms (cache miss)
3061 http fetch GET 200 https://registry.npmjs.org/js-tokens/-/js-tokens-4.0.0.tgz 5151ms (cache miss)
3062 http fetch GET 200 https://registry.npmjs.org/jest-resolve/-/jest-resolve-27.4.6.tgz 5145ms (cache miss)
3063 http fetch GET 200 https://registry.npmjs.org/jest-environment-jsdom/-/jest-environment-jsdom-27.4.6.tgz 5139ms (cache miss)
3064 http fetch GET 200 https://registry.npmjs.org/jest-each/-/jest-each-27.4.6.tgz 5139ms (cache miss)
3065 http fetch GET 200 https://registry.npmjs.org/jest-docblock/-/jest-docblock-27.4.0.tgz 5138ms (cache miss)
3066 http fetch GET 200 https://registry.npmjs.org/jest-get-type/-/jest-get-type-27.4.0.tgz 5142ms (cache miss)
3067 http fetch GET 200 https://registry.npmjs.org/tapable/-/tapable-2.2.1.tgz 5356ms (cache miss)
3068 http fetch GET 200 https://registry.npmjs.org/jest-matcher-utils/-/jest-matcher-utils-27.4.6.tgz 5223ms (cache miss)
3069 http fetch GET 200 https://registry.npmjs.org/jest-cli/-/jest-cli-27.4.7.tgz 5217ms (cache miss)
3070 http fetch GET 200 https://registry.npmjs.org/jest-changed-files/-/jest-changed-files-27.4.2.tgz 5215ms (cache miss)
3071 http fetch GET 200 https://registry.npmjs.org/jest-environment-node/-/jest-environment-node-27.4.6.tgz 5262ms (cache miss)
3072 http fetch GET 200 https://registry.npmjs.org/istanbul-lib-source-maps/-/istanbul-lib-source-maps-4.0.1.tgz 5256ms (cache miss)
3073 http fetch GET 200 https://registry.npmjs.org/is-weakmap/-/is-weakmap-2.0.1.tgz 5250ms (cache miss)
3074 http fetch GET 200 https://registry.npmjs.org/istanbul-lib-coverage/-/istanbul-lib-coverage-3.2.0.tgz 5255ms (cache miss)
3075 http fetch GET 200 https://registry.npmjs.org/is-wsl/-/is-wsl-2.2.0.tgz 5254ms (cache miss)
3076 http fetch GET 200 https://registry.npmjs.org/is-weakref/-/is-weakref-1.0.2.tgz 5253ms (cache miss)
3077 http fetch GET 200 https://registry.npmjs.org/pretty-error/-/pretty-error-4.0.0.tgz 5408ms (cache miss)
3078 http fetch GET 200 https://registry.npmjs.org/jest-mock/-/jest-mock-27.4.6.tgz 5317ms (cache miss)
3079 http fetch GET 200 https://registry.npmjs.org/jest-leak-detector/-/jest-leak-detector-27.4.6.tgz 5316ms (cache miss)
3080 http fetch GET 200 https://registry.npmjs.org/jest/-/jest-27.4.7.tgz 5309ms (cache miss)
3081 http fetch GET 200 https://registry.npmjs.org/is-typed-array/-/is-typed-array-1.1.10.tgz 5302ms (cache miss)
3082 http fetch GET 200 https://registry.npmjs.org/is-string/-/is-string-1.0.7.tgz 5301ms (cache miss)
3083 http fetch GET 200 https://registry.npmjs.org/is-symbol/-/is-symbol-1.0.4.tgz 5302ms (cache miss)
3084 http fetch GET 200 https://registry.npmjs.org/is-set/-/is-set-2.0.2.tgz 5301ms (cache miss)
3085 http fetch GET 200 https://registry.npmjs.org/is-shared-array-buffer/-/is-shared-array-buffer-1.0.2.tgz 5302ms (cache miss)
3086 http fetch GET 200 https://registry.npmjs.org/workbox-navigation-preload/-/workbox-navigation-preload-6.4.2.tgz 5575ms (cache miss)
3087 http fetch GET 200 https://registry.npmjs.org/psl/-/psl-1.8.0.tgz 5466ms (cache miss)
3088 http fetch GET 200 https://registry.npmjs.org/is-regex/-/is-regex-1.1.4.tgz 5311ms (cache miss)
3089 http fetch GET 200 https://registry.npmjs.org/is-plain-obj/-/is-plain-obj-3.0.0.tgz 5310ms (cache miss)
3090 http fetch GET 200 https://registry.npmjs.org/is-potential-custom-element-name/-/is-potential-custom-element-name-1.0.1.tgz 5312ms (cache miss)
3091 http fetch GET 200 https://registry.npmjs.org/is-path-inside/-/is-path-inside-3.0.3.tgz 5310ms (cache miss)
3092 http fetch GET 200 https://registry.npmjs.org/is-path-cwd/-/is-path-cwd-2.2.0.tgz 5310ms (cache miss)
3093 http fetch GET 200 https://registry.npmjs.org/isexe/-/isexe-2.0.0.tgz 5354ms (cache miss)
3094 http fetch GET 200 https://registry.npmjs.org/isarray/-/isarray-1.0.0.tgz 5355ms (cache miss)
3095 http fetch GET 200 https://registry.npmjs.org/is-weakset/-/is-weakset-2.0.2.tgz 5353ms (cache miss)
3096 http fetch GET 200 https://registry.npmjs.org/is-number/-/is-number-7.0.0.tgz 5354ms (cache miss)
3097 http fetch GET 200 https://registry.npmjs.org/is-negative-zero/-/is-negative-zero-2.0.2.tgz 5354ms (cache miss)
3098 http fetch GET 200 https://registry.npmjs.org/is-glob/-/is-glob-4.0.3.tgz 5352ms (cache miss)
3099 http fetch GET 200 https://registry.npmjs.org/is-in-browser/-/is-in-browser-1.1.3.tgz 5353ms (cache miss)
3100 http fetch GET 200 https://registry.npmjs.org/is-typedarray/-/is-typedarray-1.0.0.tgz 5400ms (cache miss)
3101 http fetch GET 200 https://registry.npmjs.org/is-stream/-/is-stream-2.0.1.tgz 5398ms (cache miss)
3102 http fetch GET 200 https://registry.npmjs.org/is-regexp/-/is-regexp-1.0.0.tgz 5404ms (cache miss)
3103 http fetch GET 200 https://registry.npmjs.org/is-root/-/is-root-2.1.0.tgz 5404ms (cache miss)
3104 http fetch GET 200 https://registry.npmjs.org/is-obj/-/is-obj-1.0.1.tgz 5401ms (cache miss)
3105 http fetch GET 200 https://registry.npmjs.org/is-docker/-/is-docker-2.2.1.tgz 5393ms (cache miss)
3106 http fetch GET 200 https://registry.npmjs.org/is-date-object/-/is-date-object-1.0.5.tgz 5393ms (cache miss)
3107 http fetch GET 200 https://registry.npmjs.org/is-binary-path/-/is-binary-path-2.1.0.tgz 5391ms (cache miss)
3108 http fetch GET 200 https://registry.npmjs.org/sockjs/-/sockjs-0.3.24.tgz 5650ms (cache miss)
3109 http fetch GET 200 https://registry.npmjs.org/is-number-object/-/is-number-object-1.0.7.tgz 5445ms (cache miss)
3110 http fetch GET 200 https://registry.npmjs.org/is-module/-/is-module-1.0.0.tgz 5445ms (cache miss)
3111 http fetch GET 200 https://registry.npmjs.org/is-map/-/is-map-2.0.2.tgz 5444ms (cache miss)
3112 http fetch GET 200 https://registry.npmjs.org/is-core-module/-/is-core-module-2.11.0.tgz 5438ms (cache miss)
3113 http fetch GET 200 https://registry.npmjs.org/is-boolean-object/-/is-boolean-object-1.1.2.tgz 5437ms (cache miss)
3114 http fetch GET 200 https://registry.npmjs.org/is-bigint/-/is-bigint-1.0.4.tgz 5436ms (cache miss)
3115 http fetch GET 200 https://registry.npmjs.org/is-arguments/-/is-arguments-1.1.1.tgz 5434ms (cache miss)
3116 http fetch GET 200 https://registry.npmjs.org/is-array-buffer/-/is-array-buffer-3.0.2.tgz 5436ms (cache miss)
3117 http fetch GET 200 https://registry.npmjs.org/internal-slot/-/internal-slot-1.0.5.tgz 5434ms (cache miss)
3118 http fetch GET 200 https://registry.npmjs.org/react-dev-utils/-/react-dev-utils-12.0.1.tgz 5666ms (cache miss)
3119 http fetch GET 200 https://registry.npmjs.org/is-generator-fn/-/is-generator-fn-2.1.0.tgz 5494ms (cache miss)
3120 http fetch GET 200 https://registry.npmjs.org/is-callable/-/is-callable-1.2.7.tgz 5489ms (cache miss)
3121 http fetch GET 200 https://registry.npmjs.org/imurmurhash/-/imurmurhash-0.1.4.tgz 5484ms (cache miss)
3122 http fetch GET 200 https://registry.npmjs.org/import-fresh/-/import-fresh-3.3.0.tgz 5482ms (cache miss)
3123 http fetch GET 200 https://registry.npmjs.org/ignore/-/ignore-5.2.0.tgz 5481ms (cache miss)
3124 http fetch GET 200 https://registry.npmjs.org/ws/-/ws-7.5.6.tgz 5830ms (cache miss)
3125 http fetch GET 200 https://registry.npmjs.org/source-map-js/-/source-map-js-1.0.2.tgz 5758ms (cache miss)
3126 http fetch GET 200 https://registry.npmjs.org/is-arrayish/-/is-arrayish-0.2.1.tgz 5539ms (cache miss)
3127 http fetch GET 200 https://registry.npmjs.org/ini/-/ini-1.3.8.tgz 5536ms (cache miss)
3128 http fetch GET 200 https://registry.npmjs.org/icss-utils/-/icss-utils-5.1.0.tgz 5497ms (cache miss)
3129 http fetch GET 200 https://registry.npmjs.org/is-extglob/-/is-extglob-2.1.1.tgz 5594ms (cache miss)
3130 http fetch GET 200 https://registry.npmjs.org/ip/-/ip-1.1.5.tgz 5585ms (cache miss)
3131 http fetch GET 200 https://registry.npmjs.org/inflight/-/inflight-1.0.6.tgz 5584ms (cache miss)
3132 http fetch GET 200 https://registry.npmjs.org/indent-string/-/indent-string-4.0.0.tgz 5583ms (cache miss)
3133 http fetch GET 200 https://registry.npmjs.org/import-local/-/import-local-3.1.0.tgz 5582ms (cache miss)
3134 http fetch GET 200 https://registry.npmjs.org/identity-obj-proxy/-/identity-obj-proxy-3.0.0.tgz 5581ms (cache miss)
3135 http fetch GET 200 https://registry.npmjs.org/html-escaper/-/html-escaper-2.0.2.tgz 5540ms (cache miss)
3136 http fetch GET 200 https://registry.npmjs.org/xmlchars/-/xmlchars-2.2.0.tgz 5919ms (cache miss)
3137 http fetch GET 200 https://registry.npmjs.org/hyphenate-style-name/-/hyphenate-style-name-1.0.4.tgz 5581ms (cache miss)
3138 http fetch GET 200 https://registry.npmjs.org/http-parser-js/-/http-parser-js-0.5.5.tgz 5579ms (cache miss)
3139 http fetch GET 200 https://registry.npmjs.org/https-proxy-agent/-/https-proxy-agent-5.0.0.tgz 5581ms (cache miss)
3140 http fetch GET 200 https://registry.npmjs.org/hoopy/-/hoopy-0.1.4.tgz 5575ms (cache miss)
3141 http fetch GET 200 https://registry.npmjs.org/has-tostringtag/-/has-tostringtag-1.0.0.tgz 5573ms (cache miss)
3142 http fetch GET 200 https://registry.npmjs.org/jest-runtime/-/jest-runtime-27.4.6.tgz 5740ms (cache miss)
3143 http fetch GET 200 https://registry.npmjs.org/http-deceiver/-/http-deceiver-1.2.7.tgz 5656ms (cache miss)
3144 http fetch GET 200 https://registry.npmjs.org/html-encoding-sniffer/-/html-encoding-sniffer-2.0.1.tgz 5655ms (cache miss)
3145 http fetch GET 200 https://registry.npmjs.org/has-flag/-/has-flag-3.0.0.tgz 5652ms (cache miss)
3146 http fetch GET 200 https://registry.npmjs.org/has-bigints/-/has-bigints-1.0.2.tgz 5652ms (cache miss)
3147 http fetch GET 200 https://registry.npmjs.org/gzip-size/-/gzip-size-6.0.0.tgz 5651ms (cache miss)
3148 http fetch GET 200 https://registry.npmjs.org/language-tags/-/language-tags-1.0.5.tgz 5804ms (cache miss)
3149 http fetch GET 200 https://registry.npmjs.org/workbox-google-analytics/-/workbox-google-analytics-6.4.2.tgz 6032ms (cache miss)
3150 http fetch GET 200 https://registry.npmjs.org/handle-thing/-/handle-thing-2.0.1.tgz 5691ms (cache miss)
3151 http fetch GET 200 https://registry.npmjs.org/harmony-reflect/-/harmony-reflect-1.6.1.tgz 5693ms (cache miss)
3152 http fetch GET 200 https://registry.npmjs.org/graceful-fs/-/graceful-fs-4.2.11.tgz 5690ms (cache miss)
3153 http fetch GET 200 https://registry.npmjs.org/globalthis/-/globalthis-1.0.3.tgz 5690ms (cache miss)
3154 http fetch GET 200 https://registry.npmjs.org/globby/-/globby-11.1.0.tgz 5691ms (cache miss)
3155 http fetch GET 200 https://registry.npmjs.org/global-prefix/-/global-prefix-3.0.0.tgz 5690ms (cache miss)
3156 http fetch GET 200 https://registry.npmjs.org/globals/-/globals-11.12.0.tgz 5691ms (cache miss)
3157 http fetch GET 200 https://registry.npmjs.org/global-modules/-/global-modules-2.0.0.tgz 5689ms (cache miss)
3158 http fetch GET 200 https://registry.npmjs.org/glob-to-regexp/-/glob-to-regexp-0.4.1.tgz 5687ms (cache miss)
3159 http fetch GET 200 https://registry.npmjs.org/has-proto/-/has-proto-1.0.1.tgz 5738ms (cache miss)
3160 http fetch GET 200 https://registry.npmjs.org/has/-/has-1.0.3.tgz 5737ms (cache miss)
3161 http fetch GET 200 https://registry.npmjs.org/get-stream/-/get-stream-6.0.1.tgz 5725ms (cache miss)
3162 http fetch GET 200 https://registry.npmjs.org/functions-have-names/-/functions-have-names-1.2.3.tgz 5723ms (cache miss)
3163 http fetch GET 200 https://registry.npmjs.org/gensync/-/gensync-1.0.0-beta.2.tgz 5724ms (cache miss)
3164 http fetch GET 200 https://registry.npmjs.org/jss-plugin-props-sort/-/jss-plugin-props-sort-10.9.0.tgz 5886ms (cache miss)
3165 http fetch GET 200 https://registry.npmjs.org/react/-/react-17.0.2.tgz 6015ms (cache miss)
3166 http fetch GET 200 https://registry.npmjs.org/he/-/he-1.2.0.tgz 5784ms (cache miss)
3167 http fetch GET 200 https://registry.npmjs.org/glob-parent/-/glob-parent-6.0.2.tgz 5771ms (cache miss)
3168 http fetch GET 200 https://registry.npmjs.org/glob/-/glob-7.2.0.tgz 5771ms (cache miss)
3169 http fetch GET 200 https://registry.npmjs.org/get-package-type/-/get-package-type-0.1.0.tgz 5769ms (cache miss)
3170 http fetch GET 200 https://registry.npmjs.org/fs-monkey/-/fs-monkey-1.0.5.tgz 5764ms (cache miss)
3171 http fetch GET 200 https://registry.npmjs.org/function.prototype.name/-/function.prototype.name-1.1.5.tgz 5767ms (cache miss)
3172 http fetch GET 200 https://registry.npmjs.org/form-data/-/form-data-3.0.1.tgz 5764ms (cache miss)
3173 http fetch GET 200 https://registry.npmjs.org/istanbul-lib-instrument/-/istanbul-lib-instrument-5.1.0.tgz 5900ms (cache miss)
3174 http fetch GET 200 https://registry.npmjs.org/http-proxy-agent/-/http-proxy-agent-4.0.1.tgz 5832ms (cache miss)
3175 http fetch GET 200 https://registry.npmjs.org/get-symbol-description/-/get-symbol-description-1.0.0.tgz 5812ms (cache miss)
3176 http fetch GET 200 https://registry.npmjs.org/get-own-enumerable-property-symbols/-/get-own-enumerable-property-symbols-3.0.2.tgz 5810ms (cache miss)
3177 http fetch GET 200 https://registry.npmjs.org/fraction.js/-/fraction.js-4.1.2.tgz 5805ms (cache miss)
3178 http fetch GET 200 https://registry.npmjs.org/for-each/-/for-each-0.3.3.tgz 5803ms (cache miss)
3179 http fetch GET 200 https://registry.npmjs.org/flat-cache/-/flat-cache-3.0.4.tgz 5802ms (cache miss)
3180 http fetch GET 200 https://registry.npmjs.org/find-root/-/find-root-1.1.0.tgz 5801ms (cache miss)
3181 http fetch GET 200 https://registry.npmjs.org/find-cache-dir/-/find-cache-dir-3.3.2.tgz 5802ms (cache miss)
3182 http fetch GET 200 https://registry.npmjs.org/jss-plugin-camel-case/-/jss-plugin-camel-case-10.9.0.tgz 5968ms (cache miss)
3183 http fetch GET 200 https://registry.npmjs.org/workbox-range-requests/-/workbox-range-requests-6.4.2.tgz 6208ms (cache miss)
3184 http fetch GET 200 https://registry.npmjs.org/schema-utils/-/schema-utils-3.3.0.tgz 6132ms (cache miss)
3185 http fetch GET 200 https://registry.npmjs.org/jss-plugin-global/-/jss-plugin-global-10.9.0.tgz 5979ms (cache miss)
3186 http fetch GET 200 https://registry.npmjs.org/hoist-non-react-statics/-/hoist-non-react-statics-3.3.2.tgz 5871ms (cache miss)
3187 http fetch GET 200 https://registry.npmjs.org/functional-red-black-tree/-/functional-red-black-tree-1.0.1.tgz 5850ms (cache miss)
3188 http fetch GET 200 https://registry.npmjs.org/fs.realpath/-/fs.realpath-1.0.0.tgz 5849ms (cache miss)
3189 http fetch GET 200 https://registry.npmjs.org/find-up/-/find-up-5.0.0.tgz 5844ms (cache miss)
3190 http fetch GET 200 https://registry.npmjs.org/follow-redirects/-/follow-redirects-1.14.8.tgz 5845ms (cache miss)
3191 http fetch GET 200 https://registry.npmjs.org/fill-range/-/fill-range-7.1.1.tgz 5843ms (cache miss)
3192 http fetch GET 200 https://registry.npmjs.org/filelist/-/filelist-1.0.4.tgz 5842ms (cache miss)
3193 http fetch GET 200 https://registry.npmjs.org/file-loader/-/file-loader-6.2.0.tgz 5842ms (cache miss)
3194 http fetch GET 200 https://registry.npmjs.org/fb-watchman/-/fb-watchman-2.0.1.tgz 5842ms (cache miss)
3195 http fetch GET 200 https://registry.npmjs.org/faye-websocket/-/faye-websocket-0.11.4.tgz 5841ms (cache miss)
3196 http fetch GET 200 https://registry.npmjs.org/fastq/-/fastq-1.13.0.tgz 5841ms (cache miss)
3197 http fetch GET 200 https://registry.npmjs.org/regenerator-transform/-/regenerator-transform-0.14.5.tgz 6161ms (cache miss)
3198 http fetch GET 200 https://registry.npmjs.org/file-entry-cache/-/file-entry-cache-6.0.1.tgz 5889ms (cache miss)
3199 http fetch GET 200 https://registry.npmjs.org/fast-json-stable-stringify/-/fast-json-stable-stringify-2.1.0.tgz 5888ms (cache miss)
3200 http fetch GET 200 https://registry.npmjs.org/fast-deep-equal/-/fast-deep-equal-3.1.3.tgz 5888ms (cache miss)
3201 http fetch GET 200 https://registry.npmjs.org/execa/-/execa-5.1.1.tgz 5887ms (cache miss)
3202 http fetch GET 200 https://registry.npmjs.org/jss-plugin-rule-value-function/-/jss-plugin-rule-value-function-10.9.0.tgz 6105ms (cache miss)
3203 http fetch GET 200 https://registry.npmjs.org/eventemitter3/-/eventemitter3-4.0.7.tgz 6002ms (cache miss)
3204 http fetch GET 200 https://registry.npmjs.org/estraverse/-/estraverse-5.3.0.tgz 6003ms (cache miss)
3205 http fetch GET 200 https://registry.npmjs.org/estree-walker/-/estree-walker-1.0.1.tgz 6005ms (cache miss)
3206 http fetch GET 200 https://registry.npmjs.org/esutils/-/esutils-2.0.3.tgz 6009ms (cache miss)
3207 http fetch GET 200 https://registry.npmjs.org/fast-levenshtein/-/fast-levenshtein-2.0.6.tgz 6181ms (cache miss)
3208 http fetch GET 200 https://registry.npmjs.org/esrecurse/-/esrecurse-4.3.0.tgz 6177ms (cache miss)
3209 http fetch GET 200 https://registry.npmjs.org/eslint-webpack-plugin/-/eslint-webpack-plugin-3.1.1.tgz 6175ms (cache miss)
3210 http fetch GET 200 https://registry.npmjs.org/eslint-import-resolver-node/-/eslint-import-resolver-node-0.3.7.tgz 6222ms (cache miss)
3211 http fetch GET 200 https://registry.npmjs.org/istanbul-lib-report/-/istanbul-lib-report-3.0.0.tgz 6394ms (cache miss)
3212 http fetch GET 200 https://registry.npmjs.org/html-minifier-terser/-/html-minifier-terser-6.1.0.tgz 6325ms (cache miss)
3213 http fetch GET 200 https://registry.npmjs.org/escape-string-regexp/-/escape-string-regexp-1.0.5.tgz 6276ms (cache miss)
3214 http fetch GET 200 https://registry.npmjs.org/escalade/-/escalade-3.2.0.tgz 6276ms (cache miss)
3215 http fetch GET 200 https://registry.npmjs.org/es-to-primitive/-/es-to-primitive-1.2.1.tgz 6276ms (cache miss)
3216 http fetch GET 200 https://registry.npmjs.org/es-shim-unscopables/-/es-shim-unscopables-1.0.0.tgz 6276ms (cache miss)
3217 http fetch GET 200 https://registry.npmjs.org/workbox-recipes/-/workbox-recipes-6.4.2.tgz 6710ms (cache miss)
3218 http fetch GET 200 https://registry.npmjs.org/workbox-broadcast-update/-/workbox-broadcast-update-6.4.2.tgz 6706ms (cache miss)
3219 http fetch GET 200 https://registry.npmjs.org/scheduler/-/scheduler-0.20.2.tgz 6634ms (cache miss)
3220 http fetch GET 200 https://registry.npmjs.org/eslint-visitor-keys/-/eslint-visitor-keys-3.3.0.tgz 6331ms (cache miss)
3221 http fetch GET 200 https://registry.npmjs.org/escodegen/-/escodegen-2.0.0.tgz 6325ms (cache miss)
3222 http fetch GET 200 https://registry.npmjs.org/es-set-tostringtag/-/es-set-tostringtag-2.0.1.tgz 6324ms (cache miss)
3223 http fetch GET 200 https://registry.npmjs.org/es-get-iterator/-/es-get-iterator-1.1.3.tgz 6323ms (cache miss)
3224 http fetch GET 200 https://registry.npmjs.org/error-stack-parser/-/error-stack-parser-2.0.6.tgz 6322ms (cache miss)
3225 http fetch GET 200 https://registry.npmjs.org/error-ex/-/error-ex-1.3.2.tgz 6322ms (cache miss)
3226 http fetch GET 200 https://registry.npmjs.org/style-loader/-/style-loader-3.3.1.tgz 6711ms (cache miss)
3227 http fetch GET 200 https://registry.npmjs.org/eslint-config-react-app/-/eslint-config-react-app-7.0.1.tgz 6377ms (cache miss)
3228 http fetch GET 200 https://registry.npmjs.org/emojis-list/-/emojis-list-3.0.0.tgz 6370ms (cache miss)
3229 http fetch GET 200 https://registry.npmjs.org/emittery/-/emittery-0.8.1.tgz 6370ms (cache miss)
3230 http fetch GET 200 https://registry.npmjs.org/emoji-regex/-/emoji-regex-9.2.2.tgz 6371ms (cache miss)
3231 http fetch GET 200 https://registry.npmjs.org/jss-plugin-default-unit/-/jss-plugin-default-unit-10.9.0.tgz 6579ms (cache miss)
3232 http fetch GET 200 https://registry.npmjs.org/mini-css-extract-plugin/-/mini-css-extract-plugin-2.5.2.tgz 6614ms (cache miss)
3233 http fetch GET 200 https://registry.npmjs.org/jss-plugin-vendor-prefixer/-/jss-plugin-vendor-prefixer-10.9.0.tgz 6592ms (cache miss)
3234 http fetch GET 200 https://registry.npmjs.org/html-entities/-/html-entities-2.3.2.tgz 6480ms (cache miss)
3235 http fetch GET 200 https://registry.npmjs.org/eslint-plugin-react-hooks/-/eslint-plugin-react-hooks-4.6.0.tgz 6436ms (cache miss)
3236 http fetch GET 200 https://registry.npmjs.org/dot-case/-/dot-case-3.0.4.tgz 6422ms (cache miss)
3237 http fetch GET 200 https://registry.npmjs.org/dotenv-expand/-/dotenv-expand-5.1.0.tgz 6423ms (cache miss)
3238 http fetch GET 200 https://registry.npmjs.org/dom-serializer/-/dom-serializer-1.3.2.tgz 6420ms (cache miss)
3239 http fetch GET 200 https://registry.npmjs.org/domelementtype/-/domelementtype-2.2.0.tgz 6422ms (cache miss)
3240 http fetch GET 200 https://registry.npmjs.org/grapheme-splitter/-/grapheme-splitter-1.0.4.tgz 6520ms (cache miss)
3241 http fetch GET 200 https://registry.npmjs.org/duplexer/-/duplexer-0.1.2.tgz 6469ms (cache miss)
3242 http fetch GET 200 https://registry.npmjs.org/dom-converter/-/dom-converter-0.2.0.tgz 6466ms (cache miss)
3243 http fetch GET 200 https://registry.npmjs.org/dns-packet/-/dns-packet-1.3.4.tgz 6465ms (cache miss)
3244 http fetch GET 200 https://registry.npmjs.org/dlv/-/dlv-1.1.3.tgz 6464ms (cache miss)
3245 http fetch GET 200 https://registry.npmjs.org/dir-glob/-/dir-glob-3.0.1.tgz 6465ms (cache miss)
3246 http fetch GET 200 https://registry.npmjs.org/domexception/-/domexception-2.0.1.tgz 6511ms (cache miss)
3247 http fetch GET 200 https://registry.npmjs.org/diff-sequences/-/diff-sequences-27.4.0.tgz 6506ms (cache miss)
3248 http fetch GET 200 https://registry.npmjs.org/detect-newline/-/detect-newline-3.1.0.tgz 6505ms (cache miss)
3249 http fetch GET 200 https://registry.npmjs.org/postcss-calc/-/postcss-calc-8.2.2.tgz 6800ms (cache miss)
3250 http fetch GET 200 https://registry.npmjs.org/eslint-module-utils/-/eslint-module-utils-2.7.4.tgz 6578ms (cache miss)
3251 http fetch GET 200 https://registry.npmjs.org/dns-txt/-/dns-txt-2.0.2.tgz 6563ms (cache miss)
3252 http fetch GET 200 https://registry.npmjs.org/dns-equal/-/dns-equal-1.0.0.tgz 6562ms (cache miss)
3253 http fetch GET 200 https://registry.npmjs.org/didyoumean/-/didyoumean-1.2.2.tgz 6561ms (cache miss)
3254 http fetch GET 200 https://registry.npmjs.org/define-properties/-/define-properties-1.2.0.tgz 6557ms (cache miss)
3255 http fetch GET 200 https://registry.npmjs.org/define-lazy-prop/-/define-lazy-prop-2.0.0.tgz 6557ms (cache miss)
3256 http fetch GET 200 https://registry.npmjs.org/deepmerge/-/deepmerge-4.2.2.tgz 6556ms (cache miss)
3257 http fetch GET 200 https://registry.npmjs.org/default-gateway/-/default-gateway-6.0.3.tgz 6558ms (cache miss)
3258 http fetch GET 200 https://registry.npmjs.org/deep-is/-/deep-is-0.1.4.tgz 6557ms (cache miss)
3259 http fetch GET 200 https://registry.npmjs.org/minimist/-/minimist-1.2.6.tgz 6810ms (cache miss)
3260 http fetch GET 200 https://registry.npmjs.org/es-module-lexer/-/es-module-lexer-1.5.4.tgz 6621ms (cache miss)
3261 http fetch GET 200 https://registry.npmjs.org/deep-equal/-/deep-equal-1.1.1.tgz 6600ms (cache miss)
3262 http fetch GET 200 https://registry.npmjs.org/damerau-levenshtein/-/damerau-levenshtein-1.0.8.tgz 6600ms (cache miss)
3263 http fetch GET 200 https://registry.npmjs.org/delayed-stream/-/delayed-stream-1.0.0.tgz 6648ms (cache miss)
3264 http fetch GET 200 https://registry.npmjs.org/del/-/del-6.0.0.tgz 6648ms (cache miss)
3265 http fetch GET 200 https://registry.npmjs.org/defined/-/defined-1.0.0.tgz 6647ms (cache miss)
3266 http fetch GET 200 https://registry.npmjs.org/data-urls/-/data-urls-2.0.0.tgz 6644ms (cache miss)
3267 http fetch GET 200 https://registry.npmjs.org/cssom/-/cssom-0.4.4.tgz 6642ms (cache miss)
3268 http fetch GET 200 https://registry.npmjs.org/cssnano/-/cssnano-5.0.16.tgz 6641ms (cache miss)
3269 http fetch GET 200 https://registry.npmjs.org/cssdb/-/cssdb-5.1.0.tgz 6640ms (cache miss)
3270 http fetch GET 200 https://registry.npmjs.org/nanoid/-/nanoid-3.2.0.tgz 6903ms (cache miss)
3271 http fetch GET 200 https://registry.npmjs.org/detect-node/-/detect-node-2.1.0.tgz 6693ms (cache miss)
3272 http fetch GET 200 https://registry.npmjs.org/depd/-/depd-1.1.2.tgz 6693ms (cache miss)
3273 http fetch GET 200 https://registry.npmjs.org/dedent/-/dedent-0.7.0.tgz 6688ms (cache miss)
3274 http fetch GET 200 https://registry.npmjs.org/debug/-/debug-4.3.3.tgz 6688ms (cache miss)
3275 http fetch GET 200 https://registry.npmjs.org/cssnano-preset-default/-/cssnano-preset-default-5.1.11.tgz 6684ms (cache miss)
3276 http fetch GET 200 https://registry.npmjs.org/cssesc/-/cssesc-3.0.0.tgz 6684ms (cache miss)
3277 http fetch GET 200 https://registry.npmjs.org/css-what/-/css-what-5.1.0.tgz 6683ms (cache miss)
3278 http fetch GET 200 https://registry.npmjs.org/css-vendor/-/css-vendor-2.0.8.tgz 6682ms (cache miss)
3279 http fetch GET 200 https://registry.npmjs.org/css-select-base-adapter/-/css-select-base-adapter-0.1.1.tgz 6682ms (cache miss)
3280 http fetch GET 200 https://registry.npmjs.org/css-minimizer-webpack-plugin/-/css-minimizer-webpack-plugin-3.4.1.tgz 6680ms (cache miss)
3281 http fetch GET 200 https://registry.npmjs.org/flatted/-/flatted-3.2.4.tgz 6807ms (cache miss)
3282 http fetch GET 200 https://registry.npmjs.org/cssnano-utils/-/cssnano-utils-3.0.1.tgz 6756ms (cache miss)
3283 http fetch GET 200 https://registry.npmjs.org/css-declaration-sorter/-/css-declaration-sorter-6.1.4.tgz 6750ms (cache miss)
3284 http fetch GET 200 https://registry.npmjs.org/core-util-is/-/core-util-is-1.0.3.tgz 6748ms (cache miss)
3285 http fetch GET 200 https://registry.npmjs.org/resolve-url-loader/-/resolve-url-loader-4.0.0.tgz 7125ms (cache miss)
3286 http fetch GET 200 https://registry.npmjs.org/magic-string/-/magic-string-0.25.7.tgz 7002ms (cache miss)
3287 http fetch GET 200 https://registry.npmjs.org/detect-port-alt/-/detect-port-alt-1.1.6.tgz 6805ms (cache miss)
3288 http fetch GET 200 https://registry.npmjs.org/convert-source-map/-/convert-source-map-1.8.0.tgz 6781ms (cache miss)
3289 http fetch GET 200 https://registry.npmjs.org/confusing-browser-globals/-/confusing-browser-globals-1.0.11.tgz 6781ms (cache miss)
3290 http fetch GET 200 https://registry.npmjs.org/electron-to-chromium/-/electron-to-chromium-1.5.13.tgz 6859ms (cache miss)
3291 http fetch GET 200 https://registry.npmjs.org/crypto-random-string/-/crypto-random-string-2.0.0.tgz 6829ms (cache miss)
3292 http fetch GET 200 https://registry.npmjs.org/cross-spawn/-/cross-spawn-7.0.3.tgz 6829ms (cache miss)
3293 http fetch GET 200 https://registry.npmjs.org/connect-history-api-fallback/-/connect-history-api-fallback-1.6.0.tgz 6825ms (cache miss)
3294 http fetch GET 200 https://registry.npmjs.org/collect-v8-coverage/-/collect-v8-coverage-1.0.1.tgz 6819ms (cache miss)
3295 http fetch GET 200 https://registry.npmjs.org/compressible/-/compressible-2.0.18.tgz 6824ms (cache miss)
3296 http fetch GET 200 https://registry.npmjs.org/common-path-prefix/-/common-path-prefix-3.0.0.tgz 6823ms (cache miss)
3297 http fetch GET 200 https://registry.npmjs.org/combined-stream/-/combined-stream-1.0.8.tgz 6823ms (cache miss)
3298 http fetch GET 200 https://registry.npmjs.org/loader-utils/-/loader-utils-2.0.4.tgz 7072ms (cache miss)
3299 http fetch GET 200 https://registry.npmjs.org/relateurl/-/relateurl-0.2.7.tgz 7207ms (cache miss)
3300 http fetch GET 200 https://registry.npmjs.org/espree/-/espree-9.3.0.tgz 6917ms (cache miss)
3301 http fetch GET 200 https://registry.npmjs.org/domhandler/-/domhandler-4.3.0.tgz 6898ms (cache miss)
3302 http fetch GET 200 https://registry.npmjs.org/concat-map/-/concat-map-0.0.1.tgz 6864ms (cache miss)
3303 http fetch GET 200 https://registry.npmjs.org/compression/-/compression-1.7.4.tgz 6865ms (cache miss)
3304 http fetch GET 200 https://registry.npmjs.org/commander/-/commander-2.20.0.tgz 6862ms (cache miss)
3305 http fetch GET 200 https://registry.npmjs.org/clsx/-/clsx-1.1.1.tgz 6859ms (cache miss)
3306 http fetch GET 200 https://registry.npmjs.org/ejs/-/ejs-3.1.10.tgz 6947ms (cache miss)
3307 http fetch GET 200 https://registry.npmjs.org/doctrine/-/doctrine-3.0.0.tgz 6941ms (cache miss)
3308 http fetch GET 200 https://registry.npmjs.org/color-convert/-/color-convert-1.9.3.tgz 6908ms (cache miss)
3309 http fetch GET 200 https://registry.npmjs.org/color-name/-/color-name-1.1.3.tgz 6910ms (cache miss)
3310 http fetch GET 200 https://registry.npmjs.org/commondir/-/commondir-1.0.1.tgz 6914ms (cache miss)
3311 http fetch GET 200 https://registry.npmjs.org/ci-info/-/ci-info-3.3.0.tgz 6905ms (cache miss)
3312 http fetch GET 200 https://registry.npmjs.org/chrome-trace-event/-/chrome-trace-event-1.0.3.tgz 6904ms (cache miss)
3313 http fetch GET 200 https://registry.npmjs.org/cliui/-/cliui-7.0.4.tgz 6905ms (cache miss)
3314 http fetch GET 200 https://registry.npmjs.org/char-regex/-/char-regex-1.0.2.tgz 6902ms (cache miss)
3315 http fetch GET 200 https://registry.npmjs.org/workbox-streams/-/workbox-streams-6.4.2.tgz 7394ms (cache miss)
3316 http fetch GET 200 https://registry.npmjs.org/esprima/-/esprima-4.0.1.tgz 7010ms (cache miss)
3317 http fetch GET 200 https://registry.npmjs.org/clean-stack/-/clean-stack-2.2.0.tgz 6949ms (cache miss)
3318 http fetch GET 200 https://registry.npmjs.org/co/-/co-4.6.0.tgz 6952ms (cache miss)
3319 http fetch GET 200 https://registry.npmjs.org/check-types/-/check-types-11.1.2.tgz 6946ms (cache miss)
3320 http fetch GET 200 https://registry.npmjs.org/chalk/-/chalk-2.4.2.tgz 6945ms (cache miss)
3321 http fetch GET 200 https://registry.npmjs.org/case-sensitive-paths-webpack-plugin/-/case-sensitive-paths-webpack-plugin-2.4.0.tgz 6944ms (cache miss)
3322 http fetch GET 200 https://registry.npmjs.org/builtin-modules/-/builtin-modules-3.2.0.tgz 6941ms (cache miss)
3323 http fetch GET 200 https://registry.npmjs.org/camelcase-css/-/camelcase-css-2.0.1.tgz 6945ms (cache miss)
3324 http fetch GET 200 https://registry.npmjs.org/camelcase/-/camelcase-6.3.0.tgz 6944ms (cache miss)
3325 http fetch GET 200 https://registry.npmjs.org/camel-case/-/camel-case-4.1.2.tgz 6945ms (cache miss)
3326 http fetch GET 200 https://registry.npmjs.org/callsites/-/callsites-3.1.0.tgz 6944ms (cache miss)
3327 http fetch GET 200 https://registry.npmjs.org/react-scripts/-/react-scripts-5.0.1.tgz 7337ms (cache miss)
3328 http fetch GET 200 https://registry.npmjs.org/postcss-ordered-values/-/postcss-ordered-values-5.0.4.tgz 7311ms (cache miss)
3329 http fetch GET 200 https://registry.npmjs.org/html-webpack-plugin/-/html-webpack-plugin-5.5.0.tgz 7100ms (cache miss)
3330 http fetch GET 200 https://registry.npmjs.org/colorette/-/colorette-2.0.16.tgz 6998ms (cache miss)
3331 http fetch GET 200 https://registry.npmjs.org/caniuse-api/-/caniuse-api-3.0.0.tgz 6986ms (cache miss)
3332 http fetch GET 200 https://registry.npmjs.org/buffer-indexof/-/buffer-indexof-1.1.1.tgz 6982ms (cache miss)
3333 http fetch GET 200 https://registry.npmjs.org/bser/-/bser-2.1.1.tgz 6982ms (cache miss)
3334 http fetch GET 200 https://registry.npmjs.org/brace-expansion/-/brace-expansion-1.1.11.tgz 6981ms (cache miss)
3335 http fetch GET 200 https://registry.npmjs.org/webpack-dev-middleware/-/webpack-dev-middleware-5.3.4.tgz 7455ms (cache miss)
3336 http fetch GET 200 https://registry.npmjs.org/filesize/-/filesize-8.0.7.tgz 7097ms (cache miss)
3337 http fetch GET 200 https://registry.npmjs.org/dotenv/-/dotenv-10.0.0.tgz 7067ms (cache miss)
3338 http fetch GET 200 https://registry.npmjs.org/binary-extensions/-/binary-extensions-2.2.0.tgz 7007ms (cache miss)
3339 http fetch GET 200 https://registry.npmjs.org/balanced-match/-/balanced-match-1.0.0.tgz 7005ms (cache miss)
3340 http fetch GET 200 https://registry.npmjs.org/batch/-/batch-0.6.1.tgz 7006ms (cache miss)
3341 http fetch GET 200 https://registry.npmjs.org/bytes/-/bytes-3.0.0.tgz 7048ms (cache miss)
3342 http fetch GET 200 https://registry.npmjs.org/buffer-from/-/buffer-from-1.1.2.tgz 7047ms (cache miss)
3343 http fetch GET 200 https://registry.npmjs.org/browser-process-hrtime/-/browser-process-hrtime-1.0.0.tgz 7046ms (cache miss)
3344 http fetch GET 200 https://registry.npmjs.org/boolbase/-/boolbase-1.0.0.tgz 7045ms (cache miss)
3345 http fetch GET 200 https://registry.npmjs.org/big.js/-/big.js-5.2.2.tgz 7042ms (cache miss)
3346 http fetch GET 200 https://registry.npmjs.org/babel-preset-current-node-syntax/-/babel-preset-current-node-syntax-1.0.1.tgz 7039ms (cache miss)
3347 http fetch GET 200 https://registry.npmjs.org/babel-plugin-polyfill-regenerator/-/babel-plugin-polyfill-regenerator-0.3.1.tgz 7038ms (cache miss)
3348 http fetch GET 200 https://registry.npmjs.org/babel-plugin-named-asset-import/-/babel-plugin-named-asset-import-0.3.8.tgz 7038ms (cache miss)
3349 http fetch GET 200 https://registry.npmjs.org/workbox-expiration/-/workbox-expiration-6.4.2.tgz 7536ms (cache miss)
3350 http fetch GET 200 https://registry.npmjs.org/eslint-utils/-/eslint-utils-3.0.0.tgz 7155ms (cache miss)
3351 http fetch GET 200 https://registry.npmjs.org/browserslist/-/browserslist-4.23.3.tgz 7081ms (cache miss)
3352 http fetch GET 200 https://registry.npmjs.org/bonjour/-/bonjour-3.5.0.tgz 7078ms (cache miss)
3353 http fetch GET 200 https://registry.npmjs.org/babel-preset-react-app/-/babel-preset-react-app-10.0.1.tgz 7075ms (cache miss)
3354 http fetch GET 200 https://registry.npmjs.org/babel-plugin-jest-hoist/-/babel-plugin-jest-hoist-27.4.0.tgz 7071ms (cache miss)
3355 http fetch GET 200 https://registry.npmjs.org/babel-plugin-dynamic-import-node/-/babel-plugin-dynamic-import-node-2.3.3.tgz 7069ms (cache miss)
3356 http fetch GET 200 https://registry.npmjs.org/babel-jest/-/babel-jest-27.4.6.tgz 7069ms (cache miss)
3357 http fetch GET 200 https://registry.npmjs.org/stylehacks/-/stylehacks-5.0.2.tgz 7528ms (cache miss)
3358 http fetch GET 200 https://registry.npmjs.org/babel-preset-jest/-/babel-preset-jest-27.4.0.tgz 7111ms (cache miss)
3359 http fetch GET 200 https://registry.npmjs.org/babel-plugin-macros/-/babel-plugin-macros-3.1.0.tgz 7108ms (cache miss)
3360 http fetch GET 200 https://registry.npmjs.org/at-least-node/-/at-least-node-1.0.0.tgz 7104ms (cache miss)
3361 http fetch GET 200 https://registry.npmjs.org/ast-types-flow/-/ast-types-flow-0.0.7.tgz 7103ms (cache miss)
3362 http fetch GET 200 https://registry.npmjs.org/cjs-module-lexer/-/cjs-module-lexer-1.2.2.tgz 7162ms (cache miss)
3363 http fetch GET 200 https://registry.npmjs.org/babel-plugin-istanbul/-/babel-plugin-istanbul-6.1.1.tgz 7137ms (cache miss)
3364 http fetch GET 200 https://registry.npmjs.org/array-includes/-/array-includes-3.1.6.tgz 7129ms (cache miss)
3365 http fetch GET 200 https://registry.npmjs.org/array-flatten/-/array-flatten-2.1.2.tgz 7129ms (cache miss)
3366 http fetch GET 200 https://registry.npmjs.org/array-buffer-byte-length/-/array-buffer-byte-length-1.0.0.tgz 7129ms (cache miss)
3367 http fetch GET 200 https://registry.npmjs.org/chokidar/-/chokidar-3.5.3.tgz 7234ms (cache miss)
3368 http fetch GET 200 https://registry.npmjs.org/asynckit/-/asynckit-0.4.0.tgz 7207ms (cache miss)
3369 http fetch GET 200 https://registry.npmjs.org/array.prototype.flat/-/array.prototype.flat-1.3.1.tgz 7205ms (cache miss)
3370 http fetch GET 200 https://registry.npmjs.org/arg/-/arg-5.0.1.tgz 7202ms (cache miss)
3371 http fetch GET 200 https://registry.npmjs.org/anymatch/-/anymatch-3.1.2.tgz 7201ms (cache miss)
3372 http fetch GET 200 https://registry.npmjs.org/ansi-styles/-/ansi-styles-3.2.1.tgz 7201ms (cache miss)
3373 http fetch GET 200 https://registry.npmjs.org/ansi-html-community/-/ansi-html-community-0.0.8.tgz 7201ms (cache miss)
3374 http fetch GET 200 https://registry.npmjs.org/available-typed-arrays/-/available-typed-arrays-1.0.5.tgz 7238ms (cache miss)
3375 http fetch GET 200 https://registry.npmjs.org/asap/-/asap-2.0.6.tgz 7236ms (cache miss)
3376 http fetch GET 200 https://registry.npmjs.org/array-union/-/array-union-2.1.0.tgz 7234ms (cache miss)
3377 http fetch GET 200 https://registry.npmjs.org/array.prototype.tosorted/-/array.prototype.tosorted-1.1.1.tgz 7236ms (cache miss)
3378 http fetch GET 200 https://registry.npmjs.org/ansi-escapes/-/ansi-escapes-4.3.2.tgz 7230ms (cache miss)
3379 http fetch GET 200 https://registry.npmjs.org/aggregate-error/-/aggregate-error-3.1.0.tgz 7227ms (cache miss)
3380 http fetch GET 200 https://registry.npmjs.org/adjust-sourcemap-loader/-/adjust-sourcemap-loader-4.0.0.tgz 7227ms (cache miss)
3381 http fetch GET 200 https://registry.npmjs.org/acorn-walk/-/acorn-walk-7.2.0.tgz 7226ms (cache miss)
3382 http fetch GET 200 https://registry.npmjs.org/address/-/address-1.2.2.tgz 7246ms (cache miss)
3383 http fetch GET 200 https://registry.npmjs.org/webpack-sources/-/webpack-sources-3.2.3.tgz 7735ms (cache miss)
3384 http fetch GET 200 https://registry.npmjs.org/acorn-jsx/-/acorn-jsx-5.3.2.tgz 7257ms (cache miss)
3385 http fetch GET 200 https://registry.npmjs.org/acorn-globals/-/acorn-globals-6.0.0.tgz 7256ms (cache miss)
3386 http fetch GET 200 https://registry.npmjs.org/acorn-import-attributes/-/acorn-import-attributes-1.9.5.tgz 7257ms (cache miss)
3387 http fetch GET 200 https://registry.npmjs.org/@webassemblyjs/wast-printer/-/wast-printer-1.12.1.tgz 7254ms (cache miss)
3388 http fetch GET 200 https://registry.npmjs.org/websocket-driver/-/websocket-driver-0.7.4.tgz 7772ms (cache miss)
3389 http fetch GET 200 https://registry.npmjs.org/decimal.js/-/decimal.js-10.3.1.tgz 7367ms (cache miss)
3390 http fetch GET 200 https://registry.npmjs.org/@webassemblyjs/wasm-opt/-/wasm-opt-1.12.1.tgz 7291ms (cache miss)
3391 http fetch GET 200 https://registry.npmjs.org/@webassemblyjs/wasm-gen/-/wasm-gen-1.12.1.tgz 7290ms (cache miss)
3392 http fetch GET 200 https://registry.npmjs.org/@webassemblyjs/wasm-edit/-/wasm-edit-1.12.1.tgz 7291ms (cache miss)
3393 http fetch GET 200 https://registry.npmjs.org/@webassemblyjs/utf8/-/utf8-1.11.6.tgz 7290ms (cache miss)
3394 http fetch GET 200 https://registry.npmjs.org/abab/-/abab-2.0.5.tgz 7296ms (cache miss)
3395 http fetch GET 200 https://registry.npmjs.org/human-signals/-/human-signals-2.1.0.tgz 7494ms (cache miss)
3396 http fetch GET 200 https://registry.npmjs.org/@webassemblyjs/helper-wasm-section/-/helper-wasm-section-1.12.1.tgz 7324ms (cache miss)
3397 http fetch GET 200 https://registry.npmjs.org/@webassemblyjs/ieee754/-/ieee754-1.11.6.tgz 7325ms (cache miss)
3398 http fetch GET 200 https://registry.npmjs.org/@webassemblyjs/helper-numbers/-/helper-numbers-1.11.6.tgz 7324ms (cache miss)
3399 http fetch GET 200 https://registry.npmjs.org/@webassemblyjs/floating-point-hex-parser/-/floating-point-hex-parser-1.11.6.tgz 7322ms (cache miss)
3400 http fetch GET 200 https://registry.npmjs.org/@webassemblyjs/helper-api-error/-/helper-api-error-1.11.6.tgz 7324ms (cache miss)
3401 http fetch GET 200 https://registry.npmjs.org/braces/-/braces-3.0.3.tgz 7398ms (cache miss)
3402 http fetch GET 200 https://registry.npmjs.org/@typescript-eslint/visitor-keys/-/visitor-keys-5.55.0.tgz 7353ms (cache miss)
3403 http fetch GET 200 https://registry.npmjs.org/@webassemblyjs/helper-wasm-bytecode/-/helper-wasm-bytecode-1.11.6.tgz 7381ms (cache miss)
3404 http fetch GET 200 https://registry.npmjs.org/@webassemblyjs/helper-buffer/-/helper-buffer-1.12.1.tgz 7381ms (cache miss)
3405 http fetch GET 200 https://registry.npmjs.org/@types/yargs-parser/-/yargs-parser-20.2.1.tgz 7374ms (cache miss)
3406 http fetch GET 200 https://registry.npmjs.org/@types/yargs/-/yargs-16.0.4.tgz 7373ms (cache miss)
3407 http fetch GET 200 https://registry.npmjs.org/@webassemblyjs/leb128/-/leb128-1.11.6.tgz 7385ms (cache miss)
3408 http fetch GET 200 https://registry.npmjs.org/@types/stack-utils/-/stack-utils-2.0.1.tgz 7373ms (cache miss)
3409 http fetch GET 200 https://registry.npmjs.org/@types/trusted-types/-/trusted-types-2.0.2.tgz 7373ms (cache miss)
3410 http fetch GET 200 https://registry.npmjs.org/eslint-scope/-/eslint-scope-7.1.0.tgz 7521ms (cache miss)
3411 http fetch GET 200 https://registry.npmjs.org/@xtuc/ieee754/-/ieee754-1.2.0.tgz 7408ms (cache miss)
3412 http fetch GET 200 https://registry.npmjs.org/@types/semver/-/semver-7.3.13.tgz 7392ms (cache miss)
3413 http fetch GET 200 https://registry.npmjs.org/@types/serve-static/-/serve-static-1.13.10.tgz 7394ms (cache miss)
3414 http fetch GET 200 https://registry.npmjs.org/@types/sockjs/-/sockjs-0.3.33.tgz 7394ms (cache miss)
3415 http fetch GET 200 https://registry.npmjs.org/@types/scheduler/-/scheduler-0.16.2.tgz 7393ms (cache miss)
3416 http fetch GET 200 https://registry.npmjs.org/source-map/-/source-map-0.5.7.tgz 7876ms (cache miss)
3417 http fetch GET 200 https://registry.npmjs.org/babel-loader/-/babel-loader-8.2.3.tgz 7476ms (cache miss)
3418 http fetch GET 200 https://registry.npmjs.org/@types/retry/-/retry-0.12.1.tgz 7438ms (cache miss)
3419 http fetch GET 200 https://registry.npmjs.org/@types/react-is/-/react-is-17.0.3.tgz 7436ms (cache miss)
3420 http fetch GET 200 https://registry.npmjs.org/@types/resolve/-/resolve-1.17.1.tgz 7440ms (cache miss)
3421 http fetch GET 200 https://registry.npmjs.org/@types/range-parser/-/range-parser-1.2.4.tgz 7437ms (cache miss)
3422 http fetch GET 200 https://registry.npmjs.org/@types/qs/-/qs-6.9.7.tgz 7439ms (cache miss)
3423 http fetch GET 200 https://registry.npmjs.org/json5/-/json5-2.2.3.tgz 7742ms (cache miss)
3424 http fetch GET 200 https://registry.npmjs.org/@types/prettier/-/prettier-2.4.3.tgz 7458ms (cache miss)
3425 http fetch GET 200 https://registry.npmjs.org/@types/parse-json/-/parse-json-4.0.0.tgz 7458ms (cache miss)
3426 http fetch GET 200 https://registry.npmjs.org/@types/ws/-/ws-8.2.2.tgz 7469ms (cache miss)
3427 http fetch GET 200 https://registry.npmjs.org/@types/json5/-/json5-0.0.29.tgz 7482ms (cache miss)
3428 http fetch GET 200 https://registry.npmjs.org/@types/json-schema/-/json-schema-7.0.9.tgz 7481ms (cache miss)
3429 http fetch GET 200 https://registry.npmjs.org/@types/istanbul-reports/-/istanbul-reports-3.0.1.tgz 7481ms (cache miss)
3430 http fetch GET 200 https://registry.npmjs.org/@types/istanbul-lib-report/-/istanbul-lib-report-3.0.0.tgz 7481ms (cache miss)
3431 http fetch GET 200 https://registry.npmjs.org/babel-plugin-polyfill-corejs2/-/babel-plugin-polyfill-corejs2-0.3.3.tgz 7552ms (cache miss)
3432 http fetch GET 200 https://registry.npmjs.org/@types/html-minifier-terser/-/html-minifier-terser-6.1.0.tgz 7495ms (cache miss)
3433 http fetch GET 200 https://registry.npmjs.org/@types/istanbul-lib-coverage/-/istanbul-lib-coverage-2.0.4.tgz 7496ms (cache miss)
3434 http fetch GET 200 https://registry.npmjs.org/@types/serve-index/-/serve-index-1.9.1.tgz 7508ms (cache miss)
3435 http fetch GET 200 https://registry.npmjs.org/babel-plugin-transform-react-remove-prop-types/-/babel-plugin-transform-react-remove-prop-types-0.4.24.tgz 7572ms (cache miss)
3436 http fetch GET 200 https://registry.npmjs.org/@xtuc/long/-/long-4.2.2.tgz 7544ms (cache miss)
3437 http fetch GET 200 https://registry.npmjs.org/@types/mime/-/mime-1.3.2.tgz 7517ms (cache miss)
3438 http fetch GET 200 https://registry.npmjs.org/@types/graceful-fs/-/graceful-fs-4.1.5.tgz 7512ms (cache miss)
3439 http fetch GET 200 https://registry.npmjs.org/@types/react-transition-group/-/react-transition-group-4.4.4.tgz 7524ms (cache miss)
3440 http fetch GET 200 https://registry.npmjs.org/@typescript-eslint/experimental-utils/-/experimental-utils-5.55.0.tgz 7532ms (cache miss)
3441 http fetch GET 200 https://registry.npmjs.org/@types/express/-/express-4.17.13.tgz 7513ms (cache miss)
3442 http fetch GET 200 https://registry.npmjs.org/@types/estree/-/estree-1.0.5.tgz 7513ms (cache miss)
3443 http fetch GET 200 https://registry.npmjs.org/http-proxy/-/http-proxy-1.18.1.tgz 7729ms (cache miss)
3444 http fetch GET 200 https://registry.npmjs.org/@types/express-serve-static-core/-/express-serve-static-core-4.17.28.tgz 7536ms (cache miss)
3445 http fetch GET 200 https://registry.npmjs.org/@types/connect/-/connect-3.4.35.tgz 7533ms (cache miss)
3446 http fetch GET 200 https://registry.npmjs.org/@types/body-parser/-/body-parser-1.19.2.tgz 7533ms (cache miss)
3447 http fetch GET 200 https://registry.npmjs.org/@types/q/-/q-1.5.5.tgz 7545ms (cache miss)
3448 http fetch GET 200 https://registry.npmjs.org/readable-stream/-/readable-stream-3.6.0.tgz 7984ms (cache miss)
3449 http fetch GET 200 https://registry.npmjs.org/history/-/history-4.10.1.tgz 7742ms (cache miss)
3450 http fetch GET 200 https://registry.npmjs.org/array.prototype.flatmap/-/array.prototype.flatmap-1.3.1.tgz 7603ms (cache miss)
3451 http fetch GET 200 https://registry.npmjs.org/@types/babel__traverse/-/babel__traverse-7.14.2.tgz 7549ms (cache miss)
3452 http fetch GET 200 https://registry.npmjs.org/@types/prop-types/-/prop-types-15.7.4.tgz 7563ms (cache miss)
3453 http fetch GET 200 https://registry.npmjs.org/@types/babel__template/-/babel__template-7.4.1.tgz 7550ms (cache miss)
3454 http fetch GET 200 https://registry.npmjs.org/@types/babel__generator/-/babel__generator-7.6.4.tgz 7549ms (cache miss)
3455 http fetch GET 200 https://registry.npmjs.org/@types/babel__core/-/babel__core-7.1.18.tgz 7548ms (cache miss)
3456 http fetch GET 200 https://registry.npmjs.org/@tootallnate/once/-/once-1.1.2.tgz 7548ms (cache miss)
3457 http fetch GET 200 https://registry.npmjs.org/coa/-/coa-2.0.2.tgz 7671ms (cache miss)
3458 http fetch GET 200 https://registry.npmjs.org/@trysound/sax/-/sax-0.2.0.tgz 7579ms (cache miss)
3459 http fetch GET 200 https://registry.npmjs.org/@svgr/webpack/-/webpack-5.5.0.tgz 7578ms (cache miss)
3460 http fetch GET 200 https://registry.npmjs.org/@svgr/plugin-svgo/-/plugin-svgo-5.5.0.tgz 7577ms (cache miss)
3461 http fetch GET 200 https://registry.npmjs.org/@svgr/babel-preset/-/babel-preset-5.5.0.tgz 7576ms (cache miss)
3462 http fetch GET 200 https://registry.npmjs.org/@svgr/hast-util-to-babel-ast/-/hast-util-to-babel-ast-5.5.0.tgz 7577ms (cache miss)
3463 http fetch GET 200 https://registry.npmjs.org/@svgr/babel-plugin-transform-svg-component/-/babel-plugin-transform-svg-component-5.5.0.tgz 7592ms (cache miss)
3464 http fetch GET 200 https://registry.npmjs.org/@types/connect-history-api-fallback/-/connect-history-api-fallback-1.3.5.tgz 7601ms (cache miss)
3465 http fetch GET 200 https://registry.npmjs.org/@svgr/babel-plugin-transform-react-native-svg/-/babel-plugin-transform-react-native-svg-5.4.0.tgz 7592ms (cache miss)
3466 http fetch GET 200 https://registry.npmjs.org/@svgr/babel-plugin-svg-dynamic-title/-/babel-plugin-svg-dynamic-title-5.4.0.tgz 7591ms (cache miss)
3467 http fetch GET 200 https://registry.npmjs.org/@svgr/babel-plugin-remove-jsx-empty-expression/-/babel-plugin-remove-jsx-empty-expression-5.0.1.tgz 7590ms (cache miss)
3468 http fetch GET 200 https://registry.npmjs.org/@svgr/babel-plugin-remove-jsx-attribute/-/babel-plugin-remove-jsx-attribute-5.4.0.tgz 7590ms (cache miss)
3469 http fetch GET 200 https://registry.npmjs.org/@types/http-proxy/-/http-proxy-1.17.8.tgz 7621ms (cache miss)
3470 http fetch GET 200 https://registry.npmjs.org/jest-diff/-/jest-diff-27.4.6.tgz 7901ms (cache miss)
3471 http fetch GET 200 https://registry.npmjs.org/css-has-pseudo/-/css-has-pseudo-3.0.3.tgz 7731ms (cache miss)
3472 http fetch GET 200 https://registry.npmjs.org/@types/react/-/react-17.0.38.tgz 7641ms (cache miss)
3473 http fetch GET 200 https://registry.npmjs.org/@types/bonjour/-/bonjour-3.5.10.tgz 7628ms (cache miss)
3474 http fetch GET 200 https://registry.npmjs.org/jest-snapshot/-/jest-snapshot-27.4.6.tgz 7934ms (cache miss)
3475 http fetch GET 200 https://registry.npmjs.org/@sinonjs/fake-timers/-/fake-timers-8.1.0.tgz 7636ms (cache miss)
3476 http fetch GET 200 https://registry.npmjs.org/@rushstack/eslint-patch/-/eslint-patch-1.2.0.tgz 7635ms (cache miss)
3477 http fetch GET 200 https://registry.npmjs.org/@svgr/babel-plugin-add-jsx-attribute/-/babel-plugin-add-jsx-attribute-5.4.0.tgz 7638ms (cache miss)
3478 http fetch GET 200 https://registry.npmjs.org/@rollup/plugin-replace/-/plugin-replace-2.4.2.tgz 7634ms (cache miss)
3479 http fetch GET 200 https://registry.npmjs.org/css-prefers-color-scheme/-/css-prefers-color-scheme-6.0.2.tgz 7775ms (cache miss)
3480 http fetch GET 200 https://registry.npmjs.org/css-blank-pseudo/-/css-blank-pseudo-3.0.2.tgz 7771ms (cache miss)
3481 http fetch GET 200 https://registry.npmjs.org/@rollup/pluginutils/-/pluginutils-3.1.0.tgz 7654ms (cache miss)
3482 http fetch GET 200 https://registry.npmjs.org/@svgr/core/-/core-5.5.0.tgz 7662ms (cache miss)
3483 http fetch GET 200 https://registry.npmjs.org/@nodelib/fs.stat/-/fs.stat-2.0.5.tgz 7651ms (cache miss)
3484 http fetch GET 200 https://registry.npmjs.org/@nodelib/fs.walk/-/fs.walk-1.2.8.tgz 7651ms (cache miss)
3485 http fetch GET 200 https://registry.npmjs.org/@svgr/plugin-jsx/-/plugin-jsx-5.5.0.tgz 7665ms (cache miss)
3486 http fetch GET 200 https://registry.npmjs.org/@webassemblyjs/wasm-parser/-/wasm-parser-1.12.1.tgz 7721ms (cache miss)
3487 http fetch GET 200 https://registry.npmjs.org/@svgr/babel-plugin-replace-jsx-attribute-value/-/babel-plugin-replace-jsx-attribute-value-5.0.1.tgz 7752ms (cache miss)
3488 http fetch GET 200 https://registry.npmjs.org/@svgr/babel-plugin-svg-em-dimensions/-/babel-plugin-svg-em-dimensions-5.4.0.tgz 7758ms (cache miss)
3489 http fetch GET 200 https://registry.npmjs.org/ncp/-/ncp-2.0.0.tgz 8118ms (cache miss)
3490 http fetch GET 200 https://registry.npmjs.org/@rollup/plugin-babel/-/plugin-babel-5.3.0.tgz 7764ms (cache miss)
3491 http fetch GET 200 https://registry.npmjs.org/@jridgewell/set-array/-/set-array-1.2.1.tgz 7763ms (cache miss)
3492 http fetch GET 200 https://registry.npmjs.org/babel-plugin-polyfill-corejs3/-/babel-plugin-polyfill-corejs3-0.5.1.tgz 7865ms (cache miss)
3493 http fetch GET 200 https://registry.npmjs.org/@jridgewell/resolve-uri/-/resolve-uri-3.1.0.tgz 7785ms (cache miss)
3494 http fetch GET 200 https://registry.npmjs.org/htmlparser2/-/htmlparser2-6.1.0.tgz 8024ms (cache miss)
3495 http fetch GET 200 https://registry.npmjs.org/hpack.js/-/hpack.js-2.1.6.tgz 8050ms (cache miss)
3496 http fetch GET 200 https://registry.npmjs.org/entities/-/entities-2.2.0.tgz 7992ms (cache miss)
3497 http fetch GET 200 https://registry.npmjs.org/agent-base/-/agent-base-6.0.2.tgz 7898ms (cache miss)
3498 http fetch GET 200 https://registry.npmjs.org/@nicolo-ribaudo/eslint-scope-5-internals/-/eslint-scope-5-internals-5.1.1-v1.tgz 7860ms (cache miss)
3499 http fetch GET 200 https://registry.npmjs.org/ajv-formats/-/ajv-formats-2.1.1.tgz 7950ms (cache miss)
3500 http fetch GET 200 https://registry.npmjs.org/@typescript-eslint/parser/-/parser-5.55.0.tgz 7929ms (cache miss)
3501 http fetch GET 200 https://registry.npmjs.org/@rollup/plugin-node-resolve/-/plugin-node-resolve-11.2.1.tgz 7891ms (cache miss)
3502 http fetch GET 200 https://registry.npmjs.org/react-transition-group/-/react-transition-group-4.4.2.tgz 8393ms (cache miss)
3503 http fetch GET 200 https://registry.npmjs.org/core-js-compat/-/core-js-compat-3.29.1.tgz 8058ms (cache miss)
3504 http fetch GET 200 https://registry.npmjs.org/express/-/express-4.21.0.tgz 8170ms (cache miss)
3505 http fetch GET 200 https://registry.npmjs.org/promise/-/promise-8.1.0.tgz 8453ms (cache miss)
3506 http fetch GET 200 https://registry.npmjs.org/acorn-node/-/acorn-node-1.8.2.tgz 8073ms (cache miss)
3507 http fetch GET 200 https://registry.npmjs.org/@istanbuljs/schema/-/schema-0.1.3.tgz 8045ms (cache miss)
3508 http fetch GET 200 https://registry.npmjs.org/@istanbuljs/load-nyc-config/-/load-nyc-config-1.1.0.tgz 8046ms (cache miss)
3509 http fetch GET 200 https://registry.npmjs.org/@jest/source-map/-/source-map-27.4.0.tgz 8081ms (cache miss)
3510 http fetch GET 200 https://registry.npmjs.org/@jest/test-result/-/test-result-27.4.6.tgz 8082ms (cache miss)
3511 http fetch GET 200 https://registry.npmjs.org/@jest/test-sequencer/-/test-sequencer-27.4.6.tgz 8086ms (cache miss)
3512 http fetch GET 200 https://registry.npmjs.org/type-fest/-/type-fest-0.21.3.tgz 8648ms (cache miss)
3513 http fetch GET 200 https://registry.npmjs.org/mdn-data/-/mdn-data-2.0.4.tgz 8469ms (cache miss)
3514 http fetch GET 200 https://registry.npmjs.org/@humanwhocodes/config-array/-/config-array-0.9.2.tgz 8102ms (cache miss)
3515 http fetch GET 200 https://registry.npmjs.org/exit/-/exit-0.1.2.tgz 8323ms (cache miss)
3516 http fetch GET 200 https://registry.npmjs.org/workbox-background-sync/-/workbox-background-sync-6.4.2.tgz 8723ms (cache miss)
3517 http fetch GET 200 https://registry.npmjs.org/pretty-format/-/pretty-format-27.4.6.tgz 8613ms (cache miss)
3518 http fetch GET 200 https://registry.npmjs.org/@emotion/weak-memoize/-/weak-memoize-0.2.5.tgz 8150ms (cache miss)
3519 http fetch GET 200 https://registry.npmjs.org/@emotion/utils/-/utils-1.0.0.tgz 8151ms (cache miss)
3520 http fetch GET 200 https://registry.npmjs.org/@emotion/unitless/-/unitless-0.7.5.tgz 8150ms (cache miss)
3521 http fetch GET 200 https://registry.npmjs.org/jest-circus/-/jest-circus-27.4.6.tgz 8499ms (cache miss)
3522 http fetch GET 200 https://registry.npmjs.org/expect/-/expect-27.4.6.tgz 8378ms (cache miss)
3523 http fetch GET 200 https://registry.npmjs.org/env-cmd/-/env-cmd-10.1.0.tgz 8357ms (cache miss)
3524 http fetch GET 200 https://registry.npmjs.org/@jridgewell/sourcemap-codec/-/sourcemap-codec-1.4.14.tgz 8194ms (cache miss)
3525 http fetch GET 200 https://registry.npmjs.org/@jest/environment/-/environment-27.4.6.tgz 8188ms (cache miss)
3526 http fetch GET 200 https://registry.npmjs.org/@jest/globals/-/globals-27.4.6.tgz 8189ms (cache miss)
3527 http fetch GET 200 https://registry.npmjs.org/@emotion/sheet/-/sheet-1.1.0.tgz 8177ms (cache miss)
3528 http fetch GET 200 https://registry.npmjs.org/@emotion/serialize/-/serialize-1.0.2.tgz 8247ms (cache miss)
3529 http fetch GET 200 https://registry.npmjs.org/@emotion/memoize/-/memoize-0.7.5.tgz 8247ms (cache miss)
3530 http fetch GET 200 https://registry.npmjs.org/@jest/console/-/console-27.4.6.tgz 8256ms (cache miss)
3531 http fetch GET 200 https://registry.npmjs.org/jest-worker/-/jest-worker-27.4.6.tgz 8614ms (cache miss)
3532 http fetch GET 200 https://registry.npmjs.org/workbox-strategies/-/workbox-strategies-6.4.2.tgz 8861ms (cache miss)
3533 http fetch GET 200 https://registry.npmjs.org/@emotion/hash/-/hash-0.8.0.tgz 8305ms (cache miss)
3534 http fetch GET 200 https://registry.npmjs.org/@babel/preset-typescript/-/preset-typescript-7.21.0.tgz 8301ms (cache miss)
3535 http fetch GET 200 https://registry.npmjs.org/@babel/preset-modules/-/preset-modules-0.1.5.tgz 8300ms (cache miss)
3536 http fetch GET 200 https://registry.npmjs.org/@babel/preset-react/-/preset-react-7.16.7.tgz 8302ms (cache miss)
3537 http fetch GET 200 https://registry.npmjs.org/object.assign/-/object.assign-4.1.4.tgz 8731ms (cache miss)
3538 http fetch GET 200 https://registry.npmjs.org/acorn/-/acorn-8.8.2.tgz 8421ms (cache miss)
3539 http fetch GET 200 https://registry.npmjs.org/@types/eslint/-/eslint-7.29.0.tgz 8385ms (cache miss)
3540 http fetch GET 200 https://registry.npmjs.org/@babel/plugin-transform-unicode-escapes/-/plugin-transform-unicode-escapes-7.16.7.tgz 8329ms (cache miss)
3541 http fetch GET 200 https://registry.npmjs.org/@babel/plugin-transform-unicode-regex/-/plugin-transform-unicode-regex-7.16.7.tgz 8331ms (cache miss)
3542 http fetch GET 200 https://registry.npmjs.org/events/-/events-3.3.0.tgz 8569ms (cache miss)
3543 http fetch GET 200 https://registry.npmjs.org/domutils/-/domutils-2.8.0.tgz 8545ms (cache miss)
3544 http fetch GET 200 https://registry.npmjs.org/@babel/plugin-transform-template-literals/-/plugin-transform-template-literals-7.16.7.tgz 8357ms (cache miss)
3545 http fetch GET 200 https://registry.npmjs.org/@babel/plugin-transform-sticky-regex/-/plugin-transform-sticky-regex-7.16.7.tgz 8357ms (cache miss)
3546 http fetch GET 200 https://registry.npmjs.org/@babel/plugin-transform-shorthand-properties/-/plugin-transform-shorthand-properties-7.16.7.tgz 8356ms (cache miss)
3547 http fetch GET 200 https://registry.npmjs.org/@babel/plugin-transform-spread/-/plugin-transform-spread-7.16.7.tgz 8414ms (cache miss)
3548 http fetch GET 200 https://registry.npmjs.org/@babel/plugin-transform-typeof-symbol/-/plugin-transform-typeof-symbol-7.16.7.tgz 8418ms (cache miss)
3549 http fetch GET 200 https://registry.npmjs.org/memfs/-/memfs-3.5.3.tgz 8850ms (cache miss)
3550 http fetch GET 200 https://registry.npmjs.org/css-loader/-/css-loader-6.5.1.tgz 8630ms (cache miss)
3551 http fetch GET 200 https://registry.npmjs.org/@jest/fake-timers/-/fake-timers-27.4.6.tgz 8497ms (cache miss)
3552 http fetch GET 200 https://registry.npmjs.org/@babel/plugin-transform-react-pure-annotations/-/plugin-transform-react-pure-annotations-7.16.7.tgz 8470ms (cache miss)
3553 http fetch GET 200 https://registry.npmjs.org/@babel/plugin-transform-react-jsx-development/-/plugin-transform-react-jsx-development-7.16.7.tgz 8471ms (cache miss)
3554 http fetch GET 200 https://registry.npmjs.org/@babel/plugin-transform-react-jsx/-/plugin-transform-react-jsx-7.16.7.tgz 8471ms (cache miss)
3555 http fetch GET 200 https://registry.npmjs.org/@mui/types/-/types-7.1.0.tgz 8560ms (cache miss)
3556 http fetch GET 200 https://registry.npmjs.org/@babel/plugin-transform-reserved-words/-/plugin-transform-reserved-words-7.16.7.tgz 8524ms (cache miss)
3557 http fetch GET 200 https://registry.npmjs.org/@jridgewell/gen-mapping/-/gen-mapping-0.3.5.tgz 8574ms (cache miss)
3558 http fetch GET 200 https://registry.npmjs.org/@jridgewell/source-map/-/source-map-0.3.6.tgz 8577ms (cache miss)
3559 http fetch GET 200 https://registry.npmjs.org/@babel/plugin-transform-regenerator/-/plugin-transform-regenerator-7.16.7.tgz 8553ms (cache miss)
3560 http fetch GET 200 https://registry.npmjs.org/@babel/plugin-transform-parameters/-/plugin-transform-parameters-7.16.7.tgz 8550ms (cache miss)
3561 http fetch GET 200 https://registry.npmjs.org/@babel/plugin-transform-object-super/-/plugin-transform-object-super-7.16.7.tgz 8549ms (cache miss)
3562 http fetch GET 200 https://registry.npmjs.org/@babel/plugin-transform-property-literals/-/plugin-transform-property-literals-7.16.7.tgz 8551ms (cache miss)
3563 http fetch GET 200 https://registry.npmjs.org/@csstools/normalize.css/-/normalize.css-12.0.0.tgz 8566ms (cache miss)
3564 http fetch GET 200 https://registry.npmjs.org/@babel/plugin-transform-modules-umd/-/plugin-transform-modules-umd-7.16.7.tgz 8550ms (cache miss)
3565 http fetch GET 200 https://registry.npmjs.org/@babel/plugin-transform-named-capturing-groups-regex/-/plugin-transform-named-capturing-groups-regex-7.16.8.tgz 8550ms (cache miss)
3566 http fetch GET 200 https://registry.npmjs.org/@babel/plugin-transform-new-target/-/plugin-transform-new-target-7.16.7.tgz 8585ms (cache miss)
3567 http fetch GET 200 https://registry.npmjs.org/@babel/plugin-transform-modules-commonjs/-/plugin-transform-modules-commonjs-7.16.8.tgz 8611ms (cache miss)
3568 http fetch GET 200 https://registry.npmjs.org/@babel/plugin-transform-modules-amd/-/plugin-transform-modules-amd-7.16.7.tgz 8612ms (cache miss)
3569 http fetch GET 200 https://registry.npmjs.org/@babel/plugin-transform-function-name/-/plugin-transform-function-name-7.16.7.tgz 8610ms (cache miss)
3570 http fetch GET 200 https://registry.npmjs.org/@babel/plugin-transform-for-of/-/plugin-transform-for-of-7.16.7.tgz 8610ms (cache miss)
3571 http fetch GET 200 https://registry.npmjs.org/@babel/plugin-transform-exponentiation-operator/-/plugin-transform-exponentiation-operator-7.16.7.tgz 8609ms (cache miss)
3572 http fetch GET 200 https://registry.npmjs.org/@babel/plugin-transform-duplicate-keys/-/plugin-transform-duplicate-keys-7.16.7.tgz 8609ms (cache miss)
3573 http fetch GET 200 https://registry.npmjs.org/@babel/plugin-transform-member-expression-literals/-/plugin-transform-member-expression-literals-7.16.7.tgz 8612ms (cache miss)
3574 http fetch GET 200 https://registry.npmjs.org/@jest/types/-/types-27.4.2.tgz 8679ms (cache miss)
3575 http fetch GET 200 https://registry.npmjs.org/@babel/plugin-transform-literals/-/plugin-transform-literals-7.16.7.tgz 8649ms (cache miss)
3576 http fetch GET 200 https://registry.npmjs.org/@babel/plugin-transform-dotall-regex/-/plugin-transform-dotall-regex-7.16.7.tgz 8646ms (cache miss)
3577 http fetch GET 200 https://registry.npmjs.org/@babel/plugin-transform-flow-strip-types/-/plugin-transform-flow-strip-types-7.21.0.tgz 8648ms (cache miss)
3578 http fetch GET 200 https://registry.npmjs.org/@babel/plugin-transform-computed-properties/-/plugin-transform-computed-properties-7.16.7.tgz 8646ms (cache miss)
3579 http fetch GET 200 https://registry.npmjs.org/workbox-routing/-/workbox-routing-6.4.2.tgz 9295ms (cache miss)
3580 http fetch GET 200 https://registry.npmjs.org/@babel/plugin-transform-async-to-generator/-/plugin-transform-async-to-generator-7.16.8.tgz 8682ms (cache miss)
3581 http fetch GET 200 https://registry.npmjs.org/@babel/plugin-syntax-typescript/-/plugin-syntax-typescript-7.20.0.tgz 8682ms (cache miss)
3582 http fetch GET 200 https://registry.npmjs.org/@babel/plugin-transform-block-scoped-functions/-/plugin-transform-block-scoped-functions-7.16.7.tgz 8684ms (cache miss)
3583 http fetch GET 200 https://registry.npmjs.org/@babel/plugin-transform-block-scoping/-/plugin-transform-block-scoping-7.16.7.tgz 8685ms (cache miss)
3584 http fetch GET 200 https://registry.npmjs.org/@babel/plugin-syntax-top-level-await/-/plugin-syntax-top-level-await-7.14.5.tgz 8706ms (cache miss)
3585 http fetch GET 200 https://registry.npmjs.org/@babel/plugin-transform-arrow-functions/-/plugin-transform-arrow-functions-7.16.7.tgz 8720ms (cache miss)
3586 http fetch GET 200 https://registry.npmjs.org/@babel/plugin-syntax-private-property-in-object/-/plugin-syntax-private-property-in-object-7.14.5.tgz 8719ms (cache miss)
3587 http fetch GET 200 https://registry.npmjs.org/@babel/plugin-syntax-optional-catch-binding/-/plugin-syntax-optional-catch-binding-7.8.3.tgz 8717ms (cache miss)
3588 http fetch GET 200 https://registry.npmjs.org/@babel/plugin-syntax-optional-chaining/-/plugin-syntax-optional-chaining-7.8.3.tgz 8718ms (cache miss)
3589 http fetch GET 200 https://registry.npmjs.org/@babel/plugin-syntax-object-rest-spread/-/plugin-syntax-object-rest-spread-7.8.3.tgz 8717ms (cache miss)
3590 http fetch GET 200 https://registry.npmjs.org/csstype/-/csstype-3.0.10.tgz 8945ms (cache miss)
3591 http fetch GET 200 https://registry.npmjs.org/@babel/plugin-transform-classes/-/plugin-transform-classes-7.16.7.tgz 8762ms (cache miss)
3592 http fetch GET 200 https://registry.npmjs.org/@babel/plugin-transform-react-constant-elements/-/plugin-transform-react-constant-elements-7.16.7.tgz 8774ms (cache miss)
3593 http fetch GET 200 https://registry.npmjs.org/@babel/plugin-transform-react-display-name/-/plugin-transform-react-display-name-7.16.7.tgz 8776ms (cache miss)
3594 http fetch GET 200 https://registry.npmjs.org/@babel/plugin-syntax-numeric-separator/-/plugin-syntax-numeric-separator-7.10.4.tgz 8756ms (cache miss)
3595 http fetch GET 200 https://registry.npmjs.org/@babel/plugin-syntax-nullish-coalescing-operator/-/plugin-syntax-nullish-coalescing-operator-7.8.3.tgz 8755ms (cache miss)
3596 http fetch GET 200 https://registry.npmjs.org/@babel/plugin-syntax-json-strings/-/plugin-syntax-json-strings-7.8.3.tgz 8754ms (cache miss)
3597 http fetch GET 200 https://registry.npmjs.org/@babel/plugin-syntax-jsx/-/plugin-syntax-jsx-7.16.7.tgz 8754ms (cache miss)
3598 http fetch GET 200 https://registry.npmjs.org/@babel/plugin-syntax-import-meta/-/plugin-syntax-import-meta-7.10.4.tgz 8753ms (cache miss)
3599 http fetch GET 200 https://registry.npmjs.org/@babel/plugin-syntax-logical-assignment-operators/-/plugin-syntax-logical-assignment-operators-7.10.4.tgz 8821ms (cache miss)
3600 http fetch GET 200 https://registry.npmjs.org/@babel/plugin-syntax-export-namespace-from/-/plugin-syntax-export-namespace-from-7.8.3.tgz 8818ms (cache miss)
3601 http fetch GET 200 https://registry.npmjs.org/@babel/plugin-transform-modules-systemjs/-/plugin-transform-modules-systemjs-7.16.7.tgz 8840ms (cache miss)
3602 http fetch GET 200 https://registry.npmjs.org/@babel/plugin-syntax-dynamic-import/-/plugin-syntax-dynamic-import-7.8.3.tgz 8817ms (cache miss)
3603 http fetch GET 200 https://registry.npmjs.org/@babel/plugin-syntax-class-static-block/-/plugin-syntax-class-static-block-7.14.5.tgz 8816ms (cache miss)
3604 http fetch GET 200 https://registry.npmjs.org/@babel/plugin-syntax-flow/-/plugin-syntax-flow-7.18.6.tgz 8820ms (cache miss)
3605 http fetch GET 200 https://registry.npmjs.org/@eslint-community/regexpp/-/regexpp-4.4.0.tgz 8902ms (cache miss)
3606 http fetch GET 200 https://registry.npmjs.org/@babel/plugin-syntax-bigint/-/plugin-syntax-bigint-7.8.3.tgz 8852ms (cache miss)
3607 http fetch GET 200 https://registry.npmjs.org/@babel/plugin-syntax-class-properties/-/plugin-syntax-class-properties-7.12.13.tgz 8853ms (cache miss)
3608 http fetch GET 200 https://registry.npmjs.org/@babel/plugin-proposal-unicode-property-regex/-/plugin-proposal-unicode-property-regex-7.16.7.tgz 8850ms (cache miss)
3609 http fetch GET 200 https://registry.npmjs.org/@babel/plugin-syntax-async-generators/-/plugin-syntax-async-generators-7.8.4.tgz 8852ms (cache miss)
3610 http fetch GET 200 https://registry.npmjs.org/@babel/plugin-proposal-private-property-in-object/-/plugin-proposal-private-property-in-object-7.16.7.tgz 8851ms (cache miss)
3611 http fetch GET 200 https://registry.npmjs.org/@babel/plugin-proposal-optional-chaining/-/plugin-proposal-optional-chaining-7.16.7.tgz 8850ms (cache miss)
3612 http fetch GET 200 https://registry.npmjs.org/@eslint-community/eslint-utils/-/eslint-utils-4.2.0.tgz 8935ms (cache miss)
3613 http fetch GET 200 https://registry.npmjs.org/@babel/plugin-transform-destructuring/-/plugin-transform-destructuring-7.16.7.tgz 8905ms (cache miss)
3614 http fetch GET 200 https://registry.npmjs.org/@babel/plugin-proposal-numeric-separator/-/plugin-proposal-numeric-separator-7.16.7.tgz 8881ms (cache miss)
3615 http fetch GET 200 https://registry.npmjs.org/@babel/plugin-proposal-nullish-coalescing-operator/-/plugin-proposal-nullish-coalescing-operator-7.16.7.tgz 8880ms (cache miss)
3616 http fetch GET 200 https://registry.npmjs.org/@babel/plugin-proposal-logical-assignment-operators/-/plugin-proposal-logical-assignment-operators-7.16.7.tgz 8881ms (cache miss)
3617 http fetch GET 200 https://registry.npmjs.org/@babel/plugin-proposal-optional-catch-binding/-/plugin-proposal-optional-catch-binding-7.16.7.tgz 8883ms (cache miss)
3618 http fetch GET 200 https://registry.npmjs.org/@babel/plugin-proposal-json-strings/-/plugin-proposal-json-strings-7.16.7.tgz 8881ms (cache miss)
3619 http fetch GET 200 https://registry.npmjs.org/@babel/plugin-proposal-private-methods/-/plugin-proposal-private-methods-7.16.11.tgz 8918ms (cache miss)
3620 http fetch GET 200 https://registry.npmjs.org/@babel/plugin-proposal-object-rest-spread/-/plugin-proposal-object-rest-spread-7.16.7.tgz 8916ms (cache miss)
3621 http fetch GET 200 https://registry.npmjs.org/@babel/plugin-proposal-dynamic-import/-/plugin-proposal-dynamic-import-7.16.7.tgz 8914ms (cache miss)
3622 http fetch GET 200 https://registry.npmjs.org/@babel/plugin-proposal-export-namespace-from/-/plugin-proposal-export-namespace-from-7.16.7.tgz 8914ms (cache miss)
3623 http fetch GET 200 https://registry.npmjs.org/@babel/plugin-proposal-class-properties/-/plugin-proposal-class-properties-7.16.7.tgz 8913ms (cache miss)
3624 http fetch GET 200 https://registry.npmjs.org/@babel/plugin-proposal-class-static-block/-/plugin-proposal-class-static-block-7.16.7.tgz 8914ms (cache miss)
3625 http fetch GET 200 https://registry.npmjs.org/@babel/plugin-proposal-async-generator-functions/-/plugin-proposal-async-generator-functions-7.16.8.tgz 8913ms (cache miss)
3626 http fetch GET 200 https://registry.npmjs.org/http-proxy-middleware/-/http-proxy-middleware-2.0.2.tgz 9252ms (cache miss)
3627 http fetch GET 200 https://registry.npmjs.org/@jest/transform/-/transform-27.4.6.tgz 9020ms (cache miss)
3628 http fetch GET 200 https://registry.npmjs.org/@humanwhocodes/object-schema/-/object-schema-1.2.1.tgz 9010ms (cache miss)
3629 http fetch GET 200 https://registry.npmjs.org/@babel/plugin-bugfix-v8-spread-parameters-in-optional-chaining/-/plugin-bugfix-v8-spread-parameters-in-optional-chaining-7.16.7.tgz 8947ms (cache miss)
3630 http fetch GET 200 https://registry.npmjs.org/@babel/highlight/-/highlight-7.18.6.tgz 8945ms (cache miss)
3631 http fetch GET 200 https://registry.npmjs.org/@babel/plugin-syntax-decorators/-/plugin-syntax-decorators-7.21.0.tgz 8960ms (cache miss)
3632 http fetch GET 200 https://registry.npmjs.org/@babel/plugin-bugfix-safari-id-destructuring-collision-in-function-expression/-/plugin-bugfix-safari-id-destructuring-collision-in-function-expression-7.16.7.tgz 8947ms (cache miss)
3633 http fetch GET 200 https://registry.npmjs.org/semver/-/semver-7.3.5.tgz 9545ms (cache miss)
3634 http fetch GET 200 https://registry.npmjs.org/@babel/helper-validator-option/-/helper-validator-option-7.21.0.tgz 8978ms (cache miss)
3635 http fetch GET 200 https://registry.npmjs.org/@babel/helper-split-export-declaration/-/helper-split-export-declaration-7.18.6.tgz 8978ms (cache miss)
3636 http fetch GET 200 https://registry.npmjs.org/@babel/helper-simple-access/-/helper-simple-access-7.16.7.tgz 8976ms (cache miss)
3637 http fetch GET 200 https://registry.npmjs.org/@babel/helper-skip-transparent-expression-wrappers/-/helper-skip-transparent-expression-wrappers-7.20.0.tgz 8977ms (cache miss)
3638 http fetch GET 200 https://registry.npmjs.org/@babel/helper-replace-supers/-/helper-replace-supers-7.20.7.tgz 8977ms (cache miss)
3639 http fetch GET 200 https://registry.npmjs.org/@babel/helper-string-parser/-/helper-string-parser-7.19.4.tgz 9017ms (cache miss)
3640 http fetch GET 200 https://registry.npmjs.org/@babel/helper-remap-async-to-generator/-/helper-remap-async-to-generator-7.16.8.tgz 9015ms (cache miss)
3641 http fetch GET 200 https://registry.npmjs.org/@babel/helper-optimise-call-expression/-/helper-optimise-call-expression-7.18.6.tgz 9014ms (cache miss)
3642 http fetch GET 200 https://registry.npmjs.org/@babel/helper-module-transforms/-/helper-module-transforms-7.16.7.tgz 9015ms (cache miss)
3643 http fetch GET 200 https://registry.npmjs.org/@babel/helper-module-imports/-/helper-module-imports-7.18.6.tgz 9014ms (cache miss)
3644 http fetch GET 200 https://registry.npmjs.org/@babel/helper-plugin-utils/-/helper-plugin-utils-7.20.2.tgz 9016ms (cache miss)
3645 http fetch GET 200 https://registry.npmjs.org/esquery/-/esquery-1.4.0.tgz 9316ms (cache miss)
3646 http fetch GET 200 https://registry.npmjs.org/@babel/helper-explode-assignable-expression/-/helper-explode-assignable-expression-7.16.7.tgz 9047ms (cache miss)
3647 http fetch GET 200 https://registry.npmjs.org/@babel/helper-environment-visitor/-/helper-environment-visitor-7.18.9.tgz 9046ms (cache miss)
3648 http fetch GET 200 https://registry.npmjs.org/@babel/helper-hoist-variables/-/helper-hoist-variables-7.18.6.tgz 9049ms (cache miss)
3649 http fetch GET 200 https://registry.npmjs.org/@babel/helper-create-regexp-features-plugin/-/helper-create-regexp-features-plugin-7.16.7.tgz 9046ms (cache miss)
3650 http fetch GET 200 https://registry.npmjs.org/@babel/helper-annotate-as-pure/-/helper-annotate-as-pure-7.18.6.tgz 9084ms (cache miss)
3651 http fetch GET 200 https://registry.npmjs.org/@babel/helper-builder-binary-assignment-operator-visitor/-/helper-builder-binary-assignment-operator-visitor-7.16.7.tgz 9084ms (cache miss)
3652 http fetch GET 200 https://registry.npmjs.org/@babel/helper-wrap-function/-/helper-wrap-function-7.16.8.tgz 9098ms (cache miss)
3653 http fetch GET 200 https://registry.npmjs.org/webpack-sources/-/webpack-sources-1.4.3.tgz 9079ms (cache miss)
3654 http fetch GET 200 https://registry.npmjs.org/@babel/compat-data/-/compat-data-7.21.0.tgz 9122ms (cache miss)
3655 http fetch GET 200 https://registry.npmjs.org/@babel/code-frame/-/code-frame-7.18.6.tgz 9123ms (cache miss)
3656 http fetch GET 200 https://registry.npmjs.org/webidl-conversions/-/webidl-conversions-4.0.2.tgz 9131ms (cache miss)
3657 http fetch GET 200 https://registry.npmjs.org/json-schema-traverse/-/json-schema-traverse-1.0.0.tgz 9130ms (cache miss)
3658 http fetch GET 200 https://registry.npmjs.org/@babel/helper-function-name/-/helper-function-name-7.21.0.tgz 9237ms (cache miss)
3659 http fetch GET 200 https://registry.npmjs.org/@babel/helper-member-expression-to-functions/-/helper-member-expression-to-functions-7.21.0.tgz 9239ms (cache miss)
3660 http fetch GET 200 https://registry.npmjs.org/strip-ansi/-/strip-ansi-7.0.1.tgz 9254ms (cache miss)
3661 http fetch GET 200 https://registry.npmjs.org/schema-utils/-/schema-utils-4.0.0.tgz 9254ms (cache miss)
3662 http fetch GET 200 https://registry.npmjs.org/ansi-regex/-/ansi-regex-6.0.1.tgz 9252ms (cache miss)
3663 http fetch GET 200 https://registry.npmjs.org/ipaddr.js/-/ipaddr.js-2.0.1.tgz 9296ms (cache miss)
3664 http fetch GET 200 https://registry.npmjs.org/estraverse/-/estraverse-4.3.0.tgz 9293ms (cache miss)
3665 http fetch GET 200 https://registry.npmjs.org/jest-util/-/jest-util-27.4.2.tgz 9800ms (cache miss)
3666 http fetch GET 200 https://registry.npmjs.org/neo-async/-/neo-async-2.6.2.tgz 9850ms (cache miss)
3667 http fetch GET 200 https://registry.npmjs.org/@emotion/cache/-/cache-11.7.1.tgz 9461ms (cache miss)
3668 http fetch GET 200 https://registry.npmjs.org/json-schema-traverse/-/json-schema-traverse-1.0.0.tgz 9338ms (cache miss)
3669 http fetch GET 200 https://registry.npmjs.org/json-schema-traverse/-/json-schema-traverse-1.0.0.tgz 9336ms (cache miss)
3670 http fetch GET 200 https://registry.npmjs.org/strip-bom/-/strip-bom-3.0.0.tgz 9333ms (cache miss)
3671 http fetch GET 200 https://registry.npmjs.org/universalify/-/universalify-0.1.2.tgz 9333ms (cache miss)
3672 http fetch GET 200 https://registry.npmjs.org/@emotion/is-prop-valid/-/is-prop-valid-1.1.1.tgz 9503ms (cache miss)
3673 http fetch GET 200 https://registry.npmjs.org/nth-check/-/nth-check-1.0.2.tgz 9370ms (cache miss)
3674 http fetch GET 200 https://registry.npmjs.org/domelementtype/-/domelementtype-1.3.1.tgz 9369ms (cache miss)
3675 http fetch GET 200 https://registry.npmjs.org/css-what/-/css-what-3.4.2.tgz 9369ms (cache miss)
3676 http fetch GET 200 https://registry.npmjs.org/css-select/-/css-select-2.1.0.tgz 9368ms (cache miss)
3677 http fetch GET 200 https://registry.npmjs.org/escape-string-regexp/-/escape-string-regexp-2.0.0.tgz 9367ms (cache miss)
3678 http fetch GET 200 https://registry.npmjs.org/schema-utils/-/schema-utils-4.0.0.tgz 9412ms (cache miss)
3679 http fetch GET 200 https://registry.npmjs.org/domutils/-/domutils-1.7.0.tgz 9405ms (cache miss)
3680 http fetch GET 200 https://registry.npmjs.org/dom-serializer/-/dom-serializer-0.2.2.tgz 9402ms (cache miss)
3681 http fetch GET 200 https://registry.npmjs.org/setprototypeof/-/setprototypeof-1.1.0.tgz 9400ms (cache miss)
3682 http fetch GET 200 https://registry.npmjs.org/inherits/-/inherits-2.0.3.tgz 9399ms (cache miss)
3683 http fetch GET 200 https://registry.npmjs.org/serialize-javascript/-/serialize-javascript-4.0.0.tgz 9399ms (cache miss)
3684 http fetch GET 200 https://registry.npmjs.org/@babel/helper-validator-identifier/-/helper-validator-identifier-7.19.1.tgz 9634ms (cache miss)
3685 http fetch GET 200 https://registry.npmjs.org/picocolors/-/picocolors-0.2.1.tgz 9559ms (cache miss)
3686 http fetch GET 200 https://registry.npmjs.org/isarray/-/isarray-0.0.1.tgz 9561ms (cache miss)
3687 http fetch GET 200 https://registry.npmjs.org/loader-utils/-/loader-utils-3.2.1.tgz 9564ms (cache miss)
3688 http fetch GET 200 https://registry.npmjs.org/ansi-styles/-/ansi-styles-5.2.0.tgz 9562ms (cache miss)
3689 http fetch GET 200 https://registry.npmjs.org/escape-string-regexp/-/escape-string-regexp-4.0.0.tgz 9564ms (cache miss)
3690 http fetch GET 200 https://registry.npmjs.org/react-is/-/react-is-17.0.2.tgz 9566ms (cache miss)
3691 http fetch GET 200 https://registry.npmjs.org/http-errors/-/http-errors-1.6.3.tgz 9687ms (cache miss)
3692 http fetch GET 200 https://registry.npmjs.org/path-to-regexp/-/path-to-regexp-1.8.0.tgz 9683ms (cache miss)
3693 http fetch GET 200 https://registry.npmjs.org/path-exists/-/path-exists-3.0.0.tgz 9678ms (cache miss)
3694 http fetch GET 200 https://registry.npmjs.org/p-locate/-/p-locate-3.0.0.tgz 9718ms (cache miss)
3695 http fetch GET 200 https://registry.npmjs.org/p-limit/-/p-limit-2.3.0.tgz 9719ms (cache miss)
3696 http fetch GET 200 https://registry.npmjs.org/p-locate/-/p-locate-4.1.0.tgz 9719ms (cache miss)
3697 http fetch GET 200 https://registry.npmjs.org/find-up/-/find-up-3.0.0.tgz 9720ms (cache miss)
3698 http fetch GET 200 https://registry.npmjs.org/locate-path/-/locate-path-3.0.0.tgz 9722ms (cache miss)
3699 http fetch GET 200 https://registry.npmjs.org/locate-path/-/locate-path-5.0.0.tgz 9720ms (cache miss)
3700 http fetch GET 200 https://registry.npmjs.org/find-up/-/find-up-4.1.0.tgz 9720ms (cache miss)
3701 http fetch GET 200 https://registry.npmjs.org/@babel/plugin-transform-typescript/-/plugin-transform-typescript-7.21.3.tgz 9923ms (cache miss)
3702 http fetch GET 200 https://registry.npmjs.org/jsesc/-/jsesc-0.5.0.tgz 9787ms (cache miss)
3703 http fetch GET 200 https://registry.npmjs.org/strip-ansi/-/strip-ansi-7.0.1.tgz 9775ms (cache miss)
3704 http fetch GET 200 https://registry.npmjs.org/json-schema-traverse/-/json-schema-traverse-1.0.0.tgz 9777ms (cache miss)
3705 http fetch GET 200 https://registry.npmjs.org/slash/-/slash-4.0.0.tgz 9776ms (cache miss)
3706 http fetch GET 200 https://registry.npmjs.org/postcss-selector-parser/-/postcss-selector-parser-6.0.9.tgz 10436ms (cache miss)
3707 http fetch GET 200 https://registry.npmjs.org/@babel/plugin-transform-runtime/-/plugin-transform-runtime-7.21.0.tgz 9960ms (cache miss)
3708 http fetch GET 200 https://registry.npmjs.org/ansi-regex/-/ansi-regex-6.0.1.tgz 9811ms (cache miss)
3709 http fetch GET 200 https://registry.npmjs.org/char-regex/-/char-regex-2.0.0.tgz 9813ms (cache miss)
3710 http fetch GET 200 https://registry.npmjs.org/string-length/-/string-length-5.0.1.tgz 9814ms (cache miss)
3711 http fetch GET 200 https://registry.npmjs.org/resolve-from/-/resolve-from-4.0.0.tgz 9832ms (cache miss)
3712 http fetch GET 200 https://registry.npmjs.org/workbox-window/-/workbox-window-6.4.2.tgz 10607ms (cache miss)
3713 http fetch GET 200 https://registry.npmjs.org/semver/-/semver-6.3.0.tgz 9860ms (cache miss)
3714 http fetch GET 200 https://registry.npmjs.org/string_decoder/-/string_decoder-1.1.1.tgz 9867ms (cache miss)
3715 http fetch GET 200 https://registry.npmjs.org/@babel/plugin-proposal-decorators/-/plugin-proposal-decorators-7.21.0.tgz 9998ms (cache miss)
3716 http fetch GET 200 https://registry.npmjs.org/commander/-/commander-7.2.0.tgz 9903ms (cache miss)
3717 http fetch GET 200 https://registry.npmjs.org/p-limit/-/p-limit-2.3.0.tgz 9898ms (cache miss)
3718 http fetch GET 200 https://registry.npmjs.org/brace-expansion/-/brace-expansion-2.0.1.tgz 9903ms (cache miss)
3719 http fetch GET 200 https://registry.npmjs.org/minimatch/-/minimatch-5.1.6.tgz 9903ms (cache miss)
3720 http fetch GET 200 https://registry.npmjs.org/glob-parent/-/glob-parent-5.1.2.tgz 9903ms (cache miss)
3721 http fetch GET 200 https://registry.npmjs.org/eslint-visitor-keys/-/eslint-visitor-keys-2.1.0.tgz 9903ms (cache miss)
3722 http fetch GET 200 https://registry.npmjs.org/react-router-dom/-/react-router-dom-5.3.0.tgz 10576ms (cache miss)
3723 http fetch GET 200 https://registry.npmjs.org/tslib/-/tslib-1.14.1.tgz 9962ms (cache miss)
3724 http fetch GET 200 https://registry.npmjs.org/debug/-/debug-3.2.7.tgz 9942ms (cache miss)
3725 http fetch GET 200 https://registry.npmjs.org/tapable/-/tapable-1.1.3.tgz 9934ms (cache miss)
3726 http fetch GET 200 https://registry.npmjs.org/semver/-/semver-6.3.0.tgz 9951ms (cache miss)
3727 http fetch GET 200 https://registry.npmjs.org/semver/-/semver-6.3.0.tgz 9944ms (cache miss)
3728 http fetch GET 200 https://registry.npmjs.org/semver/-/semver-6.3.0.tgz 9943ms (cache miss)
3729 http fetch GET 200 https://registry.npmjs.org/semver/-/semver-6.3.0.tgz 9944ms (cache miss)
3730 http fetch GET 200 https://registry.npmjs.org/escape-string-regexp/-/escape-string-regexp-4.0.0.tgz 9953ms (cache miss)
3731 http fetch GET 200 https://registry.npmjs.org/type-check/-/type-check-0.3.2.tgz 9953ms (cache miss)
3732 http fetch GET 200 https://registry.npmjs.org/prelude-ls/-/prelude-ls-1.1.2.tgz 9952ms (cache miss)
3733 http fetch GET 200 https://registry.npmjs.org/isarray/-/isarray-2.0.5.tgz 9952ms (cache miss)
3734 http fetch GET 200 https://registry.npmjs.org/parse5/-/parse5-6.0.1.tgz 10560ms (cache miss)
3735 http fetch GET 200 https://registry.npmjs.org/json-schema-traverse/-/json-schema-traverse-1.0.0.tgz 9958ms (cache miss)
3736 http fetch GET 200 https://registry.npmjs.org/json-schema-traverse/-/json-schema-traverse-1.0.0.tgz 9952ms (cache miss)
3737 http fetch GET 200 https://registry.npmjs.org/schema-utils/-/schema-utils-4.0.0.tgz 9959ms (cache miss)
3738 http fetch GET 200 https://registry.npmjs.org/globals/-/globals-13.12.0.tgz 9978ms (cache miss)
3739 http fetch GET 200 https://registry.npmjs.org/@jridgewell/trace-mapping/-/trace-mapping-0.3.25.tgz 10187ms (cache miss)
3740 http fetch GET 200 https://registry.npmjs.org/webidl-conversions/-/webidl-conversions-5.0.0.tgz 9976ms (cache miss)
3741 http fetch GET 200 https://registry.npmjs.org/which/-/which-2.0.2.tgz 9982ms (cache miss)
3742 http fetch GET 200 https://registry.npmjs.org/loader-utils/-/loader-utils-1.4.2.tgz 9980ms (cache miss)
3743 http fetch GET 200 https://registry.npmjs.org/glob-parent/-/glob-parent-5.1.2.tgz 9992ms (cache miss)
3744 http fetch GET 200 https://registry.npmjs.org/levn/-/levn-0.3.0.tgz 10002ms (cache miss)
3745 http fetch GET 200 https://registry.npmjs.org/optionator/-/optionator-0.8.3.tgz 10004ms (cache miss)
3746 http fetch GET 200 https://registry.npmjs.org/whatwg-url/-/whatwg-url-7.1.0.tgz 10109ms (cache miss)
3747 http fetch GET 200 https://registry.npmjs.org/semver/-/semver-6.3.0.tgz 10037ms (cache miss)
3748 http fetch GET 200 https://registry.npmjs.org/estraverse/-/estraverse-4.3.0.tgz 10032ms (cache miss)
3749 http fetch GET 200 https://registry.npmjs.org/estraverse/-/estraverse-4.3.0.tgz 10028ms (cache miss)
3750 http fetch GET 200 https://registry.npmjs.org/debug/-/debug-4.3.4.tgz 10033ms (cache miss)
3751 http fetch GET 200 https://registry.npmjs.org/isarray/-/isarray-2.0.5.tgz 10053ms (cache miss)
3752 http fetch GET 200 https://registry.npmjs.org/isarray/-/isarray-2.0.5.tgz 10055ms (cache miss)
3753 http fetch GET 200 https://registry.npmjs.org/react-is/-/react-is-17.0.2.tgz 10061ms (cache miss)
3754 http fetch GET 200 https://registry.npmjs.org/react-is/-/react-is-17.0.2.tgz 10060ms (cache miss)
3755 http fetch GET 200 https://registry.npmjs.org/react-is/-/react-is-17.0.2.tgz 10060ms (cache miss)
3756 http fetch GET 200 https://registry.npmjs.org/debug/-/debug-3.2.7.tgz 10097ms (cache miss)
3757 http fetch GET 200 https://registry.npmjs.org/debug/-/debug-3.2.7.tgz 10095ms (cache miss)
3758 http fetch GET 200 https://registry.npmjs.org/debug/-/debug-3.2.7.tgz 10096ms (cache miss)
3759 http fetch GET 200 https://registry.npmjs.org/globals/-/globals-13.12.0.tgz 10062ms (cache miss)
3760 http fetch GET 200 https://registry.npmjs.org/commander/-/commander-4.1.1.tgz 10092ms (cache miss)
3761 http fetch GET 200 https://registry.npmjs.org/tr46/-/tr46-1.0.1.tgz 10169ms (cache miss)
3762 http fetch GET 200 https://registry.npmjs.org/p-limit/-/p-limit-2.3.0.tgz 10081ms (cache miss)
3763 http fetch GET 200 https://registry.npmjs.org/p-locate/-/p-locate-4.1.0.tgz 10082ms (cache miss)
3764 http fetch GET 200 https://registry.npmjs.org/find-up/-/find-up-4.1.0.tgz 10081ms (cache miss)
3765 http fetch GET 200 https://registry.npmjs.org/locate-path/-/locate-path-5.0.0.tgz 10082ms (cache miss)
3766 http fetch GET 200 https://registry.npmjs.org/doctrine/-/doctrine-2.1.0.tgz 10123ms (cache miss)
3767 http fetch GET 200 https://registry.npmjs.org/@types/estree/-/estree-0.0.39.tgz 10109ms (cache miss)
3768 http fetch GET 200 https://registry.npmjs.org/camelcase/-/camelcase-5.3.1.tgz 10101ms (cache miss)
3769 http fetch GET 200 https://registry.npmjs.org/babel-plugin-polyfill-regenerator/-/babel-plugin-polyfill-regenerator-0.4.1.tgz 10097ms (cache miss)
3770 http fetch GET 200 https://registry.npmjs.org/escape-string-regexp/-/escape-string-regexp-4.0.0.tgz 10101ms (cache miss)
3771 http fetch GET 200 https://registry.npmjs.org/doctrine/-/doctrine-2.1.0.tgz 10142ms (cache miss)
3772 http fetch GET 200 https://registry.npmjs.org/debug/-/debug-4.3.4.tgz 10129ms (cache miss)
3773 http fetch GET 200 https://registry.npmjs.org/debug/-/debug-4.3.4.tgz 10131ms (cache miss)
3774 http fetch GET 200 https://registry.npmjs.org/debug/-/debug-4.3.4.tgz 10129ms (cache miss)
3775 http fetch GET 200 https://registry.npmjs.org/semver/-/semver-6.3.0.tgz 10117ms (cache miss)
3776 http fetch GET 200 https://registry.npmjs.org/semver/-/semver-6.3.0.tgz 10119ms (cache miss)
3777 http fetch GET 200 https://registry.npmjs.org/semver/-/semver-6.3.0.tgz 10117ms (cache miss)
3778 http fetch GET 200 https://registry.npmjs.org/babel-plugin-macros/-/babel-plugin-macros-2.8.0.tgz 10120ms (cache miss)
3779 http fetch GET 200 https://registry.npmjs.org/ignore/-/ignore-4.0.6.tgz 10124ms (cache miss)
3780 http fetch GET 200 https://registry.npmjs.org/lru-cache/-/lru-cache-5.1.1.tgz 10118ms (cache miss)
3781 http fetch GET 200 https://registry.npmjs.org/semver/-/semver-6.3.0.tgz 10119ms (cache miss)
3782 http fetch GET 200 https://registry.npmjs.org/yallist/-/yallist-3.1.1.tgz 10121ms (cache miss)
3783 http fetch GET 200 https://registry.npmjs.org/argparse/-/argparse-2.0.1.tgz 10168ms (cache miss)
3784 http fetch GET 200 https://registry.npmjs.org/json5/-/json5-1.0.2.tgz 10240ms (cache miss)
3785 http fetch GET 200 https://registry.npmjs.org/semver/-/semver-6.3.0.tgz 10157ms (cache miss)
3786 http fetch GET 200 https://registry.npmjs.org/eslint-visitor-keys/-/eslint-visitor-keys-2.1.0.tgz 10158ms (cache miss)
3787 http fetch GET 200 https://registry.npmjs.org/semver/-/semver-6.3.0.tgz 10158ms (cache miss)
3788 http fetch GET 200 https://registry.npmjs.org/@tootallnate%2fonce 8934ms (cache miss)
3789 silly packumentCache corgi:https://registry.npmjs.org/@tootallnate%2fonce set size:undefined disposed:false
3790 http fetch GET 200 https://registry.npmjs.org/ajv-keywords/-/ajv-keywords-3.5.2.tgz 10537ms (cache miss)
3791 http fetch GET 200 https://registry.npmjs.org/eslint-scope/-/eslint-scope-5.1.1.tgz 10316ms (cache miss)
3792 http fetch GET 200 https://registry.npmjs.org/brace-expansion 9004ms (cache miss)
3793 silly packumentCache corgi:https://registry.npmjs.org/brace-expansion set size:undefined disposed:false
3794 http fetch GET 200 https://registry.npmjs.org/on-headers 9002ms (cache miss)
3795 silly packumentCache corgi:https://registry.npmjs.org/on-headers set size:undefined disposed:false
3796 http fetch GET 200 https://registry.npmjs.org/webpack-dev-server/-/webpack-dev-server-4.7.3.tgz 11046ms (cache miss)
3797 http fetch GET 200 https://registry.npmjs.org/colord/-/colord-2.9.2.tgz 10613ms (cache miss)
3798 http fetch GET 200 https://registry.npmjs.org/@nodelib/fs.scandir/-/fs.scandir-2.1.5.tgz 10500ms (cache miss)
3799 http fetch GET 200 https://registry.npmjs.org/deep-equal/-/deep-equal-2.2.0.tgz 10277ms (cache miss)
3800 http fetch GET 200 https://registry.npmjs.org/js-yaml 9029ms (cache miss)
3801 silly packumentCache corgi:https://registry.npmjs.org/js-yaml set size:undefined disposed:false
3802 http fetch GET 200 https://registry.npmjs.org/cross-spawn 9030ms (cache miss)
3803 silly packumentCache corgi:https://registry.npmjs.org/cross-spawn set size:undefined disposed:false
3804 http fetch GET 200 https://registry.npmjs.org/ip 9030ms (cache miss)
3805 silly packumentCache corgi:https://registry.npmjs.org/ip set size:undefined disposed:false
3806 http fetch GET 200 https://registry.npmjs.org/nth-check 9031ms (cache miss)
3807 silly packumentCache corgi:https://registry.npmjs.org/nth-check set size:undefined disposed:false
3808 http fetch GET 200 https://registry.npmjs.org/@babel/helpers/-/helpers-7.16.7.tgz 10440ms (cache miss)
3809 http fetch GET 200 https://registry.npmjs.org/deep-equal/-/deep-equal-2.2.0.tgz 10301ms (cache miss)
3810 http fetch GET 200 https://registry.npmjs.org/word-wrap 9043ms (cache miss)
3811 silly packumentCache corgi:https://registry.npmjs.org/word-wrap set size:undefined disposed:false
3812 http fetch GET 200 https://registry.npmjs.org/react-router/-/react-router-5.2.1.tgz 10999ms (cache miss)
3813 http fetch GET 200 https://registry.npmjs.org/form-data 9068ms (cache miss)
3814 silly packumentCache corgi:https://registry.npmjs.org/form-data set size:undefined disposed:false
3815 http fetch GET 200 https://registry.npmjs.org/picomatch 9066ms (cache miss)
3816 silly packumentCache corgi:https://registry.npmjs.org/picomatch set size:undefined disposed:false
3817 http fetch GET 200 https://registry.npmjs.org/argparse/-/argparse-2.0.1.tgz 10323ms (cache miss)
3818 http fetch GET 200 https://registry.npmjs.org/semver 9097ms (cache miss)
3819 silly packumentCache corgi:https://registry.npmjs.org/semver set size:undefined disposed:false
3820 http fetch GET 200 https://registry.npmjs.org/flatted 9115ms (cache miss)
3821 silly packumentCache corgi:https://registry.npmjs.org/flatted set size:undefined disposed:false
3822 http fetch GET 200 https://registry.npmjs.org/tough-cookie 9113ms (cache miss)
3823 silly packumentCache corgi:https://registry.npmjs.org/tough-cookie set size:undefined disposed:false
3824 http fetch GET 200 https://registry.npmjs.org/follow-redirects 9138ms (cache miss)
3825 silly packumentCache corgi:https://registry.npmjs.org/follow-redirects set size:undefined disposed:false
3826 http fetch GET 200 https://registry.npmjs.org/serialize-javascript 9139ms (cache miss)
3827 silly packumentCache corgi:https://registry.npmjs.org/serialize-javascript set size:undefined disposed:false
3828 http fetch GET 200 https://registry.npmjs.org/require-directory/-/require-directory-2.1.1.tgz 11102ms (cache miss)
3829 http fetch GET 200 https://registry.npmjs.org/escape-html/-/escape-html-1.0.3.tgz 10798ms (cache miss)
3830 http fetch GET 200 https://registry.npmjs.org/spdy-transport/-/spdy-transport-3.0.0.tgz 11135ms (cache miss)
3831 http fetch GET 200 https://registry.npmjs.org/@typescript-eslint/types/-/types-5.55.0.tgz 10686ms (cache miss)
3832 http fetch GET 200 https://registry.npmjs.org/webpack-sources/-/webpack-sources-2.3.1.tgz 10491ms (cache miss)
3833 http fetch GET 200 https://registry.npmjs.org/uuid 9160ms (cache miss)
3834 silly packumentCache corgi:https://registry.npmjs.org/uuid set size:undefined disposed:false
3835 http fetch GET 200 https://registry.npmjs.org/jest-haste-map/-/jest-haste-map-27.4.6.tgz 10968ms (cache miss)
3836 http fetch GET 200 https://registry.npmjs.org/node-forge 9184ms (cache miss)
3837 silly packumentCache corgi:https://registry.npmjs.org/node-forge set size:undefined disposed:false
3838 http fetch GET 200 https://registry.npmjs.org/@babel/helper-compilation-targets/-/helper-compilation-targets-7.20.7.tgz 10592ms (cache miss)
3839 http fetch GET 200 https://registry.npmjs.org/@babel%2fplugin-transform-modules-systemjs 9224ms (cache miss)
3840 silly packumentCache corgi:https://registry.npmjs.org/@babel%2fplugin-transform-modules-systemjs set size:undefined disposed:false
3841 http fetch GET 200 https://registry.npmjs.org/commander/-/commander-8.3.0.tgz 10508ms (cache miss)
3842 http fetch GET 200 https://registry.npmjs.org/postcss/-/postcss-8.4.5.tgz 11112ms (cache miss)
3843 http fetch GET 200 https://registry.npmjs.org/cosmiconfig/-/cosmiconfig-7.0.1.tgz 10860ms (cache miss)
3844 http fetch GET 200 https://registry.npmjs.org/minimatch 9263ms (cache miss)
3845 silly packumentCache corgi:https://registry.npmjs.org/minimatch set size:undefined disposed:false
3846 http fetch GET 200 https://registry.npmjs.org/svgo 9272ms (cache miss)
3847 silly packumentCache corgi:https://registry.npmjs.org/svgo set size:undefined disposed:false
3848 http fetch GET 200 https://registry.npmjs.org/http-proxy-middleware 9285ms (cache miss)
3849 silly packumentCache corgi:https://registry.npmjs.org/http-proxy-middleware set size:undefined disposed:false
3850 http fetch GET 200 https://registry.npmjs.org/argparse/-/argparse-1.0.10.tgz 10850ms (cache miss)
3851 http fetch GET 200 https://registry.npmjs.org/json5/-/json5-1.0.2.tgz 10558ms (cache miss)
3852 http fetch GET 200 https://registry.npmjs.org/nanoid 9306ms (cache miss)
3853 silly packumentCache corgi:https://registry.npmjs.org/nanoid set size:undefined disposed:false
3854 http fetch GET 200 https://registry.npmjs.org/@babel/helper-create-class-features-plugin/-/helper-create-class-features-plugin-7.21.0.tgz 10706ms (cache miss)
3855 http fetch GET 200 https://registry.npmjs.org/yaml 9347ms (cache miss)
3856 silly packumentCache corgi:https://registry.npmjs.org/yaml set size:undefined disposed:false
3857 http fetch GET 200 https://registry.npmjs.org/eslint-plugin-testing-library/-/eslint-plugin-testing-library-5.10.2.tgz 11021ms (cache miss)
3858 http fetch GET 200 https://registry.npmjs.org/eslint-scope/-/eslint-scope-5.1.1.tgz 10622ms (cache miss)
3859 http fetch GET 200 https://registry.npmjs.org/@babel%2fhelpers 9381ms (cache miss)
3860 silly packumentCache corgi:https://registry.npmjs.org/@babel%2fhelpers set size:undefined disposed:false
3861 http fetch GET 200 https://registry.npmjs.org/language-subtag-registry/-/language-subtag-registry-0.3.22.tgz 11202ms (cache miss)
3862 http fetch GET 200 https://registry.npmjs.org/fs-extra/-/fs-extra-10.0.0.tgz 11063ms (cache miss)
3863 http fetch GET 200 https://registry.npmjs.org/eslint-scope/-/eslint-scope-5.1.1.tgz 10641ms (cache miss)
3864 http fetch GET 200 https://registry.npmjs.org/@babel%2fruntime 9420ms (cache miss)
3865 silly packumentCache corgi:https://registry.npmjs.org/@babel%2fruntime set size:undefined disposed:false
3866 http fetch GET 200 https://registry.npmjs.org/ws 9418ms (cache miss)
3867 silly packumentCache corgi:https://registry.npmjs.org/ws set size:undefined disposed:false
3868 http fetch GET 200 https://registry.npmjs.org/ws/-/ws-8.4.2.tgz 10807ms (cache miss)
3869 http fetch GET 200 https://registry.npmjs.org/@babel%2ftraverse 9518ms (cache miss)
3870 silly packumentCache corgi:https://registry.npmjs.org/@babel%2ftraverse set size:undefined disposed:false
3871 http fetch GET 200 https://registry.npmjs.org/@babel/preset-env/-/preset-env-7.16.11.tgz 10979ms (cache miss)
3872 http fetch GET 200 https://registry.npmjs.org/schema-utils/-/schema-utils-4.0.0.tgz 10843ms (cache miss)
3873 http fetch GET 200 https://registry.npmjs.org/detective/-/detective-5.2.0.tgz 11185ms (cache miss)
3874 http fetch GET 200 https://registry.npmjs.org/jake/-/jake-10.8.5.tgz 11389ms (cache miss)
3875 http fetch GET 200 https://registry.npmjs.org/yaml/-/yaml-1.10.2.tgz 11665ms (cache miss)
3876 http fetch GET 200 https://registry.npmjs.org/css-select/-/css-select-4.2.1.tgz 11221ms (cache miss)
3877 http fetch GET 200 https://registry.npmjs.org/source-map/-/source-map-0.8.0-beta.0.tgz 10945ms (cache miss)
3878 http fetch GET 200 https://registry.npmjs.org/postcss 9611ms (cache miss)
3879 silly packumentCache corgi:https://registry.npmjs.org/postcss set size:undefined disposed:false
3880 http fetch GET 200 https://registry.npmjs.org/schema-utils/-/schema-utils-2.7.0.tgz 10910ms (cache miss)
3881 http fetch GET 200 https://registry.npmjs.org/schema-utils/-/schema-utils-2.7.1.tgz 10924ms (cache miss)
3882 http fetch GET 200 https://registry.npmjs.org/babel-plugin-polyfill-corejs3/-/babel-plugin-polyfill-corejs3-0.6.0.tgz 10913ms (cache miss)
3883 http fetch GET 200 https://registry.npmjs.org/webpack-dev-server 9685ms (cache miss)
3884 silly packumentCache corgi:https://registry.npmjs.org/webpack-dev-server set size:undefined disposed:false
3885 http fetch GET 200 https://registry.npmjs.org/source-map/-/source-map-0.7.3.tgz 11043ms (cache miss)
3886 http fetch GET 200 https://registry.npmjs.org/ajv 9729ms (cache miss)
3887 silly packumentCache corgi:https://registry.npmjs.org/ajv set size:undefined disposed:false
3888 http fetch GET 200 https://registry.npmjs.org/@babel/helper-define-polyfill-provider/-/helper-define-polyfill-provider-0.3.3.tgz 11145ms (cache miss)
3889 http fetch GET 200 https://registry.npmjs.org/enhanced-resolve/-/enhanced-resolve-5.17.1.tgz 11427ms (cache miss)
3890 http fetch GET 200 https://registry.npmjs.org/readable-stream/-/readable-stream-2.3.7.tgz 11086ms (cache miss)
3891 http fetch GET 200 https://registry.npmjs.org/bfj/-/bfj-7.0.2.tgz 11415ms (cache miss)
3892 http fetch GET 200 https://registry.npmjs.org/@apideck/better-ajv-errors/-/better-ajv-errors-0.3.2.tgz 11184ms (cache miss)
3893 http fetch GET 200 https://registry.npmjs.org/@babel/template/-/template-7.20.7.tgz 11086ms (cache miss)
3894 http fetch GET 200 https://registry.npmjs.org/@jest/reporters/-/reporters-27.4.6.tgz 11336ms (cache miss)
3895 http fetch GET 200 https://registry.npmjs.org/@mui/styled-engine/-/styled-engine-5.3.0.tgz 11347ms (cache miss)
3896 http fetch GET 200 https://registry.npmjs.org/@webassemblyjs/ast/-/ast-1.12.1.tgz 11424ms (cache miss)
3897 http fetch GET 200 https://registry.npmjs.org/cssom/-/cssom-0.3.8.tgz 11167ms (cache miss)
3898 http fetch GET 200 https://registry.npmjs.org/yargs/-/yargs-16.2.0.tgz 11965ms (cache miss)
3899 http fetch GET 200 https://registry.npmjs.org/type-fest/-/type-fest-0.16.0.tgz 11261ms (cache miss)
3900 http fetch GET 200 https://registry.npmjs.org/source-map/-/source-map-0.7.3.tgz 11199ms (cache miss)
3901 http fetch GET 200 https://registry.npmjs.org/@emotion/babel-plugin/-/babel-plugin-11.7.2.tgz 11431ms (cache miss)
3902 http fetch GET 200 https://registry.npmjs.org/jest-worker/-/jest-worker-26.6.2.tgz 11288ms (cache miss)
3903 http fetch GET 200 https://registry.npmjs.org/@emotion/styled/-/styled-11.6.0.tgz 11444ms (cache miss)
3904 http fetch GET 200 https://registry.npmjs.org/mdn-data/-/mdn-data-2.0.14.tgz 11417ms (cache miss)
3905 http fetch GET 200 https://registry.npmjs.org/js-yaml/-/js-yaml-3.14.1.tgz 11938ms (cache miss)
3906 http fetch GET 200 https://registry.npmjs.org/jest-jasmine2/-/jest-jasmine2-27.4.6.tgz 11927ms (cache miss)
3907 http fetch GET 200 https://registry.npmjs.org/source-map/-/source-map-0.6.1.tgz 11521ms (cache miss)
3908 http fetch GET 200 https://registry.npmjs.org/mdn-data/-/mdn-data-2.0.14.tgz 11458ms (cache miss)
3909 http fetch GET 200 https://registry.npmjs.org/jest-config/-/jest-config-27.4.7.tgz 11602ms (cache miss)
3910 http fetch GET 200 https://registry.npmjs.org/source-map/-/source-map-0.6.1.tgz 11568ms (cache miss)
3911 http fetch GET 200 https://registry.npmjs.org/source-map/-/source-map-0.6.1.tgz 11543ms (cache miss)
3912 http fetch GET 200 https://registry.npmjs.org/source-map/-/source-map-0.6.1.tgz 11547ms (cache miss)
3913 http fetch GET 200 https://registry.npmjs.org/source-map/-/source-map-0.6.1.tgz 11565ms (cache miss)
3914 http fetch GET 200 https://registry.npmjs.org/svgo/-/svgo-1.3.2.tgz 12295ms (cache miss)
3915 warn deprecated svgo@1.3.2: This SVGO version is no longer supported. Upgrade to v2.x.x.
3916 http fetch GET 200 https://registry.npmjs.org/istanbul-reports/-/istanbul-reports-3.1.3.tgz 12096ms (cache miss)
3917 http fetch GET 200 https://registry.npmjs.org/source-map/-/source-map-0.6.1.tgz 11600ms (cache miss)
3918 http fetch GET 200 https://registry.npmjs.org/source-map/-/source-map-0.6.1.tgz 11584ms (cache miss)
3919 http fetch GET 200 https://registry.npmjs.org/uuid/-/uuid-8.3.2.tgz 12346ms (cache miss)
3920 http fetch GET 200 https://registry.npmjs.org/@mui/private-theming/-/private-theming-5.3.0.tgz 11810ms (cache miss)
3921 http fetch GET 200 https://registry.npmjs.org/source-map/-/source-map-0.6.1.tgz 11614ms (cache miss)
3922 http fetch GET 200 https://registry.npmjs.org/source-map/-/source-map-0.6.1.tgz 11612ms (cache miss)
3923 http fetch GET 200 https://registry.npmjs.org/source-map/-/source-map-0.6.1.tgz 11610ms (cache miss)
3924 http fetch GET 200 https://registry.npmjs.org/source-map/-/source-map-0.6.1.tgz 11613ms (cache miss)
3925 http fetch GET 200 https://registry.npmjs.org/acorn/-/acorn-7.4.1.tgz 11613ms (cache miss)
3926 http fetch GET 200 https://registry.npmjs.org/acorn/-/acorn-7.4.1.tgz 11613ms (cache miss)
3927 http fetch GET 200 https://registry.npmjs.org/react-dom/-/react-dom-17.0.2.tgz 12321ms (cache miss)
3928 http fetch GET 200 https://registry.npmjs.org/postcss/-/postcss-7.0.39.tgz 11697ms (cache miss)
3929 http fetch GET 200 https://registry.npmjs.org/@sinonjs/commons/-/commons-1.8.3.tgz 11890ms (cache miss)
3930 http fetch GET 200 https://registry.npmjs.org/source-map/-/source-map-0.6.1.tgz 11646ms (cache miss)
3931 http fetch GET 200 https://registry.npmjs.org/source-map/-/source-map-0.6.1.tgz 11647ms (cache miss)
3932 http fetch GET 200 https://registry.npmjs.org/source-map/-/source-map-0.6.1.tgz 11648ms (cache miss)
3933 http fetch GET 200 https://registry.npmjs.org/@eslint/eslintrc/-/eslintrc-1.0.5.tgz 11872ms (cache miss)
3934 http fetch GET 200 https://registry.npmjs.org/axe-core/-/axe-core-4.6.3.tgz 11975ms (cache miss)
3935 http fetch GET 200 https://registry.npmjs.org/@babel/parser/-/parser-7.21.3.tgz 11830ms (cache miss)
3936 http fetch GET 200 https://registry.npmjs.org/idb/-/idb-6.1.5.tgz 12150ms (cache miss)
3937 http fetch GET 200 https://registry.npmjs.org/type-fest/-/type-fest-0.20.2.tgz 11713ms (cache miss)
3938 http fetch GET 200 https://registry.npmjs.org/uri-js/-/uri-js-4.4.1.tgz 12492ms (cache miss)
3939 http fetch GET 200 https://registry.npmjs.org/@types/node/-/node-17.0.10.tgz 11984ms (cache miss)
3940 http fetch GET 200 https://registry.npmjs.org/terser/-/terser-5.31.6.tgz 12477ms (cache miss)
3941 http fetch GET 200 https://registry.npmjs.org/iconv-lite/-/iconv-lite-0.6.3.tgz 11798ms (cache miss)
3942 http fetch GET 200 https://registry.npmjs.org/fs-extra/-/fs-extra-9.1.0.tgz 11823ms (cache miss)
3943 http fetch GET 200 https://registry.npmjs.org/type-fest/-/type-fest-0.20.2.tgz 11731ms (cache miss)
3944 http fetch GET 200 https://registry.npmjs.org/cosmiconfig/-/cosmiconfig-6.0.0.tgz 11779ms (cache miss)
3945 http fetch GET 200 https://registry.npmjs.org/workbox-precaching/-/workbox-precaching-6.4.2.tgz 12553ms (cache miss)
3946 http fetch GET 200 https://registry.npmjs.org/fs-extra/-/fs-extra-9.1.0.tgz 11835ms (cache miss)
3947 http fetch GET 200 https://registry.npmjs.org/tsconfig-paths/-/tsconfig-paths-3.14.2.tgz 12568ms (cache miss)
3948 http fetch GET 200 https://registry.npmjs.org/cosmiconfig/-/cosmiconfig-6.0.0.tgz 11803ms (cache miss)
3949 http fetch GET 200 https://registry.npmjs.org/semver/-/semver-7.3.8.tgz 11830ms (cache miss)
3950 http fetch GET 200 https://registry.npmjs.org/semver/-/semver-7.3.8.tgz 11830ms (cache miss)
3951 http fetch GET 200 https://registry.npmjs.org/semver/-/semver-7.3.8.tgz 11839ms (cache miss)
3952 http fetch GET 200 https://registry.npmjs.org/async/-/async-2.6.4.tgz 12196ms (cache miss)
3953 http fetch GET 200 https://registry.npmjs.org/js-yaml/-/js-yaml-4.1.0.tgz 11906ms (cache miss)
3954 http fetch GET 200 https://registry.npmjs.org/@babel/eslint-parser/-/eslint-parser-7.21.3.tgz 12020ms (cache miss)
3955 http fetch GET 200 https://registry.npmjs.org/js-yaml/-/js-yaml-4.1.0.tgz 11893ms (cache miss)
3956 http fetch GET 200 https://registry.npmjs.org/webpack 10654ms (cache miss)
3957 silly packumentCache corgi:https://registry.npmjs.org/webpack set size:undefined disposed:false
3958 http fetch GET 200 https://registry.npmjs.org/bluebird/-/bluebird-3.7.2.tgz 12341ms (cache miss)
3959 http fetch GET 200 https://registry.npmjs.org/csso/-/csso-4.2.0.tgz 12397ms (cache miss)
3960 http fetch GET 200 https://registry.npmjs.org/fast-glob/-/fast-glob-3.2.11.tgz 12455ms (cache miss)
3961 http fetch GET 200 https://registry.npmjs.org/node-forge/-/node-forge-1.3.0.tgz 12663ms (cache miss)
3962 http fetch GET 200 https://registry.npmjs.org/tsutils/-/tsutils-3.21.0.tgz 12834ms (cache miss)
3963 http fetch GET 200 https://registry.npmjs.org/prompts/-/prompts-2.4.2.tgz 12753ms (cache miss)
3964 http fetch GET 200 https://registry.npmjs.org/@pmmmwh/react-refresh-webpack-plugin/-/react-refresh-webpack-plugin-0.5.4.tgz 12337ms (cache miss)
3965 http fetch GET 200 https://registry.npmjs.org/rollup 10859ms (cache miss)
3966 silly packumentCache corgi:https://registry.npmjs.org/rollup set size:undefined disposed:false
3967 http fetch GET 200 https://registry.npmjs.org/jss/-/jss-10.9.0.tgz 12742ms (cache miss)
3968 http fetch GET 200 https://registry.npmjs.org/@typescript-eslint/type-utils/-/type-utils-5.55.0.tgz 12464ms (cache miss)
3969 http fetch GET 200 https://registry.npmjs.org/@babel/generator/-/generator-7.21.3.tgz 12365ms (cache miss)
3970 silly packumentCache corgi:https://registry.npmjs.org/@typescript-eslint%2feslint-plugin cache-miss
3971 silly packumentCache corgi:https://registry.npmjs.org/@typescript-eslint%2ftypescript-estree cache-miss
3972 silly packumentCache corgi:https://registry.npmjs.org/@typescript-eslint%2futils cache-miss
3973 silly packumentCache corgi:https://registry.npmjs.org/css-loader cache-miss
3974 silly packumentCache corgi:https://registry.npmjs.org/fork-ts-checker-webpack-plugin cache-miss
3975 silly packumentCache corgi:https://registry.npmjs.org/jest-snapshot cache-miss
3976 silly packumentCache corgi:https://registry.npmjs.org/postcss-loader cache-miss
3977 silly packumentCache corgi:https://registry.npmjs.org/react-scripts cache-miss
3978 http fetch GET 200 https://registry.npmjs.org/workbox-core/-/workbox-core-6.4.2.tgz 13216ms (cache miss)
3979 http fetch GET 200 https://registry.npmjs.org/postcss-loader 242ms (cache miss)
3980 silly packumentCache corgi:https://registry.npmjs.org/postcss-loader set size:undefined disposed:false
3981 http fetch GET 200 https://registry.npmjs.org/immer/-/immer-9.0.19.tgz 13004ms (cache miss)
3982 http fetch GET 200 https://registry.npmjs.org/@bcoe/v8-coverage/-/v8-coverage-0.2.3.tgz 12730ms (cache miss)
3983 http fetch GET 200 https://registry.npmjs.org/css-loader 291ms (cache miss)
3984 silly packumentCache corgi:https://registry.npmjs.org/css-loader set size:undefined disposed:false
3985 http fetch GET 200 https://registry.npmjs.org/react-scripts 342ms (cache miss)
3986 silly packumentCache corgi:https://registry.npmjs.org/react-scripts set size:undefined disposed:false
3987 http fetch GET 200 https://registry.npmjs.org/rollup/-/rollup-2.66.0.tgz 13313ms (cache miss)
3988 http fetch GET 200 https://registry.npmjs.org/@emotion/react/-/react-11.7.1.tgz 12845ms (cache miss)
3989 http fetch GET 200 https://registry.npmjs.org/jest-snapshot 411ms (cache miss)
3990 silly packumentCache corgi:https://registry.npmjs.org/jest-snapshot set size:undefined disposed:false
3991 http fetch GET 200 https://registry.npmjs.org/renderkid/-/renderkid-3.0.0.tgz 13378ms (cache miss)
3992 http fetch GET 200 https://registry.npmjs.org/async/-/async-3.2.4.tgz 12726ms (cache miss)
3993 http fetch GET 200 https://registry.npmjs.org/fork-ts-checker-webpack-plugin 457ms (cache miss)
3994 silly packumentCache corgi:https://registry.npmjs.org/fork-ts-checker-webpack-plugin set size:undefined disposed:false
3995 http fetch GET 200 https://registry.npmjs.org/@jest/core/-/core-27.4.7.tgz 13053ms (cache miss)
3996 http fetch GET 200 https://registry.npmjs.org/autoprefixer/-/autoprefixer-10.4.2.tgz 13147ms (cache miss)
3997 http fetch GET 200 https://registry.npmjs.org/serve-index/-/serve-index-1.9.1.tgz 13618ms (cache miss)
3998 http fetch GET 200 https://registry.npmjs.org/@babel/traverse/-/traverse-7.21.3.tgz 13149ms (cache miss)
3999 http fetch GET 200 https://registry.npmjs.org/svgo/-/svgo-2.8.0.tgz 13033ms (cache miss)
4000 http fetch GET 200 https://registry.npmjs.org/@babel/core/-/core-7.16.12.tgz 13129ms (cache miss)
4001 http fetch GET 200 https://registry.npmjs.org/eslint-plugin-flowtype/-/eslint-plugin-flowtype-8.0.3.tgz 13421ms (cache miss)
4002 http fetch GET 200 https://registry.npmjs.org/resolve/-/resolve-1.22.0.tgz 13727ms (cache miss)
4003 http fetch GET 200 https://registry.npmjs.org/@mui/utils/-/utils-5.3.0.tgz 13281ms (cache miss)
4004 http fetch GET 200 https://registry.npmjs.org/cssstyle/-/cssstyle-2.3.0.tgz 13444ms (cache miss)
4005 http fetch GET 200 https://registry.npmjs.org/jsx-ast-utils/-/jsx-ast-utils-3.3.3.tgz 13834ms (cache miss)
4006 http fetch GET 200 https://registry.npmjs.org/eslint-plugin-jest/-/eslint-plugin-jest-25.7.0.tgz 13688ms (cache miss)
4007 http fetch GET 200 https://registry.npmjs.org/common-tags/-/common-tags-1.8.2.tgz 13636ms (cache miss)
4008 http fetch GET 200 https://registry.npmjs.org/ajv/-/ajv-6.12.6.tgz 13596ms (cache miss)
4009 http fetch GET 200 https://registry.npmjs.org/@surma/rollup-plugin-off-main-thread/-/rollup-plugin-off-main-thread-2.2.3.tgz 13604ms (cache miss)
4010 http fetch GET 200 https://registry.npmjs.org/workbox-build/-/workbox-build-6.4.2.tgz 14185ms (cache miss)
4011 http fetch GET 200 https://registry.npmjs.org/resolve/-/resolve-1.22.1.tgz 13635ms (cache miss)
4012 http fetch GET 200 https://registry.npmjs.org/resolve/-/resolve-1.22.1.tgz 13642ms (cache miss)
4013 http fetch GET 200 https://registry.npmjs.org/eslint-plugin-import/-/eslint-plugin-import-2.27.5.tgz 14058ms (cache miss)
4014 http fetch GET 200 https://registry.npmjs.org/resolve/-/resolve-2.0.0-next.4.tgz 13769ms (cache miss)
4015 http fetch GET 200 https://registry.npmjs.org/@typescript-eslint%2futils 1505ms (cache miss)
4016 silly packumentCache corgi:https://registry.npmjs.org/@typescript-eslint%2futils set size:undefined disposed:false
4017 http fetch GET 200 https://registry.npmjs.org/eslint-plugin-react/-/eslint-plugin-react-7.32.2.tgz 14747ms (cache miss)
4018 http fetch GET 200 https://registry.npmjs.org/dom-helpers/-/dom-helpers-5.2.1.tgz 14880ms (cache miss)
4019 http fetch GET 200 https://registry.npmjs.org/@mui/styles/-/styles-5.3.0.tgz 14761ms (cache miss)
4020 http fetch GET 200 https://registry.npmjs.org/css-tree/-/css-tree-1.0.0-alpha.37.tgz 14920ms (cache miss)
4021 http fetch GET 200 https://registry.npmjs.org/@typescript-eslint/typescript-estree/-/typescript-estree-5.55.0.tgz 14881ms (cache miss)
4022 http fetch GET 200 https://registry.npmjs.org/clean-css/-/clean-css-5.2.2.tgz 14997ms (cache miss)
4023 http fetch GET 200 https://registry.npmjs.org/ajv-keywords/-/ajv-keywords-5.1.0.tgz 14760ms (cache miss)
4024 http fetch GET 200 https://registry.npmjs.org/@mui/system/-/system-5.3.0.tgz 14917ms (cache miss)
4025 http fetch GET 200 https://registry.npmjs.org/ajv-keywords/-/ajv-keywords-5.1.0.tgz 14760ms (cache miss)
4026 http fetch GET 200 https://registry.npmjs.org/ajv-keywords/-/ajv-keywords-5.1.0.tgz 14739ms (cache miss)
4027 http fetch GET 200 https://registry.npmjs.org/ajv-keywords/-/ajv-keywords-5.1.0.tgz 14727ms (cache miss)
4028 http fetch GET 200 https://registry.npmjs.org/@babel/runtime/-/runtime-7.21.0.tgz 14949ms (cache miss)
4029 http fetch GET 200 https://registry.npmjs.org/css-tree/-/css-tree-1.1.3.tgz 14804ms (cache miss)
4030 http fetch GET 200 https://registry.npmjs.org/css-tree/-/css-tree-1.1.3.tgz 14779ms (cache miss)
4031 http fetch GET 200 https://registry.npmjs.org/axobject-query/-/axobject-query-3.1.1.tgz 15090ms (cache miss)
4032 http fetch GET 200 https://registry.npmjs.org/@typescript-eslint%2ftypescript-estree 2550ms (cache miss)
4033 silly packumentCache corgi:https://registry.npmjs.org/@typescript-eslint%2ftypescript-estree set size:undefined disposed:false
4034 http fetch GET 200 https://registry.npmjs.org/tailwindcss/-/tailwindcss-3.0.16.tgz 15806ms (cache miss)
4035 http fetch GET 200 https://registry.npmjs.org/@typescript-eslint%2feslint-plugin 2889ms (cache miss)
4036 silly packumentCache corgi:https://registry.npmjs.org/@typescript-eslint%2feslint-plugin set size:undefined disposed:false
4037 silly packumentCache corgi:https://registry.npmjs.org/@babel%2fcore cache-miss
4038 silly packumentCache corgi:https://registry.npmjs.org/@babel%2feslint-parser cache-miss
4039 silly packumentCache corgi:https://registry.npmjs.org/@babel%2fhelper-compilation-targets cache-miss
4040 silly packumentCache corgi:https://registry.npmjs.org/@babel%2fhelper-define-polyfill-provider cache-miss
4041 silly packumentCache corgi:https://registry.npmjs.org/@babel%2fplugin-transform-runtime cache-miss
4042 silly packumentCache corgi:https://registry.npmjs.org/@babel%2fpreset-env cache-miss
4043 silly packumentCache corgi:https://registry.npmjs.org/babel-plugin-polyfill-corejs2 cache-miss
4044 silly packumentCache corgi:https://registry.npmjs.org/eslint-plugin-import cache-miss
4045 silly packumentCache corgi:https://registry.npmjs.org/eslint-plugin-jsx-a11y cache-miss
4046 silly packumentCache corgi:https://registry.npmjs.org/eslint-plugin-react cache-miss
4047 silly packumentCache corgi:https://registry.npmjs.org/istanbul-lib-instrument cache-miss
4048 silly packumentCache corgi:https://registry.npmjs.org/make-dir cache-miss
4049 http fetch GET 200 https://registry.npmjs.org/make-dir 95ms (cache miss)
4050 silly packumentCache corgi:https://registry.npmjs.org/make-dir set size:undefined disposed:false
4051 http fetch GET 200 https://registry.npmjs.org/babel-plugin-polyfill-corejs2 109ms (cache miss)
4052 silly packumentCache corgi:https://registry.npmjs.org/babel-plugin-polyfill-corejs2 set size:undefined disposed:false
4053 http fetch GET 200 https://registry.npmjs.org/@babel%2fhelper-define-polyfill-provider 112ms (cache miss)
4054 silly packumentCache corgi:https://registry.npmjs.org/@babel%2fhelper-define-polyfill-provider set size:undefined disposed:false
4055 http fetch GET 200 https://registry.npmjs.org/istanbul-lib-instrument 117ms (cache miss)
4056 silly packumentCache corgi:https://registry.npmjs.org/istanbul-lib-instrument set size:undefined disposed:false
4057 http fetch GET 200 https://registry.npmjs.org/eslint-plugin-jsx-a11y 127ms (cache miss)
4058 silly packumentCache corgi:https://registry.npmjs.org/eslint-plugin-jsx-a11y set size:undefined disposed:false
4059 http fetch GET 200 https://registry.npmjs.org/@babel%2fhelper-compilation-targets 134ms (cache miss)
4060 silly packumentCache corgi:https://registry.npmjs.org/@babel%2fhelper-compilation-targets set size:undefined disposed:false
4061 http fetch GET 200 https://registry.npmjs.org/eslint-plugin-import 161ms (cache miss)
4062 silly packumentCache corgi:https://registry.npmjs.org/eslint-plugin-import set size:undefined disposed:false
4063 http fetch GET 200 https://registry.npmjs.org/@babel%2fplugin-transform-runtime 174ms (cache miss)
4064 silly packumentCache corgi:https://registry.npmjs.org/@babel%2fplugin-transform-runtime set size:undefined disposed:false
4065 http fetch GET 200 https://registry.npmjs.org/eslint-plugin-react 184ms (cache miss)
4066 silly packumentCache corgi:https://registry.npmjs.org/eslint-plugin-react set size:undefined disposed:false
4067 http fetch GET 200 https://registry.npmjs.org/@babel%2fcore 237ms (cache miss)
4068 silly packumentCache corgi:https://registry.npmjs.org/@babel%2fcore set size:undefined disposed:false
4069 http fetch GET 200 https://registry.npmjs.org/@babel%2feslint-parser 286ms (cache miss)
4070 silly packumentCache corgi:https://registry.npmjs.org/@babel%2feslint-parser set size:undefined disposed:false
4071 http fetch GET 200 https://registry.npmjs.org/@babel/types/-/types-7.21.3.tgz 15914ms (cache miss)
4072 http fetch GET 200 https://registry.npmjs.org/@babel%2fpreset-env 311ms (cache miss)
4073 silly packumentCache corgi:https://registry.npmjs.org/@babel%2fpreset-env set size:undefined disposed:false
4074 silly packumentCache corgi:https://registry.npmjs.org/@emotion%2fbabel-plugin cache-miss
4075 silly packumentCache corgi:https://registry.npmjs.org/babel-plugin-macros cache-miss
4076 silly packumentCache corgi:https://registry.npmjs.org/@emotion%2freact cache-miss
4077 silly packumentCache corgi:https://registry.npmjs.org/@emotion%2fstyled cache-miss
4078 silly packumentCache corgi:https://registry.npmjs.org/@mui%2fbase cache-miss
4079 silly packumentCache corgi:https://registry.npmjs.org/@mui%2fmaterial cache-miss
4080 silly packumentCache corgi:https://registry.npmjs.org/@mui%2fprivate-theming cache-miss
4081 silly packumentCache corgi:https://registry.npmjs.org/@mui%2fstyled-engine cache-miss
4082 silly packumentCache corgi:https://registry.npmjs.org/@mui%2fstyles cache-miss
4083 silly packumentCache corgi:https://registry.npmjs.org/@mui%2fsystem cache-miss
4084 silly packumentCache corgi:https://registry.npmjs.org/@mui%2futils cache-miss
4085 silly packumentCache corgi:https://registry.npmjs.org/babel-preset-react-app cache-miss
4086 silly packumentCache corgi:https://registry.npmjs.org/css-vendor cache-miss
4087 silly packumentCache corgi:https://registry.npmjs.org/dom-helpers cache-miss
4088 silly packumentCache corgi:https://registry.npmjs.org/history cache-miss
4089 silly packumentCache corgi:https://registry.npmjs.org/jss cache-miss
4090 silly packumentCache corgi:https://registry.npmjs.org/jss-plugin-camel-case cache-miss
4091 silly packumentCache corgi:https://registry.npmjs.org/jss-plugin-default-unit cache-miss
4092 silly packumentCache corgi:https://registry.npmjs.org/jss-plugin-global cache-miss
4093 silly packumentCache corgi:https://registry.npmjs.org/jss-plugin-nested cache-miss
4094 silly packumentCache corgi:https://registry.npmjs.org/jss-plugin-props-sort cache-miss
4095 silly packumentCache corgi:https://registry.npmjs.org/jss-plugin-rule-value-function cache-miss
4096 silly packumentCache corgi:https://registry.npmjs.org/jss-plugin-vendor-prefixer cache-miss
4097 silly packumentCache corgi:https://registry.npmjs.org/mini-create-react-context cache-miss
4098 silly packumentCache corgi:https://registry.npmjs.org/react-router cache-miss
4099 silly packumentCache corgi:https://registry.npmjs.org/react-router-dom cache-miss
4100 silly packumentCache corgi:https://registry.npmjs.org/react-transition-group cache-miss
4101 silly packumentCache corgi:https://registry.npmjs.org/regenerator-transform cache-miss
4102 silly packumentCache corgi:https://registry.npmjs.org/workbox-build cache-miss
4103 http fetch GET 200 https://registry.npmjs.org/babel-plugin-macros 154ms (cache miss)
4104 silly packumentCache corgi:https://registry.npmjs.org/babel-plugin-macros set size:undefined disposed:false
4105 http fetch GET 200 https://registry.npmjs.org/dom-helpers 161ms (cache miss)
4106 silly packumentCache corgi:https://registry.npmjs.org/dom-helpers set size:undefined disposed:false
4107 http fetch GET 200 https://registry.npmjs.org/css-vendor 174ms (cache miss)
4108 silly packumentCache corgi:https://registry.npmjs.org/css-vendor set size:undefined disposed:false
4109 http fetch GET 200 https://registry.npmjs.org/mini-create-react-context 189ms (cache miss)
4110 silly packumentCache corgi:https://registry.npmjs.org/mini-create-react-context set size:undefined disposed:false
4111 http fetch GET 200 https://registry.npmjs.org/babel-preset-react-app 204ms (cache miss)
4112 silly packumentCache corgi:https://registry.npmjs.org/babel-preset-react-app set size:undefined disposed:false
4113 http fetch GET 200 https://registry.npmjs.org/regenerator-transform 210ms (cache miss)
4114 silly packumentCache corgi:https://registry.npmjs.org/regenerator-transform set size:undefined disposed:false
4115 http fetch GET 200 https://registry.npmjs.org/history 219ms (cache miss)
4116 silly packumentCache corgi:https://registry.npmjs.org/history set size:undefined disposed:false
4117 http fetch GET 200 https://registry.npmjs.org/jss-plugin-default-unit 222ms (cache miss)
4118 silly packumentCache corgi:https://registry.npmjs.org/jss-plugin-default-unit set size:undefined disposed:false
4119 http fetch GET 200 https://registry.npmjs.org/jss-plugin-camel-case 226ms (cache miss)
4120 silly packumentCache corgi:https://registry.npmjs.org/jss-plugin-camel-case set size:undefined disposed:false
4121 http fetch GET 200 https://registry.npmjs.org/jss-plugin-props-sort 227ms (cache miss)
4122 silly packumentCache corgi:https://registry.npmjs.org/jss-plugin-props-sort set size:undefined disposed:false
4123 http fetch GET 200 https://registry.npmjs.org/jss-plugin-global 247ms (cache miss)
4124 silly packumentCache corgi:https://registry.npmjs.org/jss-plugin-global set size:undefined disposed:false
4125 http fetch GET 200 https://registry.npmjs.org/react-transition-group 247ms (cache miss)
4126 silly packumentCache corgi:https://registry.npmjs.org/react-transition-group set size:undefined disposed:false
4127 http fetch GET 200 https://registry.npmjs.org/jss-plugin-nested 257ms (cache miss)
4128 silly packumentCache corgi:https://registry.npmjs.org/jss-plugin-nested set size:undefined disposed:false
4129 http fetch GET 200 https://registry.npmjs.org/jss-plugin-rule-value-function 259ms (cache miss)
4130 silly packumentCache corgi:https://registry.npmjs.org/jss-plugin-rule-value-function set size:undefined disposed:false
4131 http fetch GET 200 https://registry.npmjs.org/jss-plugin-vendor-prefixer 266ms (cache miss)
4132 silly packumentCache corgi:https://registry.npmjs.org/jss-plugin-vendor-prefixer set size:undefined disposed:false
4133 http fetch GET 200 https://registry.npmjs.org/@emotion%2fstyled 279ms (cache miss)
4134 silly packumentCache corgi:https://registry.npmjs.org/@emotion%2fstyled set size:undefined disposed:false
4135 http fetch GET 200 https://registry.npmjs.org/@mui%2fprivate-theming 281ms (cache miss)
4136 silly packumentCache corgi:https://registry.npmjs.org/@mui%2fprivate-theming set size:undefined disposed:false
4137 http fetch GET 200 https://registry.npmjs.org/@mui%2fstyled-engine 311ms (cache miss)
4138 silly packumentCache corgi:https://registry.npmjs.org/@mui%2fstyled-engine set size:undefined disposed:false
4139 http fetch GET 200 https://registry.npmjs.org/workbox-build 332ms (cache miss)
4140 silly packumentCache corgi:https://registry.npmjs.org/workbox-build set size:undefined disposed:false
4141 http fetch GET 200 https://registry.npmjs.org/jss 346ms (cache miss)
4142 silly packumentCache corgi:https://registry.npmjs.org/jss set size:undefined disposed:false
4143 http fetch GET 200 https://registry.npmjs.org/@mui%2fstyles 363ms (cache miss)
4144 silly packumentCache corgi:https://registry.npmjs.org/@mui%2fstyles set size:undefined disposed:false
4145 http fetch GET 200 https://registry.npmjs.org/@mui%2fmaterial 392ms (cache miss)
4146 silly packumentCache corgi:https://registry.npmjs.org/@mui%2fmaterial set size:undefined disposed:false
4147 http fetch GET 200 https://registry.npmjs.org/@emotion%2freact 404ms (cache miss)
4148 silly packumentCache corgi:https://registry.npmjs.org/@emotion%2freact set size:undefined disposed:false
4149 http fetch GET 200 https://registry.npmjs.org/@mui%2futils 434ms (cache miss)
4150 silly packumentCache corgi:https://registry.npmjs.org/@mui%2futils set size:undefined disposed:false
4151 http fetch GET 200 https://registry.npmjs.org/@mui%2fbase 449ms (cache miss)
4152 silly packumentCache corgi:https://registry.npmjs.org/@mui%2fbase set size:undefined disposed:false
4153 http fetch GET 200 https://registry.npmjs.org/@mui%2fsystem 465ms (cache miss)
4154 silly packumentCache corgi:https://registry.npmjs.org/@mui%2fsystem set size:undefined disposed:false
4155 http fetch GET 200 https://registry.npmjs.org/regenerate-unicode-properties/-/regenerate-unicode-properties-9.0.0.tgz 17105ms (cache miss)
4156 http fetch GET 200 https://registry.npmjs.org/@emotion%2fbabel-plugin 761ms (cache miss)
4157 silly packumentCache corgi:https://registry.npmjs.org/@emotion%2fbabel-plugin set size:undefined disposed:false
4158 http fetch GET 200 https://registry.npmjs.org/react-router-dom 765ms (cache miss)
4159 silly packumentCache corgi:https://registry.npmjs.org/react-router-dom set size:undefined disposed:false
4160 http fetch GET 200 https://registry.npmjs.org/react-router 823ms (cache miss)
4161 silly packumentCache corgi:https://registry.npmjs.org/react-router set size:undefined disposed:false
4162 http fetch GET 200 https://registry.npmjs.org/@typescript-eslint/utils/-/utils-5.55.0.tgz 17092ms (cache miss)
4163 http fetch GET 200 https://registry.npmjs.org/fork-ts-checker-webpack-plugin/-/fork-ts-checker-webpack-plugin-6.5.3.tgz 17242ms (cache miss)
4164 silly packumentCache corgi:https://registry.npmjs.org/@babel%2fhelper-module-transforms cache-miss
4165 silly packumentCache corgi:https://registry.npmjs.org/@babel%2fhelper-replace-supers cache-miss
4166 silly packumentCache corgi:https://registry.npmjs.org/@babel%2fhelper-wrap-function cache-miss
4167 http fetch GET 200 https://registry.npmjs.org/@babel%2fhelper-replace-supers 157ms (cache miss)
4168 silly packumentCache corgi:https://registry.npmjs.org/@babel%2fhelper-replace-supers set size:undefined disposed:false
4169 http fetch GET 200 https://registry.npmjs.org/aria-query/-/aria-query-5.1.3.tgz 17303ms (cache miss)
4170 http fetch GET 200 https://registry.npmjs.org/@babel%2fhelper-module-transforms 171ms (cache miss)
4171 silly packumentCache corgi:https://registry.npmjs.org/@babel%2fhelper-module-transforms set size:undefined disposed:false
4172 http fetch GET 200 https://registry.npmjs.org/eslint-plugin-jsx-a11y/-/eslint-plugin-jsx-a11y-6.7.1.tgz 17417ms (cache miss)
4173 http fetch GET 200 https://registry.npmjs.org/@babel%2fhelper-wrap-function 326ms (cache miss)
4174 silly packumentCache corgi:https://registry.npmjs.org/@babel%2fhelper-wrap-function set size:undefined disposed:false
4175 silly packumentCache corgi:https://registry.npmjs.org/@istanbuljs%2fload-nyc-config cache-miss
4176 http fetch GET 200 https://registry.npmjs.org/@istanbuljs%2fload-nyc-config 67ms (cache miss)
4177 silly packumentCache corgi:https://registry.npmjs.org/@istanbuljs%2fload-nyc-config set size:undefined disposed:false
4178 silly packumentCache corgi:https://registry.npmjs.org/@eslint%2feslintrc cache-miss
4179 silly packumentCache corgi:https://registry.npmjs.org/eslint cache-miss
4180 http fetch GET 200 https://registry.npmjs.org/@eslint%2feslintrc 76ms (cache miss)
4181 silly packumentCache corgi:https://registry.npmjs.org/@eslint%2feslintrc set size:undefined disposed:false
4182 http fetch GET 200 https://registry.npmjs.org/@popperjs/core/-/core-2.11.2.tgz 17611ms (cache miss)
4183 http fetch GET 200 https://registry.npmjs.org/eslint 152ms (cache miss)
4184 silly packumentCache corgi:https://registry.npmjs.org/eslint set size:undefined disposed:false
4185 silly packumentCache corgi:https://registry.npmjs.org/http-proxy-agent cache-miss
4186 http fetch GET 200 https://registry.npmjs.org/http-proxy-agent 39ms (cache miss)
4187 silly packumentCache corgi:https://registry.npmjs.org/http-proxy-agent set size:undefined disposed:false
4188 silly packumentCache corgi:https://registry.npmjs.org/ajv-keywords cache-miss
4189 silly packumentCache corgi:https://registry.npmjs.org/schema-utils cache-miss
4190 http fetch GET 200 https://registry.npmjs.org/ajv-keywords 73ms (cache miss)
4191 silly packumentCache corgi:https://registry.npmjs.org/ajv-keywords set size:undefined disposed:false
4192 http fetch GET 200 https://registry.npmjs.org/schema-utils 88ms (cache miss)
4193 silly packumentCache corgi:https://registry.npmjs.org/schema-utils set size:undefined disposed:false
4194 silly packumentCache corgi:https://registry.npmjs.org/ajv-formats cache-miss
4195 silly packumentCache corgi:https://registry.npmjs.org/@apideck%2fbetter-ajv-errors cache-miss
4196 http fetch GET 200 https://registry.npmjs.org/ajv-formats 80ms (cache miss)
4197 silly packumentCache corgi:https://registry.npmjs.org/ajv-formats set size:undefined disposed:false
4198 http fetch GET 200 https://registry.npmjs.org/@apideck%2fbetter-ajv-errors 91ms (cache miss)
4199 silly packumentCache corgi:https://registry.npmjs.org/@apideck%2fbetter-ajv-errors set size:undefined disposed:false
4200 silly packumentCache corgi:https://registry.npmjs.org/express cache-miss
4201 http cache https://registry.npmjs.org/express 24ms (cache hit)
4202 silly packumentCache corgi:https://registry.npmjs.org/express set size:339376 disposed:false
4203 silly packumentCache corgi:https://registry.npmjs.org/env-cmd cache-miss
4204 silly packumentCache corgi:https://registry.npmjs.org/execa cache-miss
4205 silly packumentCache corgi:https://registry.npmjs.org/react-dev-utils cache-miss
4206 http fetch GET 200 https://registry.npmjs.org/env-cmd 50ms (cache miss)
4207 silly packumentCache corgi:https://registry.npmjs.org/env-cmd set size:undefined disposed:false
4208 http fetch GET 200 https://registry.npmjs.org/execa 61ms (cache miss)
4209 silly packumentCache corgi:https://registry.npmjs.org/execa set size:undefined disposed:false
4210 http fetch GET 200 https://registry.npmjs.org/react-dev-utils 71ms (cache miss)
4211 silly packumentCache corgi:https://registry.npmjs.org/react-dev-utils set size:undefined disposed:false
4212 silly packumentCache corgi:https://registry.npmjs.org/@humanwhocodes%2fconfig-array cache-miss
4213 silly packumentCache corgi:https://registry.npmjs.org/glob cache-miss
4214 silly packumentCache corgi:https://registry.npmjs.org/jake cache-miss
4215 silly packumentCache corgi:https://registry.npmjs.org/recursive-readdir cache-miss
4216 silly packumentCache corgi:https://registry.npmjs.org/test-exclude cache-miss
4217 http fetch GET 200 https://registry.npmjs.org/recursive-readdir 74ms (cache miss)
4218 silly packumentCache corgi:https://registry.npmjs.org/recursive-readdir set size:undefined disposed:false
4219 http fetch GET 200 https://registry.npmjs.org/test-exclude 81ms (cache miss)
4220 silly packumentCache corgi:https://registry.npmjs.org/test-exclude set size:undefined disposed:false
4221 http fetch GET 200 https://registry.npmjs.org/@humanwhocodes%2fconfig-array 88ms (cache miss)
4222 silly packumentCache corgi:https://registry.npmjs.org/@humanwhocodes%2fconfig-array set size:undefined disposed:false
4223 http fetch GET 200 https://registry.npmjs.org/jake 92ms (cache miss)
4224 silly packumentCache corgi:https://registry.npmjs.org/jake set size:undefined disposed:false
4225 http fetch GET 200 https://registry.npmjs.org/glob 105ms (cache miss)
4226 silly packumentCache corgi:https://registry.npmjs.org/glob set size:undefined disposed:false
4227 silly packumentCache corgi:https://registry.npmjs.org/filelist cache-miss
4228 http fetch GET 200 https://registry.npmjs.org/filelist 52ms (cache miss)
4229 silly packumentCache corgi:https://registry.npmjs.org/filelist set size:undefined disposed:false
4230 silly packumentCache corgi:https://registry.npmjs.org/flat-cache cache-miss
4231 http fetch GET 200 https://registry.npmjs.org/flat-cache 62ms (cache miss)
4232 silly packumentCache corgi:https://registry.npmjs.org/flat-cache set size:undefined disposed:false
4233 silly packumentCache corgi:https://registry.npmjs.org/http-proxy cache-miss
4234 http fetch GET 200 https://registry.npmjs.org/@mui/base/-/base-5.0.0-alpha.66.tgz 18576ms (cache miss)
4235 http fetch GET 200 https://registry.npmjs.org/http-proxy 65ms (cache miss)
4236 silly packumentCache corgi:https://registry.npmjs.org/http-proxy set size:undefined disposed:false
4237 silly packumentCache corgi:https://registry.npmjs.org/jsdom cache-miss
4238 http fetch GET 200 https://registry.npmjs.org/jsdom 80ms (cache miss)
4239 silly packumentCache corgi:https://registry.npmjs.org/jsdom set size:undefined disposed:false
4240 silly packumentCache corgi:https://registry.npmjs.org/dns-packet cache-miss
4241 http fetch GET 200 https://registry.npmjs.org/dns-packet 43ms (cache miss)
4242 silly packumentCache corgi:https://registry.npmjs.org/dns-packet set size:undefined disposed:false
4243 http fetch GET 200 https://registry.npmjs.org/eslint/-/eslint-8.7.0.tgz 18971ms (cache miss)
4244 silly packumentCache corgi:https://registry.npmjs.org/async cache-miss
4245 silly packumentCache corgi:https://registry.npmjs.org/eslint-plugin-flowtype cache-miss
4246 silly packumentCache corgi:https://registry.npmjs.org/html-webpack-plugin cache-miss
4247 silly packumentCache corgi:https://registry.npmjs.org/pretty-error cache-miss
4248 silly packumentCache corgi:https://registry.npmjs.org/renderkid cache-miss
4249 silly packumentCache corgi:https://registry.npmjs.org/whatwg-url cache-miss
4250 http fetch GET 200 https://registry.npmjs.org/renderkid 69ms (cache miss)
4251 silly packumentCache corgi:https://registry.npmjs.org/renderkid set size:undefined disposed:false
4252 http fetch GET 200 https://registry.npmjs.org/pretty-error 75ms (cache miss)
4253 silly packumentCache corgi:https://registry.npmjs.org/pretty-error set size:undefined disposed:false
4254 http fetch GET 200 https://registry.npmjs.org/whatwg-url 76ms (cache miss)
4255 silly packumentCache corgi:https://registry.npmjs.org/whatwg-url set size:undefined disposed:false
4256 http fetch GET 200 https://registry.npmjs.org/async 84ms (cache miss)
4257 silly packumentCache corgi:https://registry.npmjs.org/async set size:undefined disposed:false
4258 http fetch GET 200 https://registry.npmjs.org/html-webpack-plugin 101ms (cache miss)
4259 silly packumentCache corgi:https://registry.npmjs.org/html-webpack-plugin set size:undefined disposed:false
4260 http fetch GET 200 https://registry.npmjs.org/eslint-plugin-flowtype 141ms (cache miss)
4261 silly packumentCache corgi:https://registry.npmjs.org/eslint-plugin-flowtype set size:undefined disposed:false
4262 silly packumentCache corgi:https://registry.npmjs.org/selfsigned cache-miss
4263 http fetch GET 200 https://registry.npmjs.org/selfsigned 40ms (cache miss)
4264 silly packumentCache corgi:https://registry.npmjs.org/selfsigned set size:undefined disposed:false
4265 silly packumentCache corgi:https://registry.npmjs.org/css-select cache-miss
4266 http fetch GET 200 https://registry.npmjs.org/css-select 39ms (cache miss)
4267 silly packumentCache corgi:https://registry.npmjs.org/css-select set size:undefined disposed:false
4268 silly packumentCache corgi:https://registry.npmjs.org/compression cache-miss
4269 http fetch GET 200 https://registry.npmjs.org/compression 50ms (cache miss)
4270 silly packumentCache corgi:https://registry.npmjs.org/compression set size:undefined disposed:false
4271 silly packumentCache corgi:https://registry.npmjs.org/@rollup%2fpluginutils cache-miss
4272 silly packumentCache corgi:https://registry.npmjs.org/anymatch cache-miss
4273 silly packumentCache corgi:https://registry.npmjs.org/jest-util cache-miss
4274 silly packumentCache corgi:https://registry.npmjs.org/micromatch cache-miss
4275 silly packumentCache corgi:https://registry.npmjs.org/readdirp cache-miss
4276 http fetch GET 200 https://registry.npmjs.org/anymatch 126ms (cache miss)
4277 silly packumentCache corgi:https://registry.npmjs.org/anymatch set size:undefined disposed:false
4278 http fetch GET 200 https://registry.npmjs.org/@rollup%2fpluginutils 130ms (cache miss)
4279 silly packumentCache corgi:https://registry.npmjs.org/@rollup%2fpluginutils set size:undefined disposed:false
4280 http fetch GET 200 https://registry.npmjs.org/readdirp 130ms (cache miss)
4281 silly packumentCache corgi:https://registry.npmjs.org/readdirp set size:undefined disposed:false
4282 http fetch GET 200 https://registry.npmjs.org/micromatch 135ms (cache miss)
4283 silly packumentCache corgi:https://registry.npmjs.org/micromatch set size:undefined disposed:false
4284 http fetch GET 200 https://registry.npmjs.org/jest-util 162ms (cache miss)
4285 silly packumentCache corgi:https://registry.npmjs.org/jest-util set size:undefined disposed:false
4286 silly packumentCache corgi:https://registry.npmjs.org/autoprefixer cache-miss
4287 silly packumentCache corgi:https://registry.npmjs.org/css-blank-pseudo cache-miss
4288 silly packumentCache corgi:https://registry.npmjs.org/css-declaration-sorter cache-miss
4289 silly packumentCache corgi:https://registry.npmjs.org/css-has-pseudo cache-miss
4290 silly packumentCache corgi:https://registry.npmjs.org/css-minimizer-webpack-plugin cache-miss
4291 silly packumentCache corgi:https://registry.npmjs.org/css-prefers-color-scheme cache-miss
4292 silly packumentCache corgi:https://registry.npmjs.org/cssnano cache-miss
4293 silly packumentCache corgi:https://registry.npmjs.org/cssnano-preset-default cache-miss
4294 silly packumentCache corgi:https://registry.npmjs.org/cssnano-utils cache-miss
4295 silly packumentCache corgi:https://registry.npmjs.org/icss-utils cache-miss
4296 silly packumentCache corgi:https://registry.npmjs.org/postcss-attribute-case-insensitive cache-miss
4297 silly packumentCache corgi:https://registry.npmjs.org/postcss-browser-comments cache-miss
4298 silly packumentCache corgi:https://registry.npmjs.org/postcss-calc cache-miss
4299 silly packumentCache corgi:https://registry.npmjs.org/postcss-color-functional-notation cache-miss
4300 silly packumentCache corgi:https://registry.npmjs.org/postcss-color-hex-alpha cache-miss
4301 silly packumentCache corgi:https://registry.npmjs.org/postcss-color-rebeccapurple cache-miss
4302 silly packumentCache corgi:https://registry.npmjs.org/postcss-colormin cache-miss
4303 silly packumentCache corgi:https://registry.npmjs.org/postcss-convert-values cache-miss
4304 silly packumentCache corgi:https://registry.npmjs.org/postcss-custom-media cache-miss
4305 silly packumentCache corgi:https://registry.npmjs.org/postcss-custom-properties cache-miss
4306 silly packumentCache corgi:https://registry.npmjs.org/postcss-custom-selectors cache-miss
4307 silly packumentCache corgi:https://registry.npmjs.org/postcss-dir-pseudo-class cache-miss
4308 silly packumentCache corgi:https://registry.npmjs.org/postcss-discard-comments cache-miss
4309 silly packumentCache corgi:https://registry.npmjs.org/postcss-discard-duplicates cache-miss
4310 silly packumentCache corgi:https://registry.npmjs.org/postcss-discard-empty cache-miss
4311 silly packumentCache corgi:https://registry.npmjs.org/postcss-discard-overridden cache-miss
4312 silly packumentCache corgi:https://registry.npmjs.org/postcss-double-position-gradients cache-miss
4313 silly packumentCache corgi:https://registry.npmjs.org/postcss-env-function cache-miss
4314 silly packumentCache corgi:https://registry.npmjs.org/postcss-flexbugs-fixes cache-miss
4315 silly packumentCache corgi:https://registry.npmjs.org/postcss-focus-visible cache-miss
4316 silly packumentCache corgi:https://registry.npmjs.org/postcss-focus-within cache-miss
4317 silly packumentCache corgi:https://registry.npmjs.org/postcss-font-variant cache-miss
4318 silly packumentCache corgi:https://registry.npmjs.org/postcss-gap-properties cache-miss
4319 silly packumentCache corgi:https://registry.npmjs.org/postcss-image-set-function cache-miss
4320 silly packumentCache corgi:https://registry.npmjs.org/postcss-initial cache-miss
4321 silly packumentCache corgi:https://registry.npmjs.org/postcss-js cache-miss
4322 silly packumentCache corgi:https://registry.npmjs.org/postcss-lab-function cache-miss
4323 silly packumentCache corgi:https://registry.npmjs.org/postcss-logical cache-miss
4324 silly packumentCache corgi:https://registry.npmjs.org/postcss-media-minmax cache-miss
4325 silly packumentCache corgi:https://registry.npmjs.org/postcss-merge-longhand cache-miss
4326 silly packumentCache corgi:https://registry.npmjs.org/postcss-merge-rules cache-miss
4327 silly packumentCache corgi:https://registry.npmjs.org/postcss-minify-font-values cache-miss
4328 silly packumentCache corgi:https://registry.npmjs.org/postcss-minify-gradients cache-miss
4329 silly packumentCache corgi:https://registry.npmjs.org/postcss-minify-params cache-miss
4330 silly packumentCache corgi:https://registry.npmjs.org/postcss-minify-selectors cache-miss
4331 silly packumentCache corgi:https://registry.npmjs.org/postcss-modules-extract-imports cache-miss
4332 silly packumentCache corgi:https://registry.npmjs.org/postcss-modules-local-by-default cache-miss
4333 silly packumentCache corgi:https://registry.npmjs.org/postcss-modules-scope cache-miss
4334 silly packumentCache corgi:https://registry.npmjs.org/postcss-modules-values cache-miss
4335 silly packumentCache corgi:https://registry.npmjs.org/postcss-nested cache-miss
4336 silly packumentCache corgi:https://registry.npmjs.org/postcss-nesting cache-miss
4337 silly packumentCache corgi:https://registry.npmjs.org/postcss-normalize cache-miss
4338 silly packumentCache corgi:https://registry.npmjs.org/postcss-normalize-charset cache-miss
4339 silly packumentCache corgi:https://registry.npmjs.org/postcss-normalize-display-values cache-miss
4340 silly packumentCache corgi:https://registry.npmjs.org/postcss-normalize-positions cache-miss
4341 silly packumentCache corgi:https://registry.npmjs.org/postcss-normalize-repeat-style cache-miss
4342 silly packumentCache corgi:https://registry.npmjs.org/postcss-normalize-string cache-miss
4343 silly packumentCache corgi:https://registry.npmjs.org/postcss-normalize-timing-functions cache-miss
4344 silly packumentCache corgi:https://registry.npmjs.org/postcss-normalize-unicode cache-miss
4345 silly packumentCache corgi:https://registry.npmjs.org/postcss-normalize-url cache-miss
4346 silly packumentCache corgi:https://registry.npmjs.org/postcss-normalize-whitespace cache-miss
4347 silly packumentCache corgi:https://registry.npmjs.org/postcss-ordered-values cache-miss
4348 silly packumentCache corgi:https://registry.npmjs.org/postcss-overflow-shorthand cache-miss
4349 silly packumentCache corgi:https://registry.npmjs.org/postcss-page-break cache-miss
4350 silly packumentCache corgi:https://registry.npmjs.org/postcss-place cache-miss
4351 silly packumentCache corgi:https://registry.npmjs.org/postcss-preset-env cache-miss
4352 silly packumentCache corgi:https://registry.npmjs.org/postcss-pseudo-class-any-link cache-miss
4353 silly packumentCache corgi:https://registry.npmjs.org/postcss-reduce-initial cache-miss
4354 silly packumentCache corgi:https://registry.npmjs.org/postcss-reduce-transforms cache-miss
4355 silly packumentCache corgi:https://registry.npmjs.org/postcss-replace-overflow-wrap cache-miss
4356 silly packumentCache corgi:https://registry.npmjs.org/postcss-selector-not cache-miss
4357 silly packumentCache corgi:https://registry.npmjs.org/postcss-svgo cache-miss
4358 silly packumentCache corgi:https://registry.npmjs.org/postcss-unique-selectors cache-miss
4359 silly packumentCache corgi:https://registry.npmjs.org/stylehacks cache-miss
4360 silly packumentCache corgi:https://registry.npmjs.org/tailwindcss cache-miss
4361 silly packumentCache corgi:https://registry.npmjs.org/resolve-url-loader cache-miss
4362 http fetch GET 200 https://registry.npmjs.org/icss-utils 291ms (cache miss)
4363 silly packumentCache corgi:https://registry.npmjs.org/icss-utils set size:undefined disposed:false
4364 http fetch GET 200 https://registry.npmjs.org/postcss-attribute-case-insensitive 309ms (cache miss)
4365 silly packumentCache corgi:https://registry.npmjs.org/postcss-attribute-case-insensitive set size:undefined disposed:false
4366 http fetch GET 200 https://registry.npmjs.org/css-prefers-color-scheme 321ms (cache miss)
4367 silly packumentCache corgi:https://registry.npmjs.org/css-prefers-color-scheme set size:undefined disposed:false
4368 http fetch GET 200 https://registry.npmjs.org/css-blank-pseudo 333ms (cache miss)
4369 silly packumentCache corgi:https://registry.npmjs.org/css-blank-pseudo set size:undefined disposed:false
4370 http fetch GET 200 https://registry.npmjs.org/postcss-color-rebeccapurple 336ms (cache miss)
4371 silly packumentCache corgi:https://registry.npmjs.org/postcss-color-rebeccapurple set size:undefined disposed:false
4372 http fetch GET 200 https://registry.npmjs.org/css-has-pseudo 345ms (cache miss)
4373 silly packumentCache corgi:https://registry.npmjs.org/css-has-pseudo set size:undefined disposed:false
4374 http fetch GET 200 https://registry.npmjs.org/cssnano-utils 345ms (cache miss)
4375 silly packumentCache corgi:https://registry.npmjs.org/cssnano-utils set size:undefined disposed:false
4376 http fetch GET 200 https://registry.npmjs.org/postcss-calc 349ms (cache miss)
4377 silly packumentCache corgi:https://registry.npmjs.org/postcss-calc set size:undefined disposed:false
4378 http fetch GET 200 https://registry.npmjs.org/css-declaration-sorter 364ms (cache miss)
4379 silly packumentCache corgi:https://registry.npmjs.org/css-declaration-sorter set size:undefined disposed:false
4380 http fetch GET 200 https://registry.npmjs.org/postcss-color-functional-notation 374ms (cache miss)
4381 silly packumentCache corgi:https://registry.npmjs.org/postcss-color-functional-notation set size:undefined disposed:false
4382 http fetch GET 200 https://registry.npmjs.org/postcss-dir-pseudo-class 373ms (cache miss)
4383 silly packumentCache corgi:https://registry.npmjs.org/postcss-dir-pseudo-class set size:undefined disposed:false
4384 http fetch GET 200 https://registry.npmjs.org/css-minimizer-webpack-plugin 390ms (cache miss)
4385 silly packumentCache corgi:https://registry.npmjs.org/css-minimizer-webpack-plugin set size:undefined disposed:false
4386 http fetch GET 200 https://registry.npmjs.org/postcss-color-hex-alpha 393ms (cache miss)
4387 silly packumentCache corgi:https://registry.npmjs.org/postcss-color-hex-alpha set size:undefined disposed:false
4388 http fetch GET 200 https://registry.npmjs.org/postcss-flexbugs-fixes 396ms (cache miss)
4389 silly packumentCache corgi:https://registry.npmjs.org/postcss-flexbugs-fixes set size:undefined disposed:false
4390 http fetch GET 200 https://registry.npmjs.org/postcss-font-variant 398ms (cache miss)
4391 silly packumentCache corgi:https://registry.npmjs.org/postcss-font-variant set size:undefined disposed:false
4392 http fetch GET 200 https://registry.npmjs.org/postcss-custom-media 411ms (cache miss)
4393 silly packumentCache corgi:https://registry.npmjs.org/postcss-custom-media set size:undefined disposed:false
4394 http fetch GET 200 https://registry.npmjs.org/postcss-custom-selectors 413ms (cache miss)
4395 silly packumentCache corgi:https://registry.npmjs.org/postcss-custom-selectors set size:undefined disposed:false
4396 http fetch GET 200 https://registry.npmjs.org/postcss-focus-visible 412ms (cache miss)
4397 silly packumentCache corgi:https://registry.npmjs.org/postcss-focus-visible set size:undefined disposed:false
4398 http fetch GET 200 https://registry.npmjs.org/postcss-env-function 415ms (cache miss)
4399 silly packumentCache corgi:https://registry.npmjs.org/postcss-env-function set size:undefined disposed:false
4400 http fetch GET 200 https://registry.npmjs.org/postcss-discard-empty 439ms (cache miss)
4401 silly packumentCache corgi:https://registry.npmjs.org/postcss-discard-empty set size:undefined disposed:false
4402 http fetch GET 200 https://registry.npmjs.org/postcss-gap-properties 442ms (cache miss)
4403 silly packumentCache corgi:https://registry.npmjs.org/postcss-gap-properties set size:undefined disposed:false
4404 http fetch GET 200 https://registry.npmjs.org/postcss-initial 442ms (cache miss)
4405 silly packumentCache corgi:https://registry.npmjs.org/postcss-initial set size:undefined disposed:false
4406 http fetch GET 200 https://registry.npmjs.org/postcss-js 444ms (cache miss)
4407 silly packumentCache corgi:https://registry.npmjs.org/postcss-js set size:undefined disposed:false
4408 http fetch GET 200 https://registry.npmjs.org/postcss-media-minmax 448ms (cache miss)
4409 silly packumentCache corgi:https://registry.npmjs.org/postcss-media-minmax set size:undefined disposed:false
4410 http fetch GET 200 https://registry.npmjs.org/postcss-focus-within 454ms (cache miss)
4411 silly packumentCache corgi:https://registry.npmjs.org/postcss-focus-within set size:undefined disposed:false
4412 http fetch GET 200 https://registry.npmjs.org/postcss-colormin 466ms (cache miss)
4413 silly packumentCache corgi:https://registry.npmjs.org/postcss-colormin set size:undefined disposed:false
4414 http fetch GET 200 https://registry.npmjs.org/postcss-convert-values 471ms (cache miss)
4415 silly packumentCache corgi:https://registry.npmjs.org/postcss-convert-values set size:undefined disposed:false
4416 http fetch GET 200 https://registry.npmjs.org/postcss-discard-comments 476ms (cache miss)
4417 silly packumentCache corgi:https://registry.npmjs.org/postcss-discard-comments set size:undefined disposed:false
4418 http fetch GET 200 https://registry.npmjs.org/postcss-discard-overridden 479ms (cache miss)
4419 silly packumentCache corgi:https://registry.npmjs.org/postcss-discard-overridden set size:undefined disposed:false
4420 http fetch GET 200 https://registry.npmjs.org/postcss-discard-duplicates 483ms (cache miss)
4421 silly packumentCache corgi:https://registry.npmjs.org/postcss-discard-duplicates set size:undefined disposed:false
4422 http fetch GET 200 https://registry.npmjs.org/postcss-logical 480ms (cache miss)
4423 silly packumentCache corgi:https://registry.npmjs.org/postcss-logical set size:undefined disposed:false
4424 http fetch GET 200 https://registry.npmjs.org/postcss-double-position-gradients 486ms (cache miss)
4425 silly packumentCache corgi:https://registry.npmjs.org/postcss-double-position-gradients set size:undefined disposed:false
4426 http fetch GET 200 https://registry.npmjs.org/postcss-image-set-function 490ms (cache miss)
4427 silly packumentCache corgi:https://registry.npmjs.org/postcss-image-set-function set size:undefined disposed:false
4428 http fetch GET 200 https://registry.npmjs.org/postcss-modules-extract-imports 485ms (cache miss)
4429 silly packumentCache corgi:https://registry.npmjs.org/postcss-modules-extract-imports set size:undefined disposed:false
4430 http fetch GET 200 https://registry.npmjs.org/postcss-modules-values 492ms (cache miss)
4431 silly packumentCache corgi:https://registry.npmjs.org/postcss-modules-values set size:undefined disposed:false
4432 http fetch GET 200 https://registry.npmjs.org/postcss-modules-scope 495ms (cache miss)
4433 silly packumentCache corgi:https://registry.npmjs.org/postcss-modules-scope set size:undefined disposed:false
4434 http fetch GET 200 https://registry.npmjs.org/postcss-custom-properties 511ms (cache miss)
4435 silly packumentCache corgi:https://registry.npmjs.org/postcss-custom-properties set size:undefined disposed:false
4436 http fetch GET 200 https://registry.npmjs.org/postcss-modules-local-by-default 506ms (cache miss)
4437 silly packumentCache corgi:https://registry.npmjs.org/postcss-modules-local-by-default set size:undefined disposed:false
4438 http fetch GET 200 https://registry.npmjs.org/postcss-normalize 506ms (cache miss)
4439 silly packumentCache corgi:https://registry.npmjs.org/postcss-normalize set size:undefined disposed:false
4440 http fetch GET 200 https://registry.npmjs.org/postcss-lab-function 519ms (cache miss)
4441 silly packumentCache corgi:https://registry.npmjs.org/postcss-lab-function set size:undefined disposed:false
4442 http fetch GET 200 https://registry.npmjs.org/postcss-minify-gradients 520ms (cache miss)
4443 silly packumentCache corgi:https://registry.npmjs.org/postcss-minify-gradients set size:undefined disposed:false
4444 http fetch GET 200 https://registry.npmjs.org/postcss-minify-font-values 524ms (cache miss)
4445 silly packumentCache corgi:https://registry.npmjs.org/postcss-minify-font-values set size:undefined disposed:false
4446 http fetch GET 200 https://registry.npmjs.org/postcss-page-break 519ms (cache miss)
4447 silly packumentCache corgi:https://registry.npmjs.org/postcss-page-break set size:undefined disposed:false
4448 http fetch GET 200 https://registry.npmjs.org/cssnano-preset-default 546ms (cache miss)
4449 silly packumentCache corgi:https://registry.npmjs.org/cssnano-preset-default set size:undefined disposed:false
4450 http fetch GET 200 https://registry.npmjs.org/postcss-nested 536ms (cache miss)
4451 silly packumentCache corgi:https://registry.npmjs.org/postcss-nested set size:undefined disposed:false
4452 http fetch GET 200 https://registry.npmjs.org/postcss-place 537ms (cache miss)
4453 silly packumentCache corgi:https://registry.npmjs.org/postcss-place set size:undefined disposed:false
4454 http fetch GET 200 https://registry.npmjs.org/postcss-browser-comments 559ms (cache miss)
4455 silly packumentCache corgi:https://registry.npmjs.org/postcss-browser-comments set size:undefined disposed:false
4456 http fetch GET 200 https://registry.npmjs.org/postcss-replace-overflow-wrap 540ms (cache miss)
4457 silly packumentCache corgi:https://registry.npmjs.org/postcss-replace-overflow-wrap set size:undefined disposed:false
4458 http fetch GET 200 https://registry.npmjs.org/postcss-merge-rules 556ms (cache miss)
4459 silly packumentCache corgi:https://registry.npmjs.org/postcss-merge-rules set size:undefined disposed:false
4460 http fetch GET 200 https://registry.npmjs.org/postcss-normalize-display-values 555ms (cache miss)
4461 silly packumentCache corgi:https://registry.npmjs.org/postcss-normalize-display-values set size:undefined disposed:false
4462 http fetch GET 200 https://registry.npmjs.org/postcss-normalize-positions 556ms (cache miss)
4463 silly packumentCache corgi:https://registry.npmjs.org/postcss-normalize-positions set size:undefined disposed:false
4464 http fetch GET 200 https://registry.npmjs.org/postcss-normalize-charset 559ms (cache miss)
4465 silly packumentCache corgi:https://registry.npmjs.org/postcss-normalize-charset set size:undefined disposed:false
4466 http fetch GET 200 https://registry.npmjs.org/postcss-overflow-shorthand 558ms (cache miss)
4467 silly packumentCache corgi:https://registry.npmjs.org/postcss-overflow-shorthand set size:undefined disposed:false
4468 http fetch GET 200 https://registry.npmjs.org/postcss-selector-not 557ms (cache miss)
4469 silly packumentCache corgi:https://registry.npmjs.org/postcss-selector-not set size:undefined disposed:false
4470 http fetch GET 200 https://registry.npmjs.org/postcss-merge-longhand 573ms (cache miss)
4471 silly packumentCache corgi:https://registry.npmjs.org/postcss-merge-longhand set size:undefined disposed:false
4472 http fetch GET 200 https://registry.npmjs.org/postcss-minify-params 574ms (cache miss)
4473 silly packumentCache corgi:https://registry.npmjs.org/postcss-minify-params set size:undefined disposed:false
4474 http fetch GET 200 https://registry.npmjs.org/postcss-minify-selectors 577ms (cache miss)
4475 silly packumentCache corgi:https://registry.npmjs.org/postcss-minify-selectors set size:undefined disposed:false
4476 http fetch GET 200 https://registry.npmjs.org/postcss-nesting 578ms (cache miss)
4477 silly packumentCache corgi:https://registry.npmjs.org/postcss-nesting set size:undefined disposed:false
4478 http fetch GET 200 https://registry.npmjs.org/postcss-normalize-timing-functions 578ms (cache miss)
4479 silly packumentCache corgi:https://registry.npmjs.org/postcss-normalize-timing-functions set size:undefined disposed:false
4480 http fetch GET 200 https://registry.npmjs.org/postcss-normalize-string 581ms (cache miss)
4481 silly packumentCache corgi:https://registry.npmjs.org/postcss-normalize-string set size:undefined disposed:false
4482 http fetch GET 200 https://registry.npmjs.org/postcss-normalize-repeat-style 583ms (cache miss)
4483 silly packumentCache corgi:https://registry.npmjs.org/postcss-normalize-repeat-style set size:undefined disposed:false
4484 http fetch GET 200 https://registry.npmjs.org/postcss-normalize-url 583ms (cache miss)
4485 silly packumentCache corgi:https://registry.npmjs.org/postcss-normalize-url set size:undefined disposed:false
4486 http fetch GET 200 https://registry.npmjs.org/postcss-pseudo-class-any-link 585ms (cache miss)
4487 silly packumentCache corgi:https://registry.npmjs.org/postcss-pseudo-class-any-link set size:undefined disposed:false
4488 http fetch GET 200 https://registry.npmjs.org/cssnano 629ms (cache miss)
4489 silly packumentCache corgi:https://registry.npmjs.org/cssnano set size:undefined disposed:false
4490 http fetch GET 200 https://registry.npmjs.org/postcss-normalize-unicode 618ms (cache miss)
4491 silly packumentCache corgi:https://registry.npmjs.org/postcss-normalize-unicode set size:undefined disposed:false
4492 http fetch GET 200 https://registry.npmjs.org/postcss-normalize-whitespace 620ms (cache miss)
4493 silly packumentCache corgi:https://registry.npmjs.org/postcss-normalize-whitespace set size:undefined disposed:false
4494 http fetch GET 200 https://registry.npmjs.org/postcss-ordered-values 626ms (cache miss)
4495 silly packumentCache corgi:https://registry.npmjs.org/postcss-ordered-values set size:undefined disposed:false
4496 http fetch GET 200 https://registry.npmjs.org/postcss-reduce-initial 627ms (cache miss)
4497 silly packumentCache corgi:https://registry.npmjs.org/postcss-reduce-initial set size:undefined disposed:false
4498 http fetch GET 200 https://registry.npmjs.org/postcss-reduce-transforms 630ms (cache miss)
4499 silly packumentCache corgi:https://registry.npmjs.org/postcss-reduce-transforms set size:undefined disposed:false
4500 http fetch GET 200 https://registry.npmjs.org/postcss-unique-selectors 637ms (cache miss)
4501 silly packumentCache corgi:https://registry.npmjs.org/postcss-unique-selectors set size:undefined disposed:false
4502 http fetch GET 200 https://registry.npmjs.org/postcss-svgo 642ms (cache miss)
4503 silly packumentCache corgi:https://registry.npmjs.org/postcss-svgo set size:undefined disposed:false
4504 http fetch GET 200 https://registry.npmjs.org/stylehacks 648ms (cache miss)
4505 silly packumentCache corgi:https://registry.npmjs.org/stylehacks set size:undefined disposed:false
4506 http fetch GET 200 https://registry.npmjs.org/resolve-url-loader 652ms (cache miss)
4507 silly packumentCache corgi:https://registry.npmjs.org/resolve-url-loader set size:undefined disposed:false
4508 http fetch GET 200 https://registry.npmjs.org/autoprefixer 692ms (cache miss)
4509 silly packumentCache corgi:https://registry.npmjs.org/autoprefixer set size:undefined disposed:false
4510 http fetch GET 200 https://registry.npmjs.org/postcss-preset-env 735ms (cache miss)
4511 silly packumentCache corgi:https://registry.npmjs.org/postcss-preset-env set size:undefined disposed:false
4512 http fetch GET 200 https://registry.npmjs.org/@typescript-eslint/eslint-plugin/-/eslint-plugin-5.55.0.tgz 20281ms (cache miss)
4513 http fetch GET 200 https://registry.npmjs.org/@typescript-eslint/scope-manager/-/scope-manager-5.55.0.tgz 20508ms (cache miss)
4514 http fetch GET 200 https://registry.npmjs.org/tailwindcss 1044ms (cache miss)
4515 silly packumentCache corgi:https://registry.npmjs.org/tailwindcss set size:undefined disposed:false
4516 silly packumentCache corgi:https://registry.npmjs.org/body-parser cache-miss
4517 http cache https://registry.npmjs.org/body-parser 19ms (cache hit)
4518 silly packumentCache corgi:https://registry.npmjs.org/body-parser set size:78944 disposed:false
4519 silly packumentCache corgi:https://registry.npmjs.org/@rollup%2fplugin-babel cache-miss
4520 silly packumentCache corgi:https://registry.npmjs.org/@rollup%2fplugin-node-resolve cache-miss
4521 silly packumentCache corgi:https://registry.npmjs.org/@rollup%2fplugin-replace cache-miss
4522 silly packumentCache corgi:https://registry.npmjs.org/rollup-plugin-terser cache-miss
4523 http fetch GET 200 https://registry.npmjs.org/rollup-plugin-terser 106ms (cache miss)
4524 silly packumentCache corgi:https://registry.npmjs.org/rollup-plugin-terser set size:undefined disposed:false
4525 http fetch GET 200 https://registry.npmjs.org/@rollup%2fplugin-babel 126ms (cache miss)
4526 silly packumentCache corgi:https://registry.npmjs.org/@rollup%2fplugin-babel set size:undefined disposed:false
4527 http fetch GET 200 https://registry.npmjs.org/@rollup%2fplugin-replace 138ms (cache miss)
4528 silly packumentCache corgi:https://registry.npmjs.org/@rollup%2fplugin-replace set size:undefined disposed:false
4529 http fetch GET 200 https://registry.npmjs.org/@rollup%2fplugin-node-resolve 155ms (cache miss)
4530 silly packumentCache corgi:https://registry.npmjs.org/@rollup%2fplugin-node-resolve set size:undefined disposed:false
4531 silly packumentCache corgi:https://registry.npmjs.org/terser-webpack-plugin cache-miss
4532 http fetch GET 200 https://registry.npmjs.org/ajv/-/ajv-8.9.0.tgz 20815ms (cache miss)
4533 http fetch GET 200 https://registry.npmjs.org/ajv/-/ajv-8.9.0.tgz 20821ms (cache miss)
4534 http fetch GET 200 https://registry.npmjs.org/ajv/-/ajv-8.9.0.tgz 20831ms (cache miss)
4535 http fetch GET 200 https://registry.npmjs.org/ajv/-/ajv-8.9.0.tgz 20756ms (cache miss)
4536 http fetch GET 200 https://registry.npmjs.org/ajv/-/ajv-8.9.0.tgz 20801ms (cache miss)
4537 http fetch GET 200 https://registry.npmjs.org/ajv/-/ajv-8.9.0.tgz 20768ms (cache miss)
4538 http fetch GET 200 https://registry.npmjs.org/terser-webpack-plugin 45ms (cache miss)
4539 silly packumentCache corgi:https://registry.npmjs.org/terser-webpack-plugin set size:undefined disposed:false
4540 silly packumentCache corgi:https://registry.npmjs.org/sockjs cache-miss
4541 http fetch GET 200 https://registry.npmjs.org/sockjs 26ms (cache miss)
4542 silly packumentCache corgi:https://registry.npmjs.org/sockjs set size:undefined disposed:false
4543 silly packumentCache corgi:https://registry.npmjs.org/@pmmmwh%2freact-refresh-webpack-plugin cache-miss
4544 silly packumentCache corgi:https://registry.npmjs.org/babel-loader cache-miss
4545 silly packumentCache corgi:https://registry.npmjs.org/eslint-webpack-plugin cache-miss
4546 silly packumentCache corgi:https://registry.npmjs.org/file-loader cache-miss
4547 silly packumentCache corgi:https://registry.npmjs.org/mini-css-extract-plugin cache-miss
4548 silly packumentCache corgi:https://registry.npmjs.org/sass-loader cache-miss
4549 silly packumentCache corgi:https://registry.npmjs.org/source-map-loader cache-miss
4550 silly packumentCache corgi:https://registry.npmjs.org/style-loader cache-miss
4551 silly packumentCache corgi:https://registry.npmjs.org/webpack-dev-middleware cache-miss
4552 silly packumentCache corgi:https://registry.npmjs.org/webpack-manifest-plugin cache-miss
4553 silly packumentCache corgi:https://registry.npmjs.org/workbox-webpack-plugin cache-miss
4554 http fetch GET 200 https://registry.npmjs.org/file-loader 181ms (cache miss)
4555 silly packumentCache corgi:https://registry.npmjs.org/file-loader set size:undefined disposed:false
4556 http fetch GET 200 https://registry.npmjs.org/source-map-loader 190ms (cache miss)
4557 silly packumentCache corgi:https://registry.npmjs.org/source-map-loader set size:undefined disposed:false
4558 http fetch GET 200 https://registry.npmjs.org/babel-loader 200ms (cache miss)
4559 silly packumentCache corgi:https://registry.npmjs.org/babel-loader set size:undefined disposed:false
4560 http fetch GET 200 https://registry.npmjs.org/style-loader 236ms (cache miss)
4561 silly packumentCache corgi:https://registry.npmjs.org/style-loader set size:undefined disposed:false
4562 http fetch GET 200 https://registry.npmjs.org/mini-css-extract-plugin 245ms (cache miss)
4563 silly packumentCache corgi:https://registry.npmjs.org/mini-css-extract-plugin set size:undefined disposed:false
4564 http fetch GET 200 https://registry.npmjs.org/workbox-webpack-plugin 253ms (cache miss)
4565 silly packumentCache corgi:https://registry.npmjs.org/workbox-webpack-plugin set size:undefined disposed:false
4566 http fetch GET 200 https://registry.npmjs.org/webpack-dev-middleware 263ms (cache miss)
4567 silly packumentCache corgi:https://registry.npmjs.org/webpack-dev-middleware set size:undefined disposed:false
4568 http fetch GET 200 https://registry.npmjs.org/sass-loader 287ms (cache miss)
4569 silly packumentCache corgi:https://registry.npmjs.org/sass-loader set size:undefined disposed:false
4570 http fetch GET 200 https://registry.npmjs.org/@pmmmwh%2freact-refresh-webpack-plugin 314ms (cache miss)
4571 silly packumentCache corgi:https://registry.npmjs.org/@pmmmwh%2freact-refresh-webpack-plugin set size:undefined disposed:false
4572 http fetch GET 200 https://registry.npmjs.org/webpack-manifest-plugin 349ms (cache miss)
4573 silly packumentCache corgi:https://registry.npmjs.org/webpack-manifest-plugin set size:undefined disposed:false
4574 http fetch GET 200 https://registry.npmjs.org/eslint-webpack-plugin 371ms (cache miss)
4575 silly packumentCache corgi:https://registry.npmjs.org/eslint-webpack-plugin set size:undefined disposed:false
4576 silly packumentCache corgi:https://registry.npmjs.org/optionator cache-miss
4577 http fetch GET 200 https://registry.npmjs.org/optionator 34ms (cache miss)
4578 silly packumentCache corgi:https://registry.npmjs.org/optionator set size:undefined disposed:false
4579 silly packumentCache corgi:https://registry.npmjs.org/cosmiconfig cache-miss
4580 silly packumentCache corgi:https://registry.npmjs.org/postcss-load-config cache-miss
4581 http fetch GET 200 https://registry.npmjs.org/postcss-load-config 36ms (cache miss)
4582 silly packumentCache corgi:https://registry.npmjs.org/postcss-load-config set size:undefined disposed:false
4583 http fetch GET 200 https://registry.npmjs.org/cosmiconfig 40ms (cache miss)
4584 silly packumentCache corgi:https://registry.npmjs.org/cosmiconfig set size:undefined disposed:false
4585 silly packumentCache corgi:https://registry.npmjs.org/multicast-dns cache-miss
4586 http fetch GET 200 https://registry.npmjs.org/webpack/-/webpack-5.94.0.tgz 22245ms (cache miss)
4587 http fetch GET 200 https://registry.npmjs.org/multicast-dns 26ms (cache miss)
4588 silly packumentCache corgi:https://registry.npmjs.org/multicast-dns set size:undefined disposed:false
4589 silly packumentCache corgi:https://registry.npmjs.org/jest-environment-jsdom cache-miss
4590 http fetch GET 200 https://registry.npmjs.org/jest-environment-jsdom 56ms (cache miss)
4591 silly packumentCache corgi:https://registry.npmjs.org/jest-environment-jsdom set size:undefined disposed:false
4592 silly packumentCache corgi:https://registry.npmjs.org/bonjour cache-miss
4593 http fetch GET 200 https://registry.npmjs.org/bonjour 29ms (cache miss)
4594 silly packumentCache corgi:https://registry.npmjs.org/bonjour set size:undefined disposed:false
4595 silly packumentCache corgi:https://registry.npmjs.org/@svgr%2fplugin-svgo cache-miss
4596 http fetch GET 200 https://registry.npmjs.org/@svgr%2fplugin-svgo 49ms (cache miss)
4597 silly packumentCache corgi:https://registry.npmjs.org/@svgr%2fplugin-svgo set size:undefined disposed:false
4598 silly packumentCache corgi:https://registry.npmjs.org/jest-config cache-miss
4599 silly packumentCache corgi:https://registry.npmjs.org/jest-runner cache-miss
4600 http fetch GET 200 https://registry.npmjs.org/jest-runner 76ms (cache miss)
4601 silly packumentCache corgi:https://registry.npmjs.org/jest-runner set size:undefined disposed:false
4602 http fetch GET 200 https://registry.npmjs.org/jest-config 113ms (cache miss)
4603 silly packumentCache corgi:https://registry.npmjs.org/jest-config set size:undefined disposed:false
4604 silly packumentCache corgi:https://registry.npmjs.org/@svgr%2fwebpack cache-miss
4605 http fetch GET 200 https://registry.npmjs.org/@svgr%2fwebpack 66ms (cache miss)
4606 silly packumentCache corgi:https://registry.npmjs.org/@svgr%2fwebpack set size:undefined disposed:false
4607 http fetch GET 200 https://registry.npmjs.org/jsdom/-/jsdom-16.7.0.tgz 22737ms (cache miss)
4608 silly packumentCache corgi:https://registry.npmjs.org/@jest%2fcore cache-miss
4609 http fetch GET 200 https://registry.npmjs.org/caniuse-lite/-/caniuse-lite-1.0.30001655.tgz 22631ms (cache miss)
4610 http fetch GET 200 https://registry.npmjs.org/@jest%2fcore 144ms (cache miss)
4611 silly packumentCache corgi:https://registry.npmjs.org/@jest%2fcore set size:undefined disposed:false
4612 silly packumentCache corgi:https://registry.npmjs.org/jest-cli cache-miss
4613 http fetch GET 200 https://registry.npmjs.org/typescript/-/typescript-4.9.5.tgz 23352ms (cache miss)
4614 http fetch GET 200 https://registry.npmjs.org/jest-cli 220ms (cache miss)
4615 silly packumentCache corgi:https://registry.npmjs.org/jest-cli set size:undefined disposed:false
4616 http fetch GET 200 https://registry.npmjs.org/es-abstract/-/es-abstract-1.21.2.tgz 23050ms (cache miss)
4617 silly packumentCache corgi:https://registry.npmjs.org/jest cache-miss
4618 http fetch GET 200 https://registry.npmjs.org/jest 95ms (cache miss)
4619 silly packumentCache corgi:https://registry.npmjs.org/jest set size:undefined disposed:false
4620 silly packumentCache corgi:https://registry.npmjs.org/jest-watch-typeahead cache-miss
4621 http fetch GET 200 https://registry.npmjs.org/jest-watch-typeahead 37ms (cache miss)
4622 silly packumentCache corgi:https://registry.npmjs.org/jest-watch-typeahead set size:undefined disposed:false
4623 http fetch GET 200 https://registry.npmjs.org/core-js-pure/-/core-js-pure-3.20.3.tgz 24333ms (cache miss)
4624 http fetch GET 200 https://registry.npmjs.org/core-js/-/core-js-3.20.3.tgz 24335ms (cache miss)
4625 http fetch GET 200 https://registry.npmjs.org/@mui/material/-/material-5.3.1.tgz 24247ms (cache miss)
4626 info run core-js@3.20.3 postinstall node_modules/core-js node -e "try{require('./postinstall')}catch(e){}"
4627 info run core-js@3.20.3 postinstall { code: 0, signal: null }
4628 info run core-js-pure@3.20.3 postinstall node_modules/core-js-pure node -e "try{require('./postinstall')}catch(e){}"
4629 info run core-js-pure@3.20.3 postinstall { code: 0, signal: null }
4630 silly ADD node_modules/yocto-queue
4631 silly ADD node_modules/yargs-parser
4632 silly ADD node_modules/yargs
4633 silly ADD node_modules/yaml
4634 silly ADD node_modules/yallist
4635 silly ADD node_modules/y18n
4636 silly ADD node_modules/xtend
4637 silly ADD node_modules/xmlchars
4638 silly ADD node_modules/xml-name-validator
4639 silly ADD node_modules/ws
4640 silly ADD node_modules/write-file-atomic
4641 silly ADD node_modules/wrappy
4642 silly ADD node_modules/wrap-ansi
4643 silly ADD node_modules/wrap-ansi/node_modules/color-name
4644 silly ADD node_modules/wrap-ansi/node_modules/color-convert
4645 silly ADD node_modules/wrap-ansi/node_modules/ansi-styles
4646 silly ADD node_modules/workbox-window
4647 silly ADD node_modules/workbox-webpack-plugin
4648 silly ADD node_modules/workbox-webpack-plugin/node_modules/webpack-sources
4649 silly ADD node_modules/workbox-webpack-plugin/node_modules/source-map
4650 silly ADD node_modules/workbox-sw
4651 silly ADD node_modules/workbox-streams
4652 silly ADD node_modules/workbox-strategies
4653 silly ADD node_modules/workbox-routing
4654 silly ADD node_modules/workbox-recipes
4655 silly ADD node_modules/workbox-range-requests
4656 silly ADD node_modules/workbox-precaching
4657 silly ADD node_modules/workbox-navigation-preload
4658 silly ADD node_modules/workbox-google-analytics
4659 silly ADD node_modules/workbox-expiration
4660 silly ADD node_modules/workbox-core
4661 silly ADD node_modules/workbox-cacheable-response
4662 silly ADD node_modules/workbox-build
4663 silly ADD node_modules/workbox-build/node_modules/whatwg-url
4664 silly ADD node_modules/workbox-build/node_modules/webidl-conversions
4665 silly ADD node_modules/workbox-build/node_modules/tr46
4666 silly ADD node_modules/workbox-build/node_modules/source-map
4667 silly ADD node_modules/workbox-build/node_modules/json-schema-traverse
4668 silly ADD node_modules/workbox-build/node_modules/fs-extra
4669 silly ADD node_modules/workbox-build/node_modules/ajv
4670 silly ADD node_modules/workbox-build/node_modules/@apideck/better-ajv-errors
4671 silly ADD node_modules/workbox-broadcast-update
4672 silly ADD node_modules/workbox-background-sync
4673 silly ADD node_modules/word-wrap
4674 silly ADD node_modules/which-typed-array
4675 silly ADD node_modules/which-collection
4676 silly ADD node_modules/which-boxed-primitive
4677 silly ADD node_modules/which
4678 silly ADD node_modules/whatwg-url
4679 silly ADD node_modules/whatwg-mimetype
4680 silly ADD node_modules/whatwg-fetch
4681 silly ADD node_modules/whatwg-encoding
4682 silly ADD node_modules/websocket-extensions
4683 silly ADD node_modules/websocket-driver
4684 silly ADD node_modules/webpack-sources
4685 silly ADD node_modules/webpack-manifest-plugin
4686 silly ADD node_modules/webpack-manifest-plugin/node_modules/webpack-sources
4687 silly ADD node_modules/webpack-manifest-plugin/node_modules/source-map
4688 silly ADD node_modules/webpack-dev-server
4689 silly ADD node_modules/webpack-dev-server/node_modules/ws
4690 silly ADD node_modules/webpack-dev-server/node_modules/strip-ansi
4691 silly ADD node_modules/webpack-dev-server/node_modules/schema-utils
4692 silly ADD node_modules/webpack-dev-server/node_modules/json-schema-traverse
4693 silly ADD node_modules/webpack-dev-server/node_modules/ipaddr.js
4694 silly ADD node_modules/webpack-dev-server/node_modules/ansi-regex
4695 silly ADD node_modules/webpack-dev-server/node_modules/ajv-keywords
4696 silly ADD node_modules/webpack-dev-server/node_modules/ajv
4697 silly ADD node_modules/webpack-dev-middleware
4698 silly ADD node_modules/webpack-dev-middleware/node_modules/schema-utils
4699 silly ADD node_modules/webpack-dev-middleware/node_modules/json-schema-traverse
4700 silly ADD node_modules/webpack-dev-middleware/node_modules/ajv-keywords
4701 silly ADD node_modules/webpack-dev-middleware/node_modules/ajv
4702 silly ADD node_modules/webpack
4703 silly ADD node_modules/webpack/node_modules/estraverse
4704 silly ADD node_modules/webpack/node_modules/eslint-scope
4705 silly ADD node_modules/webidl-conversions
4706 silly ADD node_modules/wbuf
4707 silly ADD node_modules/watchpack
4708 silly ADD node_modules/walker
4709 silly ADD node_modules/w3c-xmlserializer
4710 silly ADD node_modules/w3c-hr-time
4711 silly ADD node_modules/vary
4712 silly ADD node_modules/value-equal
4713 silly ADD node_modules/v8-to-istanbul
4714 silly ADD node_modules/v8-to-istanbul/node_modules/source-map
4715 silly ADD node_modules/v8-compile-cache
4716 silly ADD node_modules/uuid
4717 silly ADD node_modules/utils-merge
4718 silly ADD node_modules/utila
4719 silly ADD node_modules/util.promisify
4720 silly ADD node_modules/util-deprecate
4721 silly ADD node_modules/uri-js
4722 silly ADD node_modules/update-browserslist-db
4723 silly ADD node_modules/upath
4724 silly ADD node_modules/unquote
4725 silly ADD node_modules/unpipe
4726 silly ADD node_modules/universalify
4727 silly ADD node_modules/unique-string
4728 silly ADD node_modules/unicode-property-aliases-ecmascript
4729 silly ADD node_modules/unicode-match-property-value-ecmascript
4730 silly ADD node_modules/unicode-match-property-ecmascript
4731 silly ADD node_modules/unicode-canonical-property-names-ecmascript
4732 silly ADD node_modules/unbox-primitive
4733 silly ADD node_modules/typescript
4734 silly ADD node_modules/typedarray-to-buffer
4735 silly ADD node_modules/typed-array-length
4736 silly ADD node_modules/type-is
4737 silly ADD node_modules/type-fest
4738 silly ADD node_modules/type-detect
4739 silly ADD node_modules/type-check
4740 silly ADD node_modules/tsutils
4741 silly ADD node_modules/tsutils/node_modules/tslib
4742 silly ADD node_modules/tslib
4743 silly ADD node_modules/tsconfig-paths
4744 silly ADD node_modules/tsconfig-paths/node_modules/strip-bom
4745 silly ADD node_modules/tsconfig-paths/node_modules/json5
4746 silly ADD node_modules/tryer
4747 silly ADD node_modules/tr46
4748 silly ADD node_modules/tough-cookie
4749 silly ADD node_modules/tough-cookie/node_modules/universalify
4750 silly ADD node_modules/toidentifier
4751 silly ADD node_modules/to-regex-range
4752 silly ADD node_modules/to-fast-properties
4753 silly ADD node_modules/tmpl
4754 silly ADD node_modules/tiny-warning
4755 silly ADD node_modules/tiny-invariant
4756 silly ADD node_modules/timsort
4757 silly ADD node_modules/thunky
4758 silly ADD node_modules/throat
4759 silly ADD node_modules/text-table
4760 silly ADD node_modules/test-exclude
4761 silly ADD node_modules/terser-webpack-plugin
4762 silly ADD node_modules/terser
4763 silly ADD node_modules/terminal-link
4764 silly ADD node_modules/tempy
4765 silly ADD node_modules/tempy/node_modules/type-fest
4766 silly ADD node_modules/temp-dir
4767 silly ADD node_modules/tapable
4768 silly ADD node_modules/tailwindcss
4769 silly ADD node_modules/tailwindcss/node_modules/supports-color
4770 silly ADD node_modules/tailwindcss/node_modules/has-flag
4771 silly ADD node_modules/tailwindcss/node_modules/color-name
4772 silly ADD node_modules/tailwindcss/node_modules/color-convert
4773 silly ADD node_modules/tailwindcss/node_modules/chalk
4774 silly ADD node_modules/tailwindcss/node_modules/ansi-styles
4775 silly ADD node_modules/symbol-tree
4776 silly ADD node_modules/svgo
4777 silly ADD node_modules/svgo/node_modules/nth-check
4778 silly ADD node_modules/svgo/node_modules/domutils
4779 silly ADD node_modules/svgo/node_modules/domutils/node_modules/domelementtype
4780 silly ADD node_modules/svgo/node_modules/dom-serializer
4781 silly ADD node_modules/svgo/node_modules/css-what
4782 silly ADD node_modules/svgo/node_modules/css-select
4783 silly ADD node_modules/svg-parser
4784 silly ADD node_modules/supports-preserve-symlinks-flag
4785 silly ADD node_modules/supports-hyperlinks
4786 silly ADD node_modules/supports-hyperlinks/node_modules/supports-color
4787 silly ADD node_modules/supports-hyperlinks/node_modules/has-flag
4788 silly ADD node_modules/supports-color
4789 silly ADD node_modules/stylis
4790 silly ADD node_modules/stylehacks
4791 silly ADD node_modules/style-loader
4792 silly ADD node_modules/strip-json-comments
4793 silly ADD node_modules/strip-final-newline
4794 silly ADD node_modules/strip-comments
4795 silly ADD node_modules/strip-bom
4796 silly ADD node_modules/strip-ansi
4797 silly ADD node_modules/stringify-object
4798 silly ADD node_modules/string.prototype.trimstart
4799 silly ADD node_modules/string.prototype.trimend
4800 silly ADD node_modules/string.prototype.trim
4801 silly ADD node_modules/string.prototype.matchall
4802 silly ADD node_modules/string-width
4803 silly ADD node_modules/string-width/node_modules/emoji-regex
4804 silly ADD node_modules/string-natural-compare
4805 silly ADD node_modules/string-length
4806 silly ADD node_modules/string_decoder
4807 silly ADD node_modules/string_decoder/node_modules/safe-buffer
4808 silly ADD node_modules/stop-iteration-iterator
4809 silly ADD node_modules/statuses
4810 silly ADD node_modules/stackframe
4811 silly ADD node_modules/stack-utils
4812 silly ADD node_modules/stack-utils/node_modules/escape-string-regexp
4813 silly ADD node_modules/stable
4814 silly ADD node_modules/sprintf-js
4815 silly ADD node_modules/spdy-transport
4816 silly ADD node_modules/spdy
4817 silly ADD node_modules/sourcemap-codec
4818 silly ADD node_modules/source-map-url
4819 silly ADD node_modules/source-map-support
4820 silly ADD node_modules/source-map-support/node_modules/source-map
4821 silly ADD node_modules/source-map-loader
4822 silly ADD node_modules/source-map-loader/node_modules/iconv-lite
4823 silly ADD node_modules/source-map-js
4824 silly ADD node_modules/source-map
4825 silly ADD node_modules/source-list-map
4826 silly ADD node_modules/sockjs
4827 silly ADD node_modules/slash
4828 silly ADD node_modules/sisteransi
4829 silly ADD node_modules/signal-exit
4830 silly ADD node_modules/side-channel
4831 silly ADD node_modules/shell-quote
4832 silly ADD node_modules/shebang-regex
4833 silly ADD node_modules/shebang-command
4834 silly ADD node_modules/setprototypeof
4835 silly ADD node_modules/set-function-length
4836 silly ADD node_modules/serve-static
4837 silly ADD node_modules/serve-index
4838 silly ADD node_modules/serve-index/node_modules/setprototypeof
4839 silly ADD node_modules/serve-index/node_modules/ms
4840 silly ADD node_modules/serve-index/node_modules/inherits
4841 silly ADD node_modules/serve-index/node_modules/http-errors
4842 silly ADD node_modules/serve-index/node_modules/debug
4843 silly ADD node_modules/serialize-javascript
4844 silly ADD node_modules/send
4845 silly ADD node_modules/send/node_modules/statuses
4846 silly ADD node_modules/send/node_modules/ms
4847 silly ADD node_modules/send/node_modules/encodeurl
4848 silly ADD node_modules/send/node_modules/depd
4849 silly ADD node_modules/send/node_modules/debug
4850 silly ADD node_modules/send/node_modules/debug/node_modules/ms
4851 silly ADD node_modules/semver
4852 silly ADD node_modules/selfsigned
4853 silly ADD node_modules/select-hose
4854 silly ADD node_modules/schema-utils
4855 silly ADD node_modules/scheduler
4856 silly ADD node_modules/saxes
4857 silly ADD node_modules/sax
4858 silly ADD node_modules/sass-loader
4859 silly ADD node_modules/sanitize.css
4860 silly ADD node_modules/safer-buffer
4861 silly ADD node_modules/safe-regex-test
4862 silly ADD node_modules/safe-buffer
4863 silly ADD node_modules/run-parallel
4864 silly ADD node_modules/rollup-plugin-terser
4865 silly ADD node_modules/rollup-plugin-terser/node_modules/supports-color
4866 silly ADD node_modules/rollup-plugin-terser/node_modules/serialize-javascript
4867 silly ADD node_modules/rollup-plugin-terser/node_modules/jest-worker
4868 silly ADD node_modules/rollup-plugin-terser/node_modules/has-flag
4869 silly ADD node_modules/rollup
4870 silly ADD node_modules/rimraf
4871 silly ADD node_modules/reusify
4872 silly ADD node_modules/retry
4873 silly ADD node_modules/resolve.exports
4874 silly ADD node_modules/resolve-url-loader
4875 silly ADD node_modules/resolve-url-loader/node_modules/source-map
4876 silly ADD node_modules/resolve-url-loader/node_modules/postcss
4877 silly ADD node_modules/resolve-url-loader/node_modules/picocolors
4878 silly ADD node_modules/resolve-pathname
4879 silly ADD node_modules/resolve-from
4880 silly ADD node_modules/resolve-cwd
4881 silly ADD node_modules/resolve
4882 silly ADD node_modules/requires-port
4883 silly ADD node_modules/require-from-string
4884 silly ADD node_modules/require-directory
4885 silly ADD node_modules/renderkid
4886 silly ADD node_modules/relateurl
4887 silly ADD node_modules/regjsparser
4888 silly ADD node_modules/regjsparser/node_modules/jsesc
4889 silly ADD node_modules/regjsgen
4890 silly ADD node_modules/regexpu-core
4891 silly ADD node_modules/regexpp
4892 silly ADD node_modules/regexp.prototype.flags
4893 silly ADD node_modules/regex-parser
4894 silly ADD node_modules/regenerator-transform
4895 silly ADD node_modules/regenerator-runtime
4896 silly ADD node_modules/regenerate-unicode-properties
4897 silly ADD node_modules/regenerate
4898 silly ADD node_modules/recursive-readdir
4899 silly ADD node_modules/readdirp
4900 silly ADD node_modules/readable-stream
4901 silly ADD node_modules/react-transition-group
4902 silly ADD node_modules/react-scripts
4903 silly ADD node_modules/react-router-dom
4904 silly ADD node_modules/react-router
4905 silly ADD node_modules/react-router/node_modules/path-to-regexp
4906 silly ADD node_modules/react-router/node_modules/isarray
4907 silly ADD node_modules/react-refresh
4908 silly ADD node_modules/react-is
4909 silly ADD node_modules/react-error-overlay
4910 silly ADD node_modules/react-dom
4911 silly ADD node_modules/react-dev-utils
4912 silly ADD node_modules/react-dev-utils/node_modules/supports-color
4913 silly ADD node_modules/react-dev-utils/node_modules/loader-utils
4914 silly ADD node_modules/react-dev-utils/node_modules/has-flag
4915 silly ADD node_modules/react-dev-utils/node_modules/escape-string-regexp
4916 silly ADD node_modules/react-dev-utils/node_modules/color-name
4917 silly ADD node_modules/react-dev-utils/node_modules/color-convert
4918 silly ADD node_modules/react-dev-utils/node_modules/chalk
4919 silly ADD node_modules/react-dev-utils/node_modules/ansi-styles
4920 silly ADD node_modules/react-app-polyfill
4921 silly ADD node_modules/react
4922 silly ADD node_modules/raw-body
4923 silly ADD node_modules/raw-body/node_modules/bytes
4924 silly ADD node_modules/range-parser
4925 silly ADD node_modules/randombytes
4926 silly ADD node_modules/raf
4927 silly ADD node_modules/quick-lru
4928 silly ADD node_modules/queue-microtask
4929 silly ADD node_modules/qs
4930 silly ADD node_modules/q
4931 silly ADD node_modules/punycode
4932 silly ADD node_modules/psl
4933 silly ADD node_modules/proxy-addr
4934 silly ADD node_modules/prop-types
4935 silly ADD node_modules/prompts
4936 silly ADD node_modules/promise
4937 silly ADD node_modules/process-nextick-args
4938 silly ADD node_modules/pretty-format
4939 silly ADD node_modules/pretty-format/node_modules/react-is
4940 silly ADD node_modules/pretty-format/node_modules/ansi-styles
4941 silly ADD node_modules/pretty-error
4942 silly ADD node_modules/pretty-bytes
4943 silly ADD node_modules/prelude-ls
4944 silly ADD node_modules/postcss-value-parser
4945 silly ADD node_modules/postcss-unique-selectors
4946 silly ADD node_modules/postcss-svgo
4947 silly ADD node_modules/postcss-svgo/node_modules/svgo
4948 silly ADD node_modules/postcss-svgo/node_modules/source-map
4949 silly ADD node_modules/postcss-svgo/node_modules/mdn-data
4950 silly ADD node_modules/postcss-svgo/node_modules/css-tree
4951 silly ADD node_modules/postcss-svgo/node_modules/commander
4952 silly ADD node_modules/postcss-selector-parser
4953 silly ADD node_modules/postcss-selector-not
4954 silly ADD node_modules/postcss-replace-overflow-wrap
4955 silly ADD node_modules/postcss-reduce-transforms
4956 silly ADD node_modules/postcss-reduce-initial
4957 silly ADD node_modules/postcss-pseudo-class-any-link
4958 silly ADD node_modules/postcss-preset-env
4959 silly ADD node_modules/postcss-place
4960 silly ADD node_modules/postcss-page-break
4961 silly ADD node_modules/postcss-overflow-shorthand
4962 silly ADD node_modules/postcss-ordered-values
4963 silly ADD node_modules/postcss-normalize-whitespace
4964 silly ADD node_modules/postcss-normalize-url
4965 silly ADD node_modules/postcss-normalize-unicode
4966 silly ADD node_modules/postcss-normalize-timing-functions
4967 silly ADD node_modules/postcss-normalize-string
4968 silly ADD node_modules/postcss-normalize-repeat-style
4969 silly ADD node_modules/postcss-normalize-positions
4970 silly ADD node_modules/postcss-normalize-display-values
4971 silly ADD node_modules/postcss-normalize-charset
4972 silly ADD node_modules/postcss-normalize
4973 silly ADD node_modules/postcss-nesting
4974 silly ADD node_modules/postcss-nested
4975 silly ADD node_modules/postcss-modules-values
4976 silly ADD node_modules/postcss-modules-scope
4977 silly ADD node_modules/postcss-modules-local-by-default
4978 silly ADD node_modules/postcss-modules-extract-imports
4979 silly ADD node_modules/postcss-minify-selectors
4980 silly ADD node_modules/postcss-minify-params
4981 silly ADD node_modules/postcss-minify-gradients
4982 silly ADD node_modules/postcss-minify-font-values
4983 silly ADD node_modules/postcss-merge-rules
4984 silly ADD node_modules/postcss-merge-longhand
4985 silly ADD node_modules/postcss-media-minmax
4986 silly ADD node_modules/postcss-logical
4987 silly ADD node_modules/postcss-loader
4988 silly ADD node_modules/postcss-load-config
4989 silly ADD node_modules/postcss-lab-function
4990 silly ADD node_modules/postcss-js
4991 silly ADD node_modules/postcss-initial
4992 silly ADD node_modules/postcss-image-set-function
4993 silly ADD node_modules/postcss-gap-properties
4994 silly ADD node_modules/postcss-font-variant
4995 silly ADD node_modules/postcss-focus-within
4996 silly ADD node_modules/postcss-focus-visible
4997 silly ADD node_modules/postcss-flexbugs-fixes
4998 silly ADD node_modules/postcss-env-function
4999 silly ADD node_modules/postcss-double-position-gradients
5000 silly ADD node_modules/postcss-discard-overridden
5001 silly ADD node_modules/postcss-discard-empty
5002 silly ADD node_modules/postcss-discard-duplicates
5003 silly ADD node_modules/postcss-discard-comments
5004 silly ADD node_modules/postcss-dir-pseudo-class
5005 silly ADD node_modules/postcss-custom-selectors
5006 silly ADD node_modules/postcss-custom-properties
5007 silly ADD node_modules/postcss-custom-media
5008 silly ADD node_modules/postcss-convert-values
5009 silly ADD node_modules/postcss-colormin
5010 silly ADD node_modules/postcss-color-rebeccapurple
5011 silly ADD node_modules/postcss-color-hex-alpha
5012 silly ADD node_modules/postcss-color-functional-notation
5013 silly ADD node_modules/postcss-calc
5014 silly ADD node_modules/postcss-browser-comments
5015 silly ADD node_modules/postcss-attribute-case-insensitive
5016 silly ADD node_modules/postcss
5017 silly ADD node_modules/portfinder
5018 silly ADD node_modules/portfinder/node_modules/debug
5019 silly ADD node_modules/pkg-up
5020 silly ADD node_modules/pkg-up/node_modules/path-exists
5021 silly ADD node_modules/pkg-up/node_modules/p-locate
5022 silly ADD node_modules/pkg-up/node_modules/p-limit
5023 silly ADD node_modules/pkg-up/node_modules/locate-path
5024 silly ADD node_modules/pkg-up/node_modules/find-up
5025 silly ADD node_modules/pkg-dir
5026 silly ADD node_modules/pkg-dir/node_modules/p-locate
5027 silly ADD node_modules/pkg-dir/node_modules/p-limit
5028 silly ADD node_modules/pkg-dir/node_modules/locate-path
5029 silly ADD node_modules/pkg-dir/node_modules/find-up
5030 silly ADD node_modules/pirates
5031 silly ADD node_modules/picomatch
5032 silly ADD node_modules/picocolors
5033 silly ADD node_modules/performance-now
5034 silly ADD node_modules/path-type
5035 silly ADD node_modules/path-to-regexp
5036 silly ADD node_modules/path-parse
5037 silly ADD node_modules/path-key
5038 silly ADD node_modules/path-is-absolute
5039 silly ADD node_modules/path-exists
5040 silly ADD node_modules/pascal-case
5041 silly ADD node_modules/parseurl
5042 silly ADD node_modules/parse5
5043 silly ADD node_modules/parse-json
5044 silly ADD node_modules/parent-module
5045 silly ADD node_modules/param-case
5046 silly ADD node_modules/p-try
5047 silly ADD node_modules/p-retry
5048 silly ADD node_modules/p-map
5049 silly ADD node_modules/p-locate
5050 silly ADD node_modules/p-limit
5051 silly ADD node_modules/optionator
5052 silly ADD node_modules/open
5053 silly ADD node_modules/onetime
5054 silly ADD node_modules/once
5055 silly ADD node_modules/on-headers
5056 silly ADD node_modules/on-finished
5057 silly ADD node_modules/obuf
5058 silly ADD node_modules/object.values
5059 silly ADD node_modules/object.hasown
5060 silly ADD node_modules/object.getownpropertydescriptors
5061 silly ADD node_modules/object.fromentries
5062 silly ADD node_modules/object.entries
5063 silly ADD node_modules/object.assign
5064 silly ADD node_modules/object-keys
5065 silly ADD node_modules/object-is
5066 silly ADD node_modules/object-inspect
5067 silly ADD node_modules/object-hash
5068 silly ADD node_modules/object-assign
5069 silly ADD node_modules/nwsapi
5070 silly ADD node_modules/nth-check
5071 silly ADD node_modules/npm-run-path
5072 silly ADD node_modules/normalize-url
5073 silly ADD node_modules/normalize-range
5074 silly ADD node_modules/normalize-path
5075 silly ADD node_modules/node-releases
5076 silly ADD node_modules/node-int64
5077 silly ADD node_modules/node-forge
5078 silly ADD node_modules/no-case
5079 silly ADD node_modules/neo-async
5080 silly ADD node_modules/negotiator
5081 silly ADD node_modules/ncp
5082 silly ADD node_modules/natural-compare-lite
5083 silly ADD node_modules/natural-compare
5084 silly ADD node_modules/nanoid
5085 silly ADD node_modules/multicast-dns-service-types
5086 silly ADD node_modules/multicast-dns
5087 silly ADD node_modules/ms
5088 silly ADD node_modules/mkdirp
5089 silly ADD node_modules/minimist
5090 silly ADD node_modules/minimatch
5091 silly ADD node_modules/minimalistic-assert
5092 silly ADD node_modules/mini-css-extract-plugin
5093 silly ADD node_modules/mini-css-extract-plugin/node_modules/schema-utils
5094 silly ADD node_modules/mini-css-extract-plugin/node_modules/json-schema-traverse
5095 silly ADD node_modules/mini-css-extract-plugin/node_modules/ajv-keywords
5096 silly ADD node_modules/mini-css-extract-plugin/node_modules/ajv
5097 silly ADD node_modules/mini-create-react-context
5098 silly ADD node_modules/mimic-fn
5099 silly ADD node_modules/mime-types
5100 silly ADD node_modules/mime-db
5101 silly ADD node_modules/mime
5102 silly ADD node_modules/micromatch
5103 silly ADD node_modules/methods
5104 silly ADD node_modules/merge2
5105 silly ADD node_modules/merge-stream
5106 silly ADD node_modules/merge-descriptors
5107 silly ADD node_modules/memfs
5108 silly ADD node_modules/media-typer
5109 silly ADD node_modules/mdn-data
5110 silly ADD node_modules/makeerror
5111 silly ADD node_modules/make-dir
5112 silly ADD node_modules/make-dir/node_modules/semver
5113 silly ADD node_modules/magic-string
5114 silly ADD node_modules/lru-cache
5115 silly ADD node_modules/lower-case
5116 silly ADD node_modules/loose-envify
5117 silly ADD node_modules/lodash.uniq
5118 silly ADD node_modules/lodash.sortby
5119 silly ADD node_modules/lodash.merge
5120 silly ADD node_modules/lodash.memoize
5121 silly ADD node_modules/lodash.debounce
5122 silly ADD node_modules/lodash
5123 silly ADD node_modules/locate-path
5124 silly ADD node_modules/loader-utils
5125 silly ADD node_modules/loader-runner
5126 silly ADD node_modules/lines-and-columns
5127 silly ADD node_modules/lilconfig
5128 silly ADD node_modules/levn
5129 silly ADD node_modules/leven
5130 silly ADD node_modules/language-tags
5131 silly ADD node_modules/language-subtag-registry
5132 silly ADD node_modules/klona
5133 silly ADD node_modules/kleur
5134 silly ADD node_modules/kind-of
5135 silly ADD node_modules/jsx-ast-utils
5136 silly ADD node_modules/jss-plugin-vendor-prefixer
5137 silly ADD node_modules/jss-plugin-rule-value-function
5138 silly ADD node_modules/jss-plugin-props-sort
5139 silly ADD node_modules/jss-plugin-nested
5140 silly ADD node_modules/jss-plugin-global
5141 silly ADD node_modules/jss-plugin-default-unit
5142 silly ADD node_modules/jss-plugin-camel-case
5143 silly ADD node_modules/jss
5144 silly ADD node_modules/jsonpointer
5145 silly ADD node_modules/jsonfile
5146 silly ADD node_modules/json5
5147 silly ADD node_modules/json-stable-stringify-without-jsonify
5148 silly ADD node_modules/json-schema-traverse
5149 silly ADD node_modules/json-schema
5150 silly ADD node_modules/json-parse-even-better-errors
5151 silly ADD node_modules/jsesc
5152 silly ADD node_modules/jsdom
5153 silly ADD node_modules/js-yaml
5154 silly ADD node_modules/js-tokens
5155 silly ADD node_modules/jest-worker
5156 silly ADD node_modules/jest-worker/node_modules/supports-color
5157 silly ADD node_modules/jest-worker/node_modules/has-flag
5158 silly ADD node_modules/jest-watcher
5159 silly ADD node_modules/jest-watcher/node_modules/supports-color
5160 silly ADD node_modules/jest-watcher/node_modules/has-flag
5161 silly ADD node_modules/jest-watcher/node_modules/color-name
5162 silly ADD node_modules/jest-watcher/node_modules/color-convert
5163 silly ADD node_modules/jest-watcher/node_modules/chalk
5164 silly ADD node_modules/jest-watcher/node_modules/ansi-styles
5165 silly ADD node_modules/jest-watch-typeahead
5166 silly ADD node_modules/jest-watch-typeahead/node_modules/supports-color
5167 silly ADD node_modules/jest-watch-typeahead/node_modules/strip-ansi
5168 silly ADD node_modules/jest-watch-typeahead/node_modules/string-length
5169 silly ADD node_modules/jest-watch-typeahead/node_modules/slash
5170 silly ADD node_modules/jest-watch-typeahead/node_modules/has-flag
5171 silly ADD node_modules/jest-watch-typeahead/node_modules/color-name
5172 silly ADD node_modules/jest-watch-typeahead/node_modules/color-convert
5173 silly ADD node_modules/jest-watch-typeahead/node_modules/char-regex
5174 silly ADD node_modules/jest-watch-typeahead/node_modules/chalk
5175 silly ADD node_modules/jest-watch-typeahead/node_modules/ansi-styles
5176 silly ADD node_modules/jest-watch-typeahead/node_modules/ansi-regex
5177 silly ADD node_modules/jest-validate
5178 silly ADD node_modules/jest-validate/node_modules/supports-color
5179 silly ADD node_modules/jest-validate/node_modules/has-flag
5180 silly ADD node_modules/jest-validate/node_modules/color-name
5181 silly ADD node_modules/jest-validate/node_modules/color-convert
5182 silly ADD node_modules/jest-validate/node_modules/chalk
5183 silly ADD node_modules/jest-validate/node_modules/ansi-styles
5184 silly ADD node_modules/jest-util
5185 silly ADD node_modules/jest-util/node_modules/supports-color
5186 silly ADD node_modules/jest-util/node_modules/has-flag
5187 silly ADD node_modules/jest-util/node_modules/color-name
5188 silly ADD node_modules/jest-util/node_modules/color-convert
5189 silly ADD node_modules/jest-util/node_modules/chalk
5190 silly ADD node_modules/jest-util/node_modules/ansi-styles
5191 silly ADD node_modules/jest-snapshot
5192 silly ADD node_modules/jest-snapshot/node_modules/supports-color
5193 silly ADD node_modules/jest-snapshot/node_modules/has-flag
5194 silly ADD node_modules/jest-snapshot/node_modules/color-name
5195 silly ADD node_modules/jest-snapshot/node_modules/color-convert
5196 silly ADD node_modules/jest-snapshot/node_modules/chalk
5197 silly ADD node_modules/jest-snapshot/node_modules/ansi-styles
5198 silly ADD node_modules/jest-serializer
5199 silly ADD node_modules/jest-runtime
5200 silly ADD node_modules/jest-runtime/node_modules/supports-color
5201 silly ADD node_modules/jest-runtime/node_modules/has-flag
5202 silly ADD node_modules/jest-runtime/node_modules/color-name
5203 silly ADD node_modules/jest-runtime/node_modules/color-convert
5204 silly ADD node_modules/jest-runtime/node_modules/chalk
5205 silly ADD node_modules/jest-runtime/node_modules/ansi-styles
5206 silly ADD node_modules/jest-runner
5207 silly ADD node_modules/jest-runner/node_modules/supports-color
5208 silly ADD node_modules/jest-runner/node_modules/has-flag
5209 silly ADD node_modules/jest-runner/node_modules/color-name
5210 silly ADD node_modules/jest-runner/node_modules/color-convert
5211 silly ADD node_modules/jest-runner/node_modules/chalk
5212 silly ADD node_modules/jest-runner/node_modules/ansi-styles
5213 silly ADD node_modules/jest-resolve-dependencies
5214 silly ADD node_modules/jest-resolve
5215 silly ADD node_modules/jest-resolve/node_modules/supports-color
5216 silly ADD node_modules/jest-resolve/node_modules/has-flag
5217 silly ADD node_modules/jest-resolve/node_modules/color-name
5218 silly ADD node_modules/jest-resolve/node_modules/color-convert
5219 silly ADD node_modules/jest-resolve/node_modules/chalk
5220 silly ADD node_modules/jest-resolve/node_modules/ansi-styles
5221 silly ADD node_modules/jest-regex-util
5222 silly ADD node_modules/jest-pnp-resolver
5223 silly ADD node_modules/jest-mock
5224 silly ADD node_modules/jest-message-util
5225 silly ADD node_modules/jest-message-util/node_modules/supports-color
5226 silly ADD node_modules/jest-message-util/node_modules/has-flag
5227 silly ADD node_modules/jest-message-util/node_modules/color-name
5228 silly ADD node_modules/jest-message-util/node_modules/color-convert
5229 silly ADD node_modules/jest-message-util/node_modules/chalk
5230 silly ADD node_modules/jest-message-util/node_modules/ansi-styles
5231 silly ADD node_modules/jest-matcher-utils
5232 silly ADD node_modules/jest-matcher-utils/node_modules/supports-color
5233 silly ADD node_modules/jest-matcher-utils/node_modules/has-flag
5234 silly ADD node_modules/jest-matcher-utils/node_modules/color-name
5235 silly ADD node_modules/jest-matcher-utils/node_modules/color-convert
5236 silly ADD node_modules/jest-matcher-utils/node_modules/chalk
5237 silly ADD node_modules/jest-matcher-utils/node_modules/ansi-styles
5238 silly ADD node_modules/jest-leak-detector
5239 silly ADD node_modules/jest-jasmine2
5240 silly ADD node_modules/jest-jasmine2/node_modules/supports-color
5241 silly ADD node_modules/jest-jasmine2/node_modules/has-flag
5242 silly ADD node_modules/jest-jasmine2/node_modules/color-name
5243 silly ADD node_modules/jest-jasmine2/node_modules/color-convert
5244 silly ADD node_modules/jest-jasmine2/node_modules/chalk
5245 silly ADD node_modules/jest-jasmine2/node_modules/ansi-styles
5246 silly ADD node_modules/jest-haste-map
5247 silly ADD node_modules/jest-get-type
5248 silly ADD node_modules/jest-environment-node
5249 silly ADD node_modules/jest-environment-jsdom
5250 silly ADD node_modules/jest-each
5251 silly ADD node_modules/jest-each/node_modules/supports-color
5252 silly ADD node_modules/jest-each/node_modules/has-flag
5253 silly ADD node_modules/jest-each/node_modules/color-name
5254 silly ADD node_modules/jest-each/node_modules/color-convert
5255 silly ADD node_modules/jest-each/node_modules/chalk
5256 silly ADD node_modules/jest-each/node_modules/ansi-styles
5257 silly ADD node_modules/jest-docblock
5258 silly ADD node_modules/jest-diff
5259 silly ADD node_modules/jest-diff/node_modules/supports-color
5260 silly ADD node_modules/jest-diff/node_modules/has-flag
5261 silly ADD node_modules/jest-diff/node_modules/color-name
5262 silly ADD node_modules/jest-diff/node_modules/color-convert
5263 silly ADD node_modules/jest-diff/node_modules/chalk
5264 silly ADD node_modules/jest-diff/node_modules/ansi-styles
5265 silly ADD node_modules/jest-config
5266 silly ADD node_modules/jest-config/node_modules/supports-color
5267 silly ADD node_modules/jest-config/node_modules/has-flag
5268 silly ADD node_modules/jest-config/node_modules/color-name
5269 silly ADD node_modules/jest-config/node_modules/color-convert
5270 silly ADD node_modules/jest-config/node_modules/chalk
5271 silly ADD node_modules/jest-config/node_modules/ansi-styles
5272 silly ADD node_modules/jest-cli
5273 silly ADD node_modules/jest-cli/node_modules/supports-color
5274 silly ADD node_modules/jest-cli/node_modules/has-flag
5275 silly ADD node_modules/jest-cli/node_modules/color-name
5276 silly ADD node_modules/jest-cli/node_modules/color-convert
5277 silly ADD node_modules/jest-cli/node_modules/chalk
5278 silly ADD node_modules/jest-cli/node_modules/ansi-styles
5279 silly ADD node_modules/jest-circus
5280 silly ADD node_modules/jest-circus/node_modules/supports-color
5281 silly ADD node_modules/jest-circus/node_modules/has-flag
5282 silly ADD node_modules/jest-circus/node_modules/color-name
5283 silly ADD node_modules/jest-circus/node_modules/color-convert
5284 silly ADD node_modules/jest-circus/node_modules/chalk
5285 silly ADD node_modules/jest-circus/node_modules/ansi-styles
5286 silly ADD node_modules/jest-changed-files
5287 silly ADD node_modules/jest
5288 silly ADD node_modules/jake
5289 silly ADD node_modules/jake/node_modules/supports-color
5290 silly ADD node_modules/jake/node_modules/has-flag
5291 silly ADD node_modules/jake/node_modules/color-name
5292 silly ADD node_modules/jake/node_modules/color-convert
5293 silly ADD node_modules/jake/node_modules/chalk
5294 silly ADD node_modules/jake/node_modules/async
5295 silly ADD node_modules/jake/node_modules/ansi-styles
5296 silly ADD node_modules/istanbul-reports
5297 silly ADD node_modules/istanbul-lib-source-maps
5298 silly ADD node_modules/istanbul-lib-source-maps/node_modules/source-map
5299 silly ADD node_modules/istanbul-lib-report
5300 silly ADD node_modules/istanbul-lib-report/node_modules/supports-color
5301 silly ADD node_modules/istanbul-lib-report/node_modules/has-flag
5302 silly ADD node_modules/istanbul-lib-instrument
5303 silly ADD node_modules/istanbul-lib-instrument/node_modules/semver
5304 silly ADD node_modules/istanbul-lib-coverage
5305 silly ADD node_modules/isexe
5306 silly ADD node_modules/isarray
5307 silly ADD node_modules/is-wsl
5308 silly ADD node_modules/is-weakset
5309 silly ADD node_modules/is-weakref
5310 silly ADD node_modules/is-weakmap
5311 silly ADD node_modules/is-typedarray
5312 silly ADD node_modules/is-typed-array
5313 silly ADD node_modules/is-symbol
5314 silly ADD node_modules/is-string
5315 silly ADD node_modules/is-stream
5316 silly ADD node_modules/is-shared-array-buffer
5317 silly ADD node_modules/is-set
5318 silly ADD node_modules/is-root
5319 silly ADD node_modules/is-regexp
5320 silly ADD node_modules/is-regex
5321 silly ADD node_modules/is-potential-custom-element-name
5322 silly ADD node_modules/is-plain-obj
5323 silly ADD node_modules/is-path-inside
5324 silly ADD node_modules/is-path-cwd
5325 silly ADD node_modules/is-obj
5326 silly ADD node_modules/is-number-object
5327 silly ADD node_modules/is-number
5328 silly ADD node_modules/is-negative-zero
5329 silly ADD node_modules/is-module
5330 silly ADD node_modules/is-map
5331 silly ADD node_modules/is-in-browser
5332 silly ADD node_modules/is-glob
5333 silly ADD node_modules/is-generator-fn
5334 silly ADD node_modules/is-fullwidth-code-point
5335 silly ADD node_modules/is-extglob
5336 silly ADD node_modules/is-docker
5337 silly ADD node_modules/is-date-object
5338 silly ADD node_modules/is-core-module
5339 silly ADD node_modules/is-callable
5340 silly ADD node_modules/is-boolean-object
5341 silly ADD node_modules/is-binary-path
5342 silly ADD node_modules/is-bigint
5343 silly ADD node_modules/is-arrayish
5344 silly ADD node_modules/is-array-buffer
5345 silly ADD node_modules/is-arguments
5346 silly ADD node_modules/ipaddr.js
5347 silly ADD node_modules/ip
5348 silly ADD node_modules/internal-slot
5349 silly ADD node_modules/ini
5350 silly ADD node_modules/inherits
5351 silly ADD node_modules/inflight
5352 silly ADD node_modules/indent-string
5353 silly ADD node_modules/imurmurhash
5354 silly ADD node_modules/import-local
5355 silly ADD node_modules/import-fresh
5356 silly ADD node_modules/import-fresh/node_modules/resolve-from
5357 silly ADD node_modules/immer
5358 silly ADD node_modules/ignore
5359 silly ADD node_modules/identity-obj-proxy
5360 silly ADD node_modules/idb
5361 silly ADD node_modules/icss-utils
5362 silly ADD node_modules/iconv-lite
5363 silly ADD node_modules/hyphenate-style-name
5364 silly ADD node_modules/human-signals
5365 silly ADD node_modules/https-proxy-agent
5366 silly ADD node_modules/http-proxy-middleware
5367 silly ADD node_modules/http-proxy-agent
5368 silly ADD node_modules/http-proxy
5369 silly ADD node_modules/http-parser-js
5370 silly ADD node_modules/http-errors
5371 silly ADD node_modules/http-errors/node_modules/statuses
5372 silly ADD node_modules/http-errors/node_modules/depd
5373 silly ADD node_modules/http-deceiver
5374 silly ADD node_modules/htmlparser2
5375 silly ADD node_modules/html-webpack-plugin
5376 silly ADD node_modules/html-minifier-terser
5377 silly ADD node_modules/html-minifier-terser/node_modules/commander
5378 silly ADD node_modules/html-escaper
5379 silly ADD node_modules/html-entities
5380 silly ADD node_modules/html-encoding-sniffer
5381 silly ADD node_modules/hpack.js
5382 silly ADD node_modules/hpack.js/node_modules/string_decoder
5383 silly ADD node_modules/hpack.js/node_modules/readable-stream
5384 silly ADD node_modules/hoopy
5385 silly ADD node_modules/hoist-non-react-statics
5386 silly ADD node_modules/history
5387 silly ADD node_modules/he
5388 silly ADD node_modules/hasown
5389 silly ADD node_modules/has-tostringtag
5390 silly ADD node_modules/has-symbols
5391 silly ADD node_modules/has-proto
5392 silly ADD node_modules/has-property-descriptors
5393 silly ADD node_modules/has-flag
5394 silly ADD node_modules/has-bigints
5395 silly ADD node_modules/has
5396 silly ADD node_modules/harmony-reflect
5397 silly ADD node_modules/handle-thing
5398 silly ADD node_modules/gzip-size
5399 silly ADD node_modules/grapheme-splitter
5400 silly ADD node_modules/graceful-fs
5401 silly ADD node_modules/gopd
5402 silly ADD node_modules/globby
5403 silly ADD node_modules/globalthis
5404 silly ADD node_modules/globals
5405 silly ADD node_modules/global-prefix
5406 silly ADD node_modules/global-modules
5407 silly ADD node_modules/glob-to-regexp
5408 silly ADD node_modules/glob-parent
5409 silly ADD node_modules/glob
5410 silly ADD node_modules/get-symbol-description
5411 silly ADD node_modules/get-stream
5412 silly ADD node_modules/get-package-type
5413 silly ADD node_modules/get-own-enumerable-property-symbols
5414 silly ADD node_modules/get-intrinsic
5415 silly ADD node_modules/get-caller-file
5416 silly ADD node_modules/gensync
5417 silly ADD node_modules/functions-have-names
5418 silly ADD node_modules/functional-red-black-tree
5419 silly ADD node_modules/function.prototype.name
5420 silly ADD node_modules/function-bind
5421 silly ADD node_modules/fs.realpath
5422 silly ADD node_modules/fs-monkey
5423 silly ADD node_modules/fs-extra
5424 silly ADD node_modules/fresh
5425 silly ADD node_modules/fraction.js
5426 silly ADD node_modules/forwarded
5427 silly ADD node_modules/form-data
5428 silly ADD node_modules/fork-ts-checker-webpack-plugin
5429 silly ADD node_modules/fork-ts-checker-webpack-plugin/node_modules/tapable
5430 silly ADD node_modules/fork-ts-checker-webpack-plugin/node_modules/supports-color
5431 silly ADD node_modules/fork-ts-checker-webpack-plugin/node_modules/schema-utils
5432 silly ADD node_modules/fork-ts-checker-webpack-plugin/node_modules/has-flag
5433 silly ADD node_modules/fork-ts-checker-webpack-plugin/node_modules/fs-extra
5434 silly ADD node_modules/fork-ts-checker-webpack-plugin/node_modules/cosmiconfig
5435 silly ADD node_modules/fork-ts-checker-webpack-plugin/node_modules/color-name
5436 silly ADD node_modules/fork-ts-checker-webpack-plugin/node_modules/color-convert
5437 silly ADD node_modules/fork-ts-checker-webpack-plugin/node_modules/chalk
5438 silly ADD node_modules/fork-ts-checker-webpack-plugin/node_modules/ansi-styles
5439 silly ADD node_modules/for-each
5440 silly ADD node_modules/follow-redirects
5441 silly ADD node_modules/flatted
5442 silly ADD node_modules/flat-cache
5443 silly ADD node_modules/find-up
5444 silly ADD node_modules/find-root
5445 silly ADD node_modules/find-cache-dir
5446 silly ADD node_modules/finalhandler
5447 silly ADD node_modules/finalhandler/node_modules/statuses
5448 silly ADD node_modules/finalhandler/node_modules/ms
5449 silly ADD node_modules/finalhandler/node_modules/debug
5450 silly ADD node_modules/fill-range
5451 silly ADD node_modules/filesize
5452 silly ADD node_modules/filelist
5453 silly ADD node_modules/filelist/node_modules/minimatch
5454 silly ADD node_modules/filelist/node_modules/brace-expansion
5455 silly ADD node_modules/file-loader
5456 silly ADD node_modules/file-entry-cache
5457 silly ADD node_modules/fb-watchman
5458 silly ADD node_modules/faye-websocket
5459 silly ADD node_modules/fastq
5460 silly ADD node_modules/fast-levenshtein
5461 silly ADD node_modules/fast-json-stable-stringify
5462 silly ADD node_modules/fast-glob
5463 silly ADD node_modules/fast-glob/node_modules/glob-parent
5464 silly ADD node_modules/fast-deep-equal
5465 silly ADD node_modules/express
5466 silly ADD node_modules/express/node_modules/statuses
5467 silly ADD node_modules/express/node_modules/safe-buffer
5468 silly ADD node_modules/express/node_modules/ms
5469 silly ADD node_modules/express/node_modules/depd
5470 silly ADD node_modules/express/node_modules/debug
5471 silly ADD node_modules/express/node_modules/array-flatten
5472 silly ADD node_modules/expect
5473 silly ADD node_modules/exit
5474 silly ADD node_modules/execa
5475 silly ADD node_modules/events
5476 silly ADD node_modules/eventemitter3
5477 silly ADD node_modules/etag
5478 silly ADD node_modules/esutils
5479 silly ADD node_modules/estree-walker
5480 silly ADD node_modules/estraverse
5481 silly ADD node_modules/esrecurse
5482 silly ADD node_modules/esquery
5483 silly ADD node_modules/esprima
5484 silly ADD node_modules/espree
5485 silly ADD node_modules/eslint-webpack-plugin
5486 silly ADD node_modules/eslint-visitor-keys
5487 silly ADD node_modules/eslint-utils
5488 silly ADD node_modules/eslint-utils/node_modules/eslint-visitor-keys
5489 silly ADD node_modules/eslint-scope
5490 silly ADD node_modules/eslint-plugin-testing-library
5491 silly ADD node_modules/eslint-plugin-react-hooks
5492 silly ADD node_modules/eslint-plugin-react
5493 silly ADD node_modules/eslint-plugin-react/node_modules/semver
5494 silly ADD node_modules/eslint-plugin-react/node_modules/resolve
5495 silly ADD node_modules/eslint-plugin-react/node_modules/doctrine
5496 silly ADD node_modules/eslint-plugin-jsx-a11y
5497 silly ADD node_modules/eslint-plugin-jsx-a11y/node_modules/semver
5498 silly ADD node_modules/eslint-plugin-jest
5499 silly ADD node_modules/eslint-plugin-import
5500 silly ADD node_modules/eslint-plugin-import/node_modules/semver
5501 silly ADD node_modules/eslint-plugin-import/node_modules/resolve
5502 silly ADD node_modules/eslint-plugin-import/node_modules/doctrine
5503 silly ADD node_modules/eslint-plugin-import/node_modules/debug
5504 silly ADD node_modules/eslint-plugin-flowtype
5505 silly ADD node_modules/eslint-module-utils
5506 silly ADD node_modules/eslint-module-utils/node_modules/debug
5507 silly ADD node_modules/eslint-import-resolver-node
5508 silly ADD node_modules/eslint-import-resolver-node/node_modules/resolve
5509 silly ADD node_modules/eslint-import-resolver-node/node_modules/debug
5510 silly ADD node_modules/eslint-config-react-app
5511 silly ADD node_modules/eslint
5512 silly ADD node_modules/eslint/node_modules/type-fest
5513 silly ADD node_modules/eslint/node_modules/supports-color
5514 silly ADD node_modules/eslint/node_modules/js-yaml
5515 silly ADD node_modules/eslint/node_modules/has-flag
5516 silly ADD node_modules/eslint/node_modules/globals
5517 silly ADD node_modules/eslint/node_modules/escape-string-regexp
5518 silly ADD node_modules/eslint/node_modules/color-name
5519 silly ADD node_modules/eslint/node_modules/color-convert
5520 silly ADD node_modules/eslint/node_modules/chalk
5521 silly ADD node_modules/eslint/node_modules/argparse
5522 silly ADD node_modules/eslint/node_modules/ansi-styles
5523 silly ADD node_modules/escodegen
5524 silly ADD node_modules/escodegen/node_modules/type-check
5525 silly ADD node_modules/escodegen/node_modules/source-map
5526 silly ADD node_modules/escodegen/node_modules/prelude-ls
5527 silly ADD node_modules/escodegen/node_modules/optionator
5528 silly ADD node_modules/escodegen/node_modules/levn
5529 silly ADD node_modules/escape-string-regexp
5530 silly ADD node_modules/escape-html
5531 silly ADD node_modules/escalade
5532 silly ADD node_modules/es-to-primitive
5533 silly ADD node_modules/es-shim-unscopables
5534 silly ADD node_modules/es-set-tostringtag
5535 silly ADD node_modules/es-module-lexer
5536 silly ADD node_modules/es-get-iterator
5537 silly ADD node_modules/es-get-iterator/node_modules/isarray
5538 silly ADD node_modules/es-errors
5539 silly ADD node_modules/es-define-property
5540 silly ADD node_modules/es-abstract
5541 silly ADD node_modules/error-stack-parser
5542 silly ADD node_modules/error-ex
5543 silly ADD node_modules/env-cmd
5544 silly ADD node_modules/env-cmd/node_modules/commander
5545 silly ADD node_modules/entities
5546 silly ADD node_modules/enhanced-resolve
5547 silly ADD node_modules/encodeurl
5548 silly ADD node_modules/emojis-list
5549 silly ADD node_modules/emoji-regex
5550 silly ADD node_modules/emittery
5551 silly ADD node_modules/electron-to-chromium
5552 silly ADD node_modules/ejs
5553 silly ADD node_modules/ee-first
5554 silly ADD node_modules/duplexer
5555 silly ADD node_modules/dotenv-expand
5556 silly ADD node_modules/dotenv
5557 silly ADD node_modules/dot-case
5558 silly ADD node_modules/domutils
5559 silly ADD node_modules/domhandler
5560 silly ADD node_modules/domexception
5561 silly ADD node_modules/domexception/node_modules/webidl-conversions
5562 silly ADD node_modules/domelementtype
5563 silly ADD node_modules/dom-serializer
5564 silly ADD node_modules/dom-helpers
5565 silly ADD node_modules/dom-converter
5566 silly ADD node_modules/doctrine
5567 silly ADD node_modules/dns-txt
5568 silly ADD node_modules/dns-packet
5569 silly ADD node_modules/dns-equal
5570 silly ADD node_modules/dlv
5571 silly ADD node_modules/dir-glob
5572 silly ADD node_modules/diff-sequences
5573 silly ADD node_modules/didyoumean
5574 silly ADD node_modules/detective
5575 silly ADD node_modules/detect-port-alt
5576 silly ADD node_modules/detect-port-alt/node_modules/ms
5577 silly ADD node_modules/detect-port-alt/node_modules/debug
5578 silly ADD node_modules/detect-node
5579 silly ADD node_modules/detect-newline
5580 silly ADD node_modules/destroy
5581 silly ADD node_modules/depd
5582 silly ADD node_modules/delayed-stream
5583 silly ADD node_modules/del
5584 silly ADD node_modules/defined
5585 silly ADD node_modules/define-properties
5586 silly ADD node_modules/define-lazy-prop
5587 silly ADD node_modules/define-data-property
5588 silly ADD node_modules/default-gateway
5589 silly ADD node_modules/deepmerge
5590 silly ADD node_modules/deep-is
5591 silly ADD node_modules/deep-equal
5592 silly ADD node_modules/dedent
5593 silly ADD node_modules/decimal.js
5594 silly ADD node_modules/debug
5595 silly ADD node_modules/data-urls
5596 silly ADD node_modules/damerau-levenshtein
5597 silly ADD node_modules/csstype
5598 silly ADD node_modules/cssstyle
5599 silly ADD node_modules/cssstyle/node_modules/cssom
5600 silly ADD node_modules/cssom
5601 silly ADD node_modules/csso
5602 silly ADD node_modules/csso/node_modules/source-map
5603 silly ADD node_modules/csso/node_modules/mdn-data
5604 silly ADD node_modules/csso/node_modules/css-tree
5605 silly ADD node_modules/cssnano-utils
5606 silly ADD node_modules/cssnano-preset-default
5607 silly ADD node_modules/cssnano
5608 silly ADD node_modules/cssesc
5609 silly ADD node_modules/cssdb
5610 silly ADD node_modules/css-what
5611 silly ADD node_modules/css-vendor
5612 silly ADD node_modules/css-tree
5613 silly ADD node_modules/css-tree/node_modules/source-map
5614 silly ADD node_modules/css-select-base-adapter
5615 silly ADD node_modules/css-select
5616 silly ADD node_modules/css-prefers-color-scheme
5617 silly ADD node_modules/css-minimizer-webpack-plugin
5618 silly ADD node_modules/css-minimizer-webpack-plugin/node_modules/source-map
5619 silly ADD node_modules/css-minimizer-webpack-plugin/node_modules/schema-utils
5620 silly ADD node_modules/css-minimizer-webpack-plugin/node_modules/json-schema-traverse
5621 silly ADD node_modules/css-minimizer-webpack-plugin/node_modules/ajv-keywords
5622 silly ADD node_modules/css-minimizer-webpack-plugin/node_modules/ajv
5623 silly ADD node_modules/css-loader
5624 silly ADD node_modules/css-has-pseudo
5625 silly ADD node_modules/css-declaration-sorter
5626 silly ADD node_modules/css-blank-pseudo
5627 silly ADD node_modules/crypto-random-string
5628 silly ADD node_modules/cross-spawn
5629 silly ADD node_modules/cross-spawn/node_modules/which
5630 silly ADD node_modules/cosmiconfig
5631 silly ADD node_modules/core-util-is
5632 silly ADD node_modules/core-js-pure
5633 silly ADD node_modules/core-js-compat
5634 silly ADD node_modules/core-js
5635 silly ADD node_modules/cookie-signature
5636 silly ADD node_modules/cookie
5637 silly ADD node_modules/convert-source-map
5638 silly ADD node_modules/content-type
5639 silly ADD node_modules/content-disposition
5640 silly ADD node_modules/content-disposition/node_modules/safe-buffer
5641 silly ADD node_modules/connect-history-api-fallback
5642 silly ADD node_modules/confusing-browser-globals
5643 silly ADD node_modules/concat-map
5644 silly ADD node_modules/compression
5645 silly ADD node_modules/compression/node_modules/ms
5646 silly ADD node_modules/compression/node_modules/debug
5647 silly ADD node_modules/compressible
5648 silly ADD node_modules/commondir
5649 silly ADD node_modules/common-tags
5650 silly ADD node_modules/common-path-prefix
5651 silly ADD node_modules/commander
5652 silly ADD node_modules/combined-stream
5653 silly ADD node_modules/colorette
5654 silly ADD node_modules/colord
5655 silly ADD node_modules/color-name
5656 silly ADD node_modules/color-convert
5657 silly ADD node_modules/collect-v8-coverage
5658 silly ADD node_modules/coa
5659 silly ADD node_modules/co
5660 silly ADD node_modules/clsx
5661 silly ADD node_modules/cliui
5662 silly ADD node_modules/clean-stack
5663 silly ADD node_modules/clean-css
5664 silly ADD node_modules/clean-css/node_modules/source-map
5665 silly ADD node_modules/cjs-module-lexer
5666 silly ADD node_modules/ci-info
5667 silly ADD node_modules/chrome-trace-event
5668 silly ADD node_modules/chokidar
5669 silly ADD node_modules/chokidar/node_modules/glob-parent
5670 silly ADD node_modules/check-types
5671 silly ADD node_modules/char-regex
5672 silly ADD node_modules/chalk
5673 silly ADD node_modules/case-sensitive-paths-webpack-plugin
5674 silly ADD node_modules/caniuse-lite
5675 silly ADD node_modules/caniuse-api
5676 silly ADD node_modules/camelcase-css
5677 silly ADD node_modules/camelcase
5678 silly ADD node_modules/camel-case
5679 silly ADD node_modules/callsites
5680 silly ADD node_modules/call-bind
5681 silly ADD node_modules/bytes
5682 silly ADD node_modules/builtin-modules
5683 silly ADD node_modules/buffer-indexof
5684 silly ADD node_modules/buffer-from
5685 silly ADD node_modules/bser
5686 silly ADD node_modules/browserslist
5687 silly ADD node_modules/browser-process-hrtime
5688 silly ADD node_modules/braces
5689 silly ADD node_modules/brace-expansion
5690 silly ADD node_modules/boolbase
5691 silly ADD node_modules/bonjour
5692 silly ADD node_modules/body-parser
5693 silly ADD node_modules/body-parser/node_modules/ms
5694 silly ADD node_modules/body-parser/node_modules/depd
5695 silly ADD node_modules/body-parser/node_modules/debug
5696 silly ADD node_modules/body-parser/node_modules/bytes
5697 silly ADD node_modules/bluebird
5698 silly ADD node_modules/binary-extensions
5699 silly ADD node_modules/big.js
5700 silly ADD node_modules/bfj
5701 silly ADD node_modules/batch
5702 silly ADD node_modules/balanced-match
5703 silly ADD node_modules/babel-preset-react-app
5704 silly ADD node_modules/babel-preset-jest
5705 silly ADD node_modules/babel-preset-current-node-syntax
5706 silly ADD node_modules/babel-plugin-transform-react-remove-prop-types
5707 silly ADD node_modules/babel-plugin-polyfill-regenerator
5708 silly ADD node_modules/babel-plugin-polyfill-corejs3
5709 silly ADD node_modules/babel-plugin-polyfill-corejs2
5710 silly ADD node_modules/babel-plugin-polyfill-corejs2/node_modules/semver
5711 silly ADD node_modules/babel-plugin-named-asset-import
5712 silly ADD node_modules/babel-plugin-macros
5713 silly ADD node_modules/babel-plugin-jest-hoist
5714 silly ADD node_modules/babel-plugin-istanbul
5715 silly ADD node_modules/babel-plugin-dynamic-import-node
5716 silly ADD node_modules/babel-loader
5717 silly ADD node_modules/babel-loader/node_modules/schema-utils
5718 silly ADD node_modules/babel-loader/node_modules/loader-utils
5719 silly ADD node_modules/babel-loader/node_modules/json5
5720 silly ADD node_modules/babel-jest
5721 silly ADD node_modules/babel-jest/node_modules/supports-color
5722 silly ADD node_modules/babel-jest/node_modules/has-flag
5723 silly ADD node_modules/babel-jest/node_modules/color-name
5724 silly ADD node_modules/babel-jest/node_modules/color-convert
5725 silly ADD node_modules/babel-jest/node_modules/chalk
5726 silly ADD node_modules/babel-jest/node_modules/ansi-styles
5727 silly ADD node_modules/axobject-query
5728 silly ADD node_modules/axobject-query/node_modules/isarray
5729 silly ADD node_modules/axobject-query/node_modules/deep-equal
5730 silly ADD node_modules/axe-core
5731 silly ADD node_modules/available-typed-arrays
5732 silly ADD node_modules/autoprefixer
5733 silly ADD node_modules/at-least-node
5734 silly ADD node_modules/asynckit
5735 silly ADD node_modules/async
5736 silly ADD node_modules/ast-types-flow
5737 silly ADD node_modules/asap
5738 silly ADD node_modules/array.prototype.tosorted
5739 silly ADD node_modules/array.prototype.flatmap
5740 silly ADD node_modules/array.prototype.flat
5741 silly ADD node_modules/array-union
5742 silly ADD node_modules/array-includes
5743 silly ADD node_modules/array-flatten
5744 silly ADD node_modules/array-buffer-byte-length
5745 silly ADD node_modules/aria-query
5746 silly ADD node_modules/aria-query/node_modules/isarray
5747 silly ADD node_modules/aria-query/node_modules/deep-equal
5748 silly ADD node_modules/argparse
5749 silly ADD node_modules/arg
5750 silly ADD node_modules/anymatch
5751 silly ADD node_modules/ansi-styles
5752 silly ADD node_modules/ansi-regex
5753 silly ADD node_modules/ansi-html-community
5754 silly ADD node_modules/ansi-escapes
5755 silly ADD node_modules/ajv-keywords
5756 silly ADD node_modules/ajv-formats
5757 silly ADD node_modules/ajv-formats/node_modules/json-schema-traverse
5758 silly ADD node_modules/ajv-formats/node_modules/ajv
5759 silly ADD node_modules/ajv
5760 silly ADD node_modules/aggregate-error
5761 silly ADD node_modules/agent-base
5762 silly ADD node_modules/adjust-sourcemap-loader
5763 silly ADD node_modules/address
5764 silly ADD node_modules/acorn-walk
5765 silly ADD node_modules/acorn-node
5766 silly ADD node_modules/acorn-node/node_modules/acorn
5767 silly ADD node_modules/acorn-jsx
5768 silly ADD node_modules/acorn-import-attributes
5769 silly ADD node_modules/acorn-globals
5770 silly ADD node_modules/acorn-globals/node_modules/acorn
5771 silly ADD node_modules/acorn
5772 silly ADD node_modules/accepts
5773 silly ADD node_modules/abab
5774 silly ADD node_modules/@xtuc/long
5775 silly ADD node_modules/@xtuc/ieee754
5776 silly ADD node_modules/@webassemblyjs/wast-printer
5777 silly ADD node_modules/@webassemblyjs/wasm-parser
5778 silly ADD node_modules/@webassemblyjs/wasm-opt
5779 silly ADD node_modules/@webassemblyjs/wasm-gen
5780 silly ADD node_modules/@webassemblyjs/wasm-edit
5781 silly ADD node_modules/@webassemblyjs/utf8
5782 silly ADD node_modules/@webassemblyjs/leb128
5783 silly ADD node_modules/@webassemblyjs/ieee754
5784 silly ADD node_modules/@webassemblyjs/helper-wasm-section
5785 silly ADD node_modules/@webassemblyjs/helper-wasm-bytecode
5786 silly ADD node_modules/@webassemblyjs/helper-numbers
5787 silly ADD node_modules/@webassemblyjs/helper-buffer
5788 silly ADD node_modules/@webassemblyjs/helper-api-error
5789 silly ADD node_modules/@webassemblyjs/floating-point-hex-parser
5790 silly ADD node_modules/@webassemblyjs/ast
5791 silly ADD node_modules/@typescript-eslint/visitor-keys
5792 silly ADD node_modules/@typescript-eslint/utils
5793 silly ADD node_modules/@typescript-eslint/utils/node_modules/semver
5794 silly ADD node_modules/@typescript-eslint/utils/node_modules/estraverse
5795 silly ADD node_modules/@typescript-eslint/utils/node_modules/eslint-scope
5796 silly ADD node_modules/@typescript-eslint/typescript-estree
5797 silly ADD node_modules/@typescript-eslint/typescript-estree/node_modules/semver
5798 silly ADD node_modules/@typescript-eslint/typescript-estree/node_modules/debug
5799 silly ADD node_modules/@typescript-eslint/types
5800 silly ADD node_modules/@typescript-eslint/type-utils
5801 silly ADD node_modules/@typescript-eslint/type-utils/node_modules/debug
5802 silly ADD node_modules/@typescript-eslint/scope-manager
5803 silly ADD node_modules/@typescript-eslint/parser
5804 silly ADD node_modules/@typescript-eslint/parser/node_modules/debug
5805 silly ADD node_modules/@typescript-eslint/experimental-utils
5806 silly ADD node_modules/@typescript-eslint/eslint-plugin
5807 silly ADD node_modules/@typescript-eslint/eslint-plugin/node_modules/semver
5808 silly ADD node_modules/@typescript-eslint/eslint-plugin/node_modules/debug
5809 silly ADD node_modules/@types/yargs-parser
5810 silly ADD node_modules/@types/yargs
5811 silly ADD node_modules/@types/ws
5812 silly ADD node_modules/@types/trusted-types
5813 silly ADD node_modules/@types/stack-utils
5814 silly ADD node_modules/@types/sockjs
5815 silly ADD node_modules/@types/serve-static
5816 silly ADD node_modules/@types/serve-index
5817 silly ADD node_modules/@types/semver
5818 silly ADD node_modules/@types/scheduler
5819 silly ADD node_modules/@types/retry
5820 silly ADD node_modules/@types/resolve
5821 silly ADD node_modules/@types/react-transition-group
5822 silly ADD node_modules/@types/react-is
5823 silly ADD node_modules/@types/react
5824 silly ADD node_modules/@types/range-parser
5825 silly ADD node_modules/@types/qs
5826 silly ADD node_modules/@types/q
5827 silly ADD node_modules/@types/prop-types
5828 silly ADD node_modules/@types/prettier
5829 silly ADD node_modules/@types/parse-json
5830 silly ADD node_modules/@types/node
5831 silly ADD node_modules/@types/mime
5832 silly ADD node_modules/@types/json5
5833 silly ADD node_modules/@types/json-schema
5834 silly ADD node_modules/@types/istanbul-reports
5835 silly ADD node_modules/@types/istanbul-lib-report
5836 silly ADD node_modules/@types/istanbul-lib-coverage
5837 silly ADD node_modules/@types/http-proxy
5838 silly ADD node_modules/@types/html-minifier-terser
5839 silly ADD node_modules/@types/graceful-fs
5840 silly ADD node_modules/@types/express-serve-static-core
5841 silly ADD node_modules/@types/express
5842 silly ADD node_modules/@types/estree
5843 silly ADD node_modules/@types/eslint
5844 silly ADD node_modules/@types/connect-history-api-fallback
5845 silly ADD node_modules/@types/connect
5846 silly ADD node_modules/@types/bonjour
5847 silly ADD node_modules/@types/body-parser
5848 silly ADD node_modules/@types/babel__traverse
5849 silly ADD node_modules/@types/babel__template
5850 silly ADD node_modules/@types/babel__generator
5851 silly ADD node_modules/@types/babel__core
5852 silly ADD node_modules/@trysound/sax
5853 silly ADD node_modules/@tootallnate/once
5854 silly ADD node_modules/@svgr/webpack
5855 silly ADD node_modules/@svgr/plugin-svgo
5856 silly ADD node_modules/@svgr/plugin-jsx
5857 silly ADD node_modules/@svgr/hast-util-to-babel-ast
5858 silly ADD node_modules/@svgr/core
5859 silly ADD node_modules/@svgr/babel-preset
5860 silly ADD node_modules/@svgr/babel-plugin-transform-svg-component
5861 silly ADD node_modules/@svgr/babel-plugin-transform-react-native-svg
5862 silly ADD node_modules/@svgr/babel-plugin-svg-em-dimensions
5863 silly ADD node_modules/@svgr/babel-plugin-svg-dynamic-title
5864 silly ADD node_modules/@svgr/babel-plugin-replace-jsx-attribute-value
5865 silly ADD node_modules/@svgr/babel-plugin-remove-jsx-empty-expression
5866 silly ADD node_modules/@svgr/babel-plugin-remove-jsx-attribute
5867 silly ADD node_modules/@svgr/babel-plugin-add-jsx-attribute
5868 silly ADD node_modules/@surma/rollup-plugin-off-main-thread
5869 silly ADD node_modules/@sinonjs/fake-timers
5870 silly ADD node_modules/@sinonjs/commons
5871 silly ADD node_modules/@rushstack/eslint-patch
5872 silly ADD node_modules/@rollup/pluginutils
5873 silly ADD node_modules/@rollup/pluginutils/node_modules/@types/estree
5874 silly ADD node_modules/@rollup/plugin-replace
5875 silly ADD node_modules/@rollup/plugin-node-resolve
5876 silly ADD node_modules/@rollup/plugin-babel
5877 silly ADD node_modules/@popperjs/core
5878 silly ADD node_modules/@pmmmwh/react-refresh-webpack-plugin
5879 silly ADD node_modules/@pmmmwh/react-refresh-webpack-plugin/node_modules/source-map
5880 silly ADD node_modules/@nodelib/fs.walk
5881 silly ADD node_modules/@nodelib/fs.stat
5882 silly ADD node_modules/@nodelib/fs.scandir
5883 silly ADD node_modules/@nicolo-ribaudo/eslint-scope-5-internals
5884 silly ADD node_modules/@nicolo-ribaudo/eslint-scope-5-internals/node_modules/estraverse
5885 silly ADD node_modules/@nicolo-ribaudo/eslint-scope-5-internals/node_modules/eslint-scope
5886 silly ADD node_modules/@mui/utils
5887 silly ADD node_modules/@mui/utils/node_modules/react-is
5888 silly ADD node_modules/@mui/types
5889 silly ADD node_modules/@mui/system
5890 silly ADD node_modules/@mui/styles
5891 silly ADD node_modules/@mui/styled-engine
5892 silly ADD node_modules/@mui/private-theming
5893 silly ADD node_modules/@mui/material
5894 silly ADD node_modules/@mui/material/node_modules/react-is
5895 silly ADD node_modules/@mui/base
5896 silly ADD node_modules/@mui/base/node_modules/react-is
5897 silly ADD node_modules/@jridgewell/trace-mapping
5898 silly ADD node_modules/@jridgewell/sourcemap-codec
5899 silly ADD node_modules/@jridgewell/source-map
5900 silly ADD node_modules/@jridgewell/set-array
5901 silly ADD node_modules/@jridgewell/resolve-uri
5902 silly ADD node_modules/@jridgewell/gen-mapping
5903 silly ADD node_modules/@jest/types
5904 silly ADD node_modules/@jest/types/node_modules/supports-color
5905 silly ADD node_modules/@jest/types/node_modules/has-flag
5906 silly ADD node_modules/@jest/types/node_modules/color-name
5907 silly ADD node_modules/@jest/types/node_modules/color-convert
5908 silly ADD node_modules/@jest/types/node_modules/chalk
5909 silly ADD node_modules/@jest/types/node_modules/ansi-styles
5910 silly ADD node_modules/@jest/transform
5911 silly ADD node_modules/@jest/transform/node_modules/supports-color
5912 silly ADD node_modules/@jest/transform/node_modules/source-map
5913 silly ADD node_modules/@jest/transform/node_modules/has-flag
5914 silly ADD node_modules/@jest/transform/node_modules/color-name
5915 silly ADD node_modules/@jest/transform/node_modules/color-convert
5916 silly ADD node_modules/@jest/transform/node_modules/chalk
5917 silly ADD node_modules/@jest/transform/node_modules/ansi-styles
5918 silly ADD node_modules/@jest/test-sequencer
5919 silly ADD node_modules/@jest/test-result
5920 silly ADD node_modules/@jest/source-map
5921 silly ADD node_modules/@jest/source-map/node_modules/source-map
5922 silly ADD node_modules/@jest/reporters
5923 silly ADD node_modules/@jest/reporters/node_modules/supports-color
5924 silly ADD node_modules/@jest/reporters/node_modules/source-map
5925 silly ADD node_modules/@jest/reporters/node_modules/has-flag
5926 silly ADD node_modules/@jest/reporters/node_modules/color-name
5927 silly ADD node_modules/@jest/reporters/node_modules/color-convert
5928 silly ADD node_modules/@jest/reporters/node_modules/chalk
5929 silly ADD node_modules/@jest/reporters/node_modules/ansi-styles
5930 silly ADD node_modules/@jest/globals
5931 silly ADD node_modules/@jest/fake-timers
5932 silly ADD node_modules/@jest/environment
5933 silly ADD node_modules/@jest/core
5934 silly ADD node_modules/@jest/core/node_modules/supports-color
5935 silly ADD node_modules/@jest/core/node_modules/has-flag
5936 silly ADD node_modules/@jest/core/node_modules/color-name
5937 silly ADD node_modules/@jest/core/node_modules/color-convert
5938 silly ADD node_modules/@jest/core/node_modules/chalk
5939 silly ADD node_modules/@jest/core/node_modules/ansi-styles
5940 silly ADD node_modules/@jest/console
5941 silly ADD node_modules/@jest/console/node_modules/supports-color
5942 silly ADD node_modules/@jest/console/node_modules/has-flag
5943 silly ADD node_modules/@jest/console/node_modules/color-name
5944 silly ADD node_modules/@jest/console/node_modules/color-convert
5945 silly ADD node_modules/@jest/console/node_modules/chalk
5946 silly ADD node_modules/@jest/console/node_modules/ansi-styles
5947 silly ADD node_modules/@istanbuljs/schema
5948 silly ADD node_modules/@istanbuljs/load-nyc-config
5949 silly ADD node_modules/@istanbuljs/load-nyc-config/node_modules/p-locate
5950 silly ADD node_modules/@istanbuljs/load-nyc-config/node_modules/p-limit
5951 silly ADD node_modules/@istanbuljs/load-nyc-config/node_modules/locate-path
5952 silly ADD node_modules/@istanbuljs/load-nyc-config/node_modules/find-up
5953 silly ADD node_modules/@istanbuljs/load-nyc-config/node_modules/camelcase
5954 silly ADD node_modules/@humanwhocodes/object-schema
5955 silly ADD node_modules/@humanwhocodes/config-array
5956 silly ADD node_modules/@eslint/eslintrc
5957 silly ADD node_modules/@eslint/eslintrc/node_modules/type-fest
5958 silly ADD node_modules/@eslint/eslintrc/node_modules/js-yaml
5959 silly ADD node_modules/@eslint/eslintrc/node_modules/ignore
5960 silly ADD node_modules/@eslint/eslintrc/node_modules/globals
5961 silly ADD node_modules/@eslint/eslintrc/node_modules/argparse
5962 silly ADD node_modules/@eslint-community/regexpp
5963 silly ADD node_modules/@eslint-community/eslint-utils
5964 silly ADD node_modules/@emotion/weak-memoize
5965 silly ADD node_modules/@emotion/utils
5966 silly ADD node_modules/@emotion/unitless
5967 silly ADD node_modules/@emotion/styled
5968 silly ADD node_modules/@emotion/sheet
5969 silly ADD node_modules/@emotion/serialize
5970 silly ADD node_modules/@emotion/react
5971 silly ADD node_modules/@emotion/memoize
5972 silly ADD node_modules/@emotion/is-prop-valid
5973 silly ADD node_modules/@emotion/hash
5974 silly ADD node_modules/@emotion/cache
5975 silly ADD node_modules/@emotion/babel-plugin
5976 silly ADD node_modules/@emotion/babel-plugin/node_modules/escape-string-regexp
5977 silly ADD node_modules/@emotion/babel-plugin/node_modules/cosmiconfig
5978 silly ADD node_modules/@emotion/babel-plugin/node_modules/babel-plugin-macros
5979 silly ADD node_modules/@csstools/normalize.css
5980 silly ADD node_modules/@bcoe/v8-coverage
5981 silly ADD node_modules/@babel/types
5982 silly ADD node_modules/@babel/traverse
5983 silly ADD node_modules/@babel/template
5984 silly ADD node_modules/@babel/runtime
5985 silly ADD node_modules/@babel/preset-typescript
5986 silly ADD node_modules/@babel/preset-react
5987 silly ADD node_modules/@babel/preset-modules
5988 silly ADD node_modules/@babel/preset-env
5989 silly ADD node_modules/@babel/preset-env/node_modules/semver
5990 silly ADD node_modules/@babel/plugin-transform-unicode-regex
5991 silly ADD node_modules/@babel/plugin-transform-unicode-escapes
5992 silly ADD node_modules/@babel/plugin-transform-typescript
5993 silly ADD node_modules/@babel/plugin-transform-typeof-symbol
5994 silly ADD node_modules/@babel/plugin-transform-template-literals
5995 silly ADD node_modules/@babel/plugin-transform-sticky-regex
5996 silly ADD node_modules/@babel/plugin-transform-spread
5997 silly ADD node_modules/@babel/plugin-transform-shorthand-properties
5998 silly ADD node_modules/@babel/plugin-transform-runtime
5999 silly ADD node_modules/@babel/plugin-transform-runtime/node_modules/semver
6000 silly ADD node_modules/@babel/plugin-transform-runtime/node_modules/babel-plugin-polyfill-regenerator
6001 silly ADD node_modules/@babel/plugin-transform-runtime/node_modules/babel-plugin-polyfill-corejs3
6002 silly ADD node_modules/@babel/plugin-transform-reserved-words
6003 silly ADD node_modules/@babel/plugin-transform-regenerator
6004 silly ADD node_modules/@babel/plugin-transform-react-pure-annotations
6005 silly ADD node_modules/@babel/plugin-transform-react-jsx-development
6006 silly ADD node_modules/@babel/plugin-transform-react-jsx
6007 silly ADD node_modules/@babel/plugin-transform-react-display-name
6008 silly ADD node_modules/@babel/plugin-transform-react-constant-elements
6009 silly ADD node_modules/@babel/plugin-transform-property-literals
6010 silly ADD node_modules/@babel/plugin-transform-parameters
6011 silly ADD node_modules/@babel/plugin-transform-object-super
6012 silly ADD node_modules/@babel/plugin-transform-new-target
6013 silly ADD node_modules/@babel/plugin-transform-named-capturing-groups-regex
6014 silly ADD node_modules/@babel/plugin-transform-modules-umd
6015 silly ADD node_modules/@babel/plugin-transform-modules-systemjs
6016 silly ADD node_modules/@babel/plugin-transform-modules-commonjs
6017 silly ADD node_modules/@babel/plugin-transform-modules-amd
6018 silly ADD node_modules/@babel/plugin-transform-member-expression-literals
6019 silly ADD node_modules/@babel/plugin-transform-literals
6020 silly ADD node_modules/@babel/plugin-transform-function-name
6021 silly ADD node_modules/@babel/plugin-transform-for-of
6022 silly ADD node_modules/@babel/plugin-transform-flow-strip-types
6023 silly ADD node_modules/@babel/plugin-transform-exponentiation-operator
6024 silly ADD node_modules/@babel/plugin-transform-duplicate-keys
6025 silly ADD node_modules/@babel/plugin-transform-dotall-regex
6026 silly ADD node_modules/@babel/plugin-transform-destructuring
6027 silly ADD node_modules/@babel/plugin-transform-computed-properties
6028 silly ADD node_modules/@babel/plugin-transform-classes
6029 silly ADD node_modules/@babel/plugin-transform-block-scoping
6030 silly ADD node_modules/@babel/plugin-transform-block-scoped-functions
6031 silly ADD node_modules/@babel/plugin-transform-async-to-generator
6032 silly ADD node_modules/@babel/plugin-transform-arrow-functions
6033 silly ADD node_modules/@babel/plugin-syntax-typescript
6034 silly ADD node_modules/@babel/plugin-syntax-top-level-await
6035 silly ADD node_modules/@babel/plugin-syntax-private-property-in-object
6036 silly ADD node_modules/@babel/plugin-syntax-optional-chaining
6037 silly ADD node_modules/@babel/plugin-syntax-optional-catch-binding
6038 silly ADD node_modules/@babel/plugin-syntax-object-rest-spread
6039 silly ADD node_modules/@babel/plugin-syntax-numeric-separator
6040 silly ADD node_modules/@babel/plugin-syntax-nullish-coalescing-operator
6041 silly ADD node_modules/@babel/plugin-syntax-logical-assignment-operators
6042 silly ADD node_modules/@babel/plugin-syntax-jsx
6043 silly ADD node_modules/@babel/plugin-syntax-json-strings
6044 silly ADD node_modules/@babel/plugin-syntax-import-meta
6045 silly ADD node_modules/@babel/plugin-syntax-flow
6046 silly ADD node_modules/@babel/plugin-syntax-export-namespace-from
6047 silly ADD node_modules/@babel/plugin-syntax-dynamic-import
6048 silly ADD node_modules/@babel/plugin-syntax-decorators
6049 silly ADD node_modules/@babel/plugin-syntax-class-static-block
6050 silly ADD node_modules/@babel/plugin-syntax-class-properties
6051 silly ADD node_modules/@babel/plugin-syntax-bigint
6052 silly ADD node_modules/@babel/plugin-syntax-async-generators
6053 silly ADD node_modules/@babel/plugin-proposal-unicode-property-regex
6054 silly ADD node_modules/@babel/plugin-proposal-private-property-in-object
6055 silly ADD node_modules/@babel/plugin-proposal-private-methods
6056 silly ADD node_modules/@babel/plugin-proposal-optional-chaining
6057 silly ADD node_modules/@babel/plugin-proposal-optional-catch-binding
6058 silly ADD node_modules/@babel/plugin-proposal-object-rest-spread
6059 silly ADD node_modules/@babel/plugin-proposal-numeric-separator
6060 silly ADD node_modules/@babel/plugin-proposal-nullish-coalescing-operator
6061 silly ADD node_modules/@babel/plugin-proposal-logical-assignment-operators
6062 silly ADD node_modules/@babel/plugin-proposal-json-strings
6063 silly ADD node_modules/@babel/plugin-proposal-export-namespace-from
6064 silly ADD node_modules/@babel/plugin-proposal-dynamic-import
6065 silly ADD node_modules/@babel/plugin-proposal-decorators
6066 silly ADD node_modules/@babel/plugin-proposal-class-static-block
6067 silly ADD node_modules/@babel/plugin-proposal-class-properties
6068 silly ADD node_modules/@babel/plugin-proposal-async-generator-functions
6069 silly ADD node_modules/@babel/plugin-bugfix-v8-spread-parameters-in-optional-chaining
6070 silly ADD node_modules/@babel/plugin-bugfix-safari-id-destructuring-collision-in-function-expression
6071 silly ADD node_modules/@babel/parser
6072 silly ADD node_modules/@babel/highlight
6073 silly ADD node_modules/@babel/helpers
6074 silly ADD node_modules/@babel/helper-wrap-function
6075 silly ADD node_modules/@babel/helper-validator-option
6076 silly ADD node_modules/@babel/helper-validator-identifier
6077 silly ADD node_modules/@babel/helper-string-parser
6078 silly ADD node_modules/@babel/helper-split-export-declaration
6079 silly ADD node_modules/@babel/helper-skip-transparent-expression-wrappers
6080 silly ADD node_modules/@babel/helper-simple-access
6081 silly ADD node_modules/@babel/helper-replace-supers
6082 silly ADD node_modules/@babel/helper-remap-async-to-generator
6083 silly ADD node_modules/@babel/helper-plugin-utils
6084 silly ADD node_modules/@babel/helper-optimise-call-expression
6085 silly ADD node_modules/@babel/helper-module-transforms
6086 silly ADD node_modules/@babel/helper-module-imports
6087 silly ADD node_modules/@babel/helper-member-expression-to-functions
6088 silly ADD node_modules/@babel/helper-hoist-variables
6089 silly ADD node_modules/@babel/helper-function-name
6090 silly ADD node_modules/@babel/helper-explode-assignable-expression
6091 silly ADD node_modules/@babel/helper-environment-visitor
6092 silly ADD node_modules/@babel/helper-define-polyfill-provider
6093 silly ADD node_modules/@babel/helper-define-polyfill-provider/node_modules/semver
6094 silly ADD node_modules/@babel/helper-create-regexp-features-plugin
6095 silly ADD node_modules/@babel/helper-create-class-features-plugin
6096 silly ADD node_modules/@babel/helper-compilation-targets
6097 silly ADD node_modules/@babel/helper-compilation-targets/node_modules/yallist
6098 silly ADD node_modules/@babel/helper-compilation-targets/node_modules/semver
6099 silly ADD node_modules/@babel/helper-compilation-targets/node_modules/lru-cache
6100 silly ADD node_modules/@babel/helper-builder-binary-assignment-operator-visitor
6101 silly ADD node_modules/@babel/helper-annotate-as-pure
6102 silly ADD node_modules/@babel/generator
6103 silly ADD node_modules/@babel/eslint-parser
6104 silly ADD node_modules/@babel/eslint-parser/node_modules/semver
6105 silly ADD node_modules/@babel/eslint-parser/node_modules/eslint-visitor-keys
6106 silly ADD node_modules/@babel/core
6107 silly ADD node_modules/@babel/core/node_modules/semver
6108 silly ADD node_modules/@babel/compat-data
6109 silly ADD node_modules/@babel/code-frame
6110 verbose cwd /home/student_03_fe23288f6891/monolith-to-microservices/react-app
6111 verbose os Linux 6.6.137+
6112 verbose node v24.15.0
6113 verbose npm  v11.14.1
6114 verbose exit 0
6115 info ok
